priority_rank,review_queue_id,review_source,review_role,source_feature_id,graph_edge_id,mapping_status,mapping_distance_m,source_year,bridge_edge,articulation_adjacent,alternative_ratio,linked_candidate_evidence_layers,temporal_gap_years,structural_score_40,spatial_uncertainty_score_30,evidence_gap_score_20,temporal_risk_score_10,review_priority_score_100,priority_band,status
1,RQ-2d466136652526a8d4a0,topographic_map_unmatched,stairs_candidate,1000037612047C03910000000000000069,OSM_E_1417492465_a7cdf32987,unmatched,12.568,2025,True,True,,0,1,40,30,20,3,93,high,advisory_unvalidated_priority; pending; verified=false; graph_update_allowed=false
2,RQ-95039b28e054e12454e3,topographic_map_unmatched,stairs_candidate,1000037612047C03910000000000000108,OSM_E_1323539454_861f3a9b41,unmatched,10.97,2025,True,True,,0,1,40,30,20,3,93,high,advisory_unvalidated_priority; pending; verified=false; graph_update_allowed=false
3,RQ-edd888a3d474beeb63ce,topographic_map_unmatched,stairs_candidate,1000037612047C03910000000000000128,OSM_E_1323539454_861f3a9b41,unmatched,13.105,2025,True,True,,0,1,40,30,20,3,93,high,advisory_unvalidated_priority; pending; verified=false; graph_update_allowed=false
4,RQ-e70bbe3a740ac8b30723,topographic_map_unmatched,pedestrian_area,1000037612037A00310000000000000018,OSM_E_969817614_15ac4285f9,unmatched,8.932,2025,True,True,,0,1,40,28,20,3,91,high,advisory_unvalidated_priority; pending; verified=false; graph_update_allowed=false
5,RQ-6dcf57a0a23e43c5c8ae,topographic_map,pedestrian_area,1000376120996A00310000000000000002,OSM_E_484348867_501ff2491d,ambiguous,5.313,2022,True,True,,0,4,40,16,20,10,86,high,advisory_unvalidated_priority; pending; verified=false; graph_update_allowed=false
6,RQ-3f9de179b52895daa555,topographic_map,pedestrian_area,1000376120994A00310000000000000037,OSM_E_380194322_5a689b96d7,ambiguous,2.709,2022,True,True,,0,4,40,12,20,10,82,high,advisory_unvalidated_priority; pending; verified=false; graph_update_allowed=false
7,RQ-d4c91a899507a2f9d96b,topographic_map,pedestrian_area,10000376120995A0031000000000000047,OSM_E_1469155089_74ab581423,ambiguous,0.0,2022,True,True,,0,4,40,12,20,10,82,high,advisory_unvalidated_priority; pending; verified=false; graph_update_allowed=false
8,RQ-0bd11a3cbd09102371a0,topographic_map_unmatched,pedestrian_area,1000037612048A00310000000000000794,OSM_E_318699995-318699998-685069353_3958fc4f58,unmatched,13.077,2025,True,True,,2,1,40,30,8,3,81,high,advisory_unvalidated_priority; pending; verified=false; graph_update_allowed=false
9,RQ-722cf9c14d4247d26cd4,topographic_map_unmatched,stairs_candidate,1000037612038C03910000000000000091,OSM_E_481148746_d88caa7016,unmatched,14.079,2025,True,True,,2,1,40,30,8,3,81,high,advisory_unvalidated_priority; pending; verified=false; graph_update_allowed=false
10,RQ-e7ec9f56ed0bc0852af3,topographic_map_unmatched,stairs_candidate,1000037612048C03910000000000000192,OSM_E_38609097_9fdc599159,unmatched,14.799,2025,True,True,,2,1,40,30,8,3,81,high,advisory_unvalidated_priority; pending; verified=false; graph_update_allowed=false
11,RQ-198726157c713d9c011e,topographic_map_unmatched,stairs_candidate,1000376120996C03910000000000000013,OSM_E_1467935154_7bb6921e0f,unmatched,13.23,2022,True,True,,3,4,40,30,0,10,80,high,advisory_unvalidated_priority; pending; verified=false; graph_update_allowed=false
12,RQ-2de3d400a4ab0bbf3a72,topographic_map_unmatched,underground_entrance_candidate,1000376120996C04610000000000000001,OSM_E_318699997_d4358e9136,unmatched,11.512,2022,False,True,5.6717,0,4,20,30,20,10,80,high,advisory_unvalidated_priority; pending; verified=false; graph_update_allowed=false
13,RQ-d8b82518f9898fbfa77b,topographic_map_unmatched,stairs_candidate,1000376120996C03910000000000000002,OSM_E_1467935154_7bb6921e0f,unmatched,12.826,2022,True,True,,3,4,40,30,0,10,80,high,advisory_unvalidated_priority; pending; verified=false; graph_update_allowed=false
14,RQ-ecbb48a8e76e12380751,topographic_map_unmatched,crossing_candidate,1000376120996A00410000000000000002,OSM_E_318699994_7e88334f11,unmatched,10.258,2022,False,True,11.9596,0,4,20,30,20,10,80,high,advisory_unvalidated_priority; pending; verified=false; graph_update_allowed=false
15,RQ-3333a6e6099dafdda45a,topographic_map,stairs_candidate,1000037612047C03910000000000000119,OSM_E_1323539454_861f3a9b41,ambiguous,3.029,2025,True,True,,0,1,40,16,20,3,79,high,advisory_unvalidated_priority; pending; verified=false; graph_update_allowed=false
16,RQ-bd8e8d8cf73074605a85,topographic_map,stairs_candidate,1000037612047C03910000000000000090,OSM_E_379904055_d0cd1f0846,ambiguous,5.379,2025,True,True,,0,1,40,16,20,3,79,high,advisory_unvalidated_priority; pending; verified=false; graph_update_allowed=false
17,RQ-17d50e4aaa7152c99242,topographic_map_unmatched,pedestrian_area,10000376120995A0031000000000000001,OSM_E_380194914_668d24ec90,unmatched,6.399,2022,True,True,,3,4,40,28,0,10,78,high,advisory_unvalidated_priority; pending; verified=false; graph_update_allowed=false
18,RQ-497b90e78afd91830c24,dem,coarse_context_only,OSM_E_1468486458_909d9db72e,OSM_E_1468486458_909d9db72e,insufficient_resolution,,2025,True,True,,0,1,40,15,20,3,78,high,advisory_unvalidated_priority; pending; verified=false; graph_update_allowed=false
19,RQ-2cfcb217a55a45b25cd2,topographic_map_unmatched,stairs_candidate,1000037612048C03910000000000000160,OSM_E_1312936379_78fd5bc82b,unmatched,13.533,2025,True,True,,3,1,40,30,0,3,73,high,advisory_unvalidated_priority; pending; verified=false; graph_update_allowed=false
20,RQ-f3d90463c786daec4843,topographic_map_unmatched,stairs_candidate,1000037612038C03910000000000000067,OSM_E_1467935154_7bb6921e0f,unmatched,13.23,2025,True,True,,3,1,40,30,0,3,73,high,advisory_unvalidated_priority; pending; verified=false; graph_update_allowed=false
21,RQ-2a1c3124c5ab3600dd3b,topographic_map_unmatched,stairs_candidate,1000037612047C03910000000000000116,OSM_E_379904066_b76b13ac6e,unmatched,8.277,2025,True,True,,3,1,40,28,0,3,71,high,advisory_unvalidated_priority; pending; verified=false; graph_update_allowed=false
22,RQ-43cdddce98b3c3a5423b,topographic_map_unmatched,stairs_candidate,1000037612048C03910000000000000222,OSM_E_1312936379_78fd5bc82b,unmatched,8.918,2025,True,True,,3,1,40,28,0,3,71,high,advisory_unvalidated_priority; pending; verified=false; graph_update_allowed=false
23,RQ-e7a48ac2856923c272d9,topographic_map_unmatched,pedestrian_area,1000037612038A00310000000000000180,OSM_E_1467935154_7bb6921e0f,unmatched,8.985,2025,True,True,,3,1,40,28,0,3,71,high,advisory_unvalidated_priority; pending; verified=false; graph_update_allowed=false
24,RQ-0d57bc3ee5e8e38369c3,topographic_map_unmatched,crossing_candidate,1000376120994A00410000000000000025,OSM_E_915477950_ab67cf4d52,unmatched,14.863,2022,False,False,10.0941,0,4,10,30,20,10,70,high,advisory_unvalidated_priority; pending; verified=false; graph_update_allowed=false
25,RQ-04997e05987bc52845ee,topographic_map_unmatched,pedestrian_area,1000037612048A00310000000000000547,OSM_E_318577513_10f292e6bc,unmatched,8.36,2025,False,True,4.3094,0,1,17,28,20,3,68,high,advisory_unvalidated_priority; pending; verified=false; graph_update_allowed=false
26,RQ-8a2b9a64eba8b1519676,topographic_map_unmatched,pedestrian_area,10000376120995A0031000000000000054,OSM_E_1469144040_c0160a1a70,unmatched,7.667,2022,False,True,1.0306,0,4,10,28,20,10,68,high,advisory_unvalidated_priority; pending; verified=false; graph_update_allowed=false
27,RQ-9ba9a0aaffdbc0195b7a,topographic_map,crossing_candidate,1000376120996A00410000000000000020,OSM_E_878652488-878652489-878652491-878652492-878652539_585a2d0492,ambiguous,0.0,2022,True,False,,1,4,30,12,15,10,67,high,advisory_unvalidated_priority; pending; verified=false; graph_update_allowed=false
28,RQ-2c88e815c5d3a001519e,topographic_map,stairs_candidate,1000376120996C03910000000000000014,OSM_E_1467935154_7bb6921e0f,ambiguous,3.552,2022,True,True,,3,4,40,16,0,10,66,high,advisory_unvalidated_priority; pending; verified=false; graph_update_allowed=false
29,RQ-7a274dde62a5bd3a9bc2,dem,coarse_context_only,OSM_E_379904050_58d3532b9b,OSM_E_379904050_58d3532b9b,insufficient_resolution,,2025,True,True,,2,1,40,15,8,3,66,high,advisory_unvalidated_priority; pending; verified=false; graph_update_allowed=false
30,RQ-041c86fc498d7c9cdfe5,topographic_map,stairs_candidate,1000037612038C03910000000000000001,OSM_E_998463203_2e001477c8,unique,0.444,2025,True,True,,1,4,40,0,15,10,65,high,advisory_unvalidated_priority; pending; verified=false; graph_update_allowed=false
31,RQ-267c3577dcacb7350519,topographic_map,stairs_candidate,1000037612038C03910000000000000061,OSM_E_380698409_5059255537,unique,0.0,2025,True,True,,1,4,40,0,15,10,65,high,advisory_unvalidated_priority; pending; verified=false; graph_update_allowed=false
32,RQ-7f8a424de5c783537b78,topographic_map,stairs_candidate,1000037612048C03910000000000000005,OSM_E_998463203_2e001477c8,unique,0.866,2025,True,True,,1,4,40,0,15,10,65,high,advisory_unvalidated_priority; pending; verified=false; graph_update_allowed=false
33,RQ-8490a585f690f727e06d,topographic_map,stairs_candidate,1000037612038C03910000000000000014,OSM_E_998463217_8582ee653a,unique,0.0,2025,True,True,,1,4,40,0,15,10,65,high,advisory_unvalidated_priority; pending; verified=false; graph_update_allowed=false
34,RQ-8934c92889199a644e85,topographic_map,stairs_candidate,1000376121406C03910000000000000001,OSM_E_998463203_2e001477c8,unique,0.866,2022,True,True,,1,4,40,0,15,10,65,high,advisory_unvalidated_priority; pending; verified=false; graph_update_allowed=false
35,RQ-8fdb886ad16e2157716a,topographic_map,stairs_candidate,1000376121406C03910000000000000002,OSM_E_601304174-601304175-601304176-998463205_c3d435fcdb,unique,0.0,2022,True,True,,1,4,40,0,15,10,65,high,advisory_unvalidated_priority; pending; verified=false; graph_update_allowed=false
36,RQ-9c51afccc3f8ab7cc0fc,topographic_map,pedestrian_area,1000037612037A00310000000000000566,OSM_E_469912230-969817606_8db6e62378,unique,0.881,2025,True,True,,1,4,40,0,15,10,65,high,advisory_unvalidated_priority; pending; verified=false; graph_update_allowed=false
37,RQ-ade89c728a32eba7fd64,topographic_map,stairs_candidate,1000037612048C03910000000000000103,OSM_E_601304174-601304175-601304176-998463205_c3d435fcdb,unique,0.0,2025,True,True,,1,4,40,0,15,10,65,high,advisory_unvalidated_priority; pending; verified=false; graph_update_allowed=false
38,RQ-aec6d4ad44687f2160b1,topographic_map,stairs_candidate,1000376120996C03910000000000000001,OSM_E_998463203_2e001477c8,unique,0.444,2022,True,True,,1,4,40,0,15,10,65,high,advisory_unvalidated_priority; pending; verified=false; graph_update_allowed=false
39,RQ-c8076cfce03b2dd5e16e,dem,coarse_context_only,OSM_E_380194914_668d24ec90,OSM_E_380194914_668d24ec90,insufficient_resolution,,2025,True,True,,3,4,40,15,0,10,65,high,advisory_unvalidated_priority; pending; verified=false; graph_update_allowed=false
40,RQ-f75025e0c79c1436dce7,topographic_map,pedestrian_area,1000376121406A00310000000000000032,OSM_E_998463203_2e001477c8,unique,0.0,2022,True,True,,1,4,40,0,15,10,65,high,advisory_unvalidated_priority; pending; verified=false; graph_update_allowed=false
41,RQ-320cb901aeb61e8d0604,topographic_map_unmatched,pedestrian_area,1000037612037A00310000000000000588,OSM_E_380184682_b0cd27b32e,unmatched,8.216,2025,False,False,5.3946,1,4,10,28,15,10,63,high,advisory_unvalidated_priority; pending; verified=false; graph_update_allowed=false
42,RQ-8abbc6985168c7e30a7c,topographic_map_unmatched,pedestrian_area,1000037612038A00310000000000000205,OSM_E_318699994_17e31cb39b,unmatched,12.674,2025,False,False,8.1647,0,1,10,30,20,3,63,high,advisory_unvalidated_priority; pending; verified=false; graph_update_allowed=false
43,RQ-fa8360959b3ebc83a989,topographic_map,pedestrian_area,10000376120995A0031000000000000057,OSM_E_380194914_668d24ec90,ambiguous,2.625,2022,True,True,,3,4,40,12,0,10,62,high,advisory_unvalidated_priority; pending; verified=false; graph_update_allowed=false
44,RQ-989b42ee7969f206b23c,public_crosswalk,unmatched,2024121430,OSM_E_318699995-318699998-685069353_3958fc4f58,unique,13.118,2026,True,True,,2,1,40,10,8,3,61,high,advisory_unvalidated_priority; pending; verified=false; graph_update_allowed=false
45,RQ-3a18eef11187a3d4c18c,topographic_map_unmatched,crossing_candidate,1000376120994A00410000000000000008,,unmatched,,2022,False,False,,0,4,0,30,20,10,60,high,advisory_unvalidated_priority; pending; verified=false; graph_update_allowed=false
46,RQ-5ccc8c1618aa4d5406a1,topographic_map_unmatched,crossing_candidate,1000376120996A00410000000000000022,,unmatched,,2022,False,False,,0,4,0,30,20,10,60,high,advisory_unvalidated_priority; pending; verified=false; graph_update_allowed=false
47,RQ-7bd25adba306a8ade06a,topographic_map_unmatched,crossing_candidate,1000376120994A00410000000000000014,,unmatched,,2022,False,False,,0,4,0,30,20,10,60,high,advisory_unvalidated_priority; pending; verified=false; graph_update_allowed=false
48,RQ-b83ecd8690af33529f9c,topographic_map_unmatched,pedestrian_area,1000376120994A00310000000000000033,,unmatched,,2022,False,False,,0,4,0,30,20,10,60,high,advisory_unvalidated_priority; pending; verified=false; graph_update_allowed=false
49,RQ-e4e138a5cbb7082459ec,topographic_map_unmatched,crossing_candidate,1000376120995A00410000000000000031,,unmatched,,2022,False,False,,0,4,0,30,20,10,60,high,advisory_unvalidated_priority; pending; verified=false; graph_update_allowed=false
50,RQ-0ae864c0f1527377e7f3,topographic_map_unmatched,crossing_candidate,1000376120995A00410000000000000010,OSM_E_380184681_d31ec1cff8,unmatched,12.295,2022,False,False,2.1762,1,4,4,30,15,10,59,medium,advisory_unvalidated_priority; pending; verified=false; graph_update_allowed=false
51,RQ-cf4bffe87253787f2c34,topographic_map,stairs_candidate,1000037612048C03910000000000000113,OSM_E_472055677_1b0ff8ab2b,ambiguous,4.55,2025,False,True,7.4258,0,1,20,16,20,3,59,medium,advisory_unvalidated_priority; pending; verified=false; graph_update_allowed=false
52,RQ-e5b4db0b149286a99588,topographic_map,pedestrian_area,1000037612047A00310000000000000044,OSM_E_82908648_dd41f861af,ambiguous,3.96,2025,True,True,,3,1,40,16,0,3,59,medium,advisory_unvalidated_priority; pending; verified=false; graph_update_allowed=false
53,RQ-0ea04d4ba2f44a45035d,hdmap,concrete_curb_line,C3243I005070,,unmatched,,2023,False,False,,0,3,0,30,20,8,58,medium,advisory_unvalidated_priority; pending; verified=false; graph_update_allowed=false
54,RQ-168f3b3a4d6083315901,topographic_map_unmatched,pedestrian_area,1000037612048A00310000000000000231,OSM_E_318729248_3100c66ab9,unmatched,9.823,2025,False,False,4.9385,0,1,7,28,20,3,58,medium,advisory_unvalidated_priority; pending; verified=false; graph_update_allowed=false
55,RQ-2206499f024211496137,hdmap,sidewalk_polygon,A4243I005116,,unmatched,,2023,False,False,,0,3,0,30,20,8,58,medium,advisory_unvalidated_priority; pending; verified=false; graph_update_allowed=false
56,RQ-31e912c67774b0ddce5d,hdmap,concrete_curb_line,C3243I005137,,unmatched,,2023,False,False,,0,3,0,30,20,8,58,medium,advisory_unvalidated_priority; pending; verified=false; graph_update_allowed=false
57,RQ-32cfffd6ea5d1a4ee15a,topographic_map_unmatched,pedestrian_area,1000037612038A00310000000000000198,OSM_E_380698412_3c9b499ae5,unmatched,6.707,2025,False,True,14.6539,3,4,20,28,0,10,58,medium,advisory_unvalidated_priority; pending; verified=false; graph_update_allowed=false
58,RQ-46d20293077cf525e1c2,hdmap,crosswalk_polygon,B3243I005519,,unmatched,,2023,False,False,,0,3,0,30,20,8,58,medium,advisory_unvalidated_priority; pending; verified=false; graph_update_allowed=false
59,RQ-68494d0a0f2eed87ba80,hdmap,crosswalk_polygon,B3243I005520,,unmatched,,2023,False,False,,0,3,0,30,20,8,58,medium,advisory_unvalidated_priority; pending; verified=false; graph_update_allowed=false
60,RQ-6f1c4a56bdc0877b12d4,topographic_map,stairs_candidate,1000037612047C03910000000000000070,OSM_E_82908648_bc495b4b83,unique,1.198,2025,True,True,,1,1,40,0,15,3,58,medium,advisory_unvalidated_priority; pending; verified=false; graph_update_allowed=false
61,RQ-a7590a21d8692f7f7659,dem,insufficient_resolution,OSM_E_484348863_2e390b1eda,OSM_E_484348863_2e390b1eda,insufficient_resolution,,2025,False,True,16.759,0,1,20,15,20,3,58,medium,advisory_unvalidated_priority; pending; verified=false; graph_update_allowed=false
62,RQ-aec419003acc2b5d05c8,hdmap,sidewalk_polygon,A4243I005117,,unmatched,,2023,False,False,,0,3,0,30,20,8,58,medium,advisory_unvalidated_priority; pending; verified=false; graph_update_allowed=false
63,RQ-bcf20d362f1ced86fe19,hdmap,crosswalk_polygon,B3243I005508,,unmatched,,2023,False,False,,0,3,0,30,20,8,58,medium,advisory_unvalidated_priority; pending; verified=false; graph_update_allowed=false
64,RQ-bd755177129b1727a378,hdmap,crosswalk_polygon,B3243I005530,,unmatched,,2023,False,False,,0,3,0,30,20,8,58,medium,advisory_unvalidated_priority; pending; verified=false; graph_update_allowed=false
65,RQ-ccd29da0f85476dce0e2,topographic_map_unmatched,pedestrian_area,1000037612048A00310000000000000516,OSM_E_318577513_268f213849,unmatched,14.484,2025,False,True,6.759,3,3,20,30,0,8,58,medium,advisory_unvalidated_priority; pending; verified=false; graph_update_allowed=false
66,RQ-eea347e3962eb6c1c458,hdmap,sidewalk_polygon,A4243I005095,,unmatched,,2023,False,False,,0,3,0,30,20,8,58,medium,advisory_unvalidated_priority; pending; verified=false; graph_update_allowed=false
67,RQ-f4dc091f69ee9419ab66,hdmap,crosswalk_polygon,B3243I005507,,unmatched,,2023,False,False,,0,3,0,30,20,8,58,medium,advisory_unvalidated_priority; pending; verified=false; graph_update_allowed=false
68,RQ-f79ad8f15ceca1f61825,topographic_map,stairs_candidate,1000037612038C03910000000000000077,OSM_E_878652563_76022ceea5,unique,0.0,2025,True,True,,1,1,40,0,15,3,58,medium,advisory_unvalidated_priority; pending; verified=false; graph_update_allowed=false
69,RQ-fa6ff6f1901b1490391a,hdmap,concrete_curb_line,C3243I005136,,unmatched,,2023,False,False,,0,3,0,30,20,8,58,medium,advisory_unvalidated_priority; pending; verified=false; graph_update_allowed=false
70,RQ-047afaba2ffba7a75e9d,topographic_map_unmatched,stairs_candidate,1000037612048C03910000000000000171,OSM_E_379904084_0a80ba13bf,unmatched,10.059,2025,False,False,1.6782,0,1,4,30,20,3,57,medium,advisory_unvalidated_priority; pending; verified=false; graph_update_allowed=false
71,RQ-132214ee2b7f72c4d0d9,topographic_map_unmatched,crossing_candidate,1000376120995A00410000000000000016,OSM_E_915477947_d2ce447501,unmatched,10.062,2022,False,True,4.3473,3,4,17,30,0,10,57,medium,advisory_unvalidated_priority; pending; verified=false; graph_update_allowed=false
72,RQ-3340a40400630a103b97,topographic_map_unmatched,pedestrian_area,1000037612037A00310000000000000524,OSM_E_915477945_a964c69b73,unmatched,11.436,2025,False,True,4.3327,3,4,17,30,0,10,57,medium,advisory_unvalidated_priority; pending; verified=false; graph_update_allowed=false
73,RQ-16288ac5d8dd7b5b717f,topographic_map_unmatched,pedestrian_area,10000376120995A0031000000000000010,OSM_E_915477947_d2ce447501,unmatched,8.777,2022,False,True,4.3473,3,4,17,28,0,10,55,medium,advisory_unvalidated_priority; pending; verified=false; graph_update_allowed=false
74,RQ-1a698c601f9164b8a18f,topographic_map_unmatched,crossing_candidate,1000376120995A00410000000000000021,OSM_E_915477947_d2ce447501,unmatched,7.694,2022,False,True,4.3473,3,4,17,28,0,10,55,medium,advisory_unvalidated_priority; pending; verified=false; graph_update_allowed=false
75,RQ-31459920cbf826264ca2,topographic_map_unmatched,crossing_candidate,1000376120995A00410000000000000033,OSM_E_915477947_d2ce447501,unmatched,6.1,2022,False,True,4.3473,3,4,17,28,0,10,55,medium,advisory_unvalidated_priority; pending; verified=false; graph_update_allowed=false
76,RQ-594d6939206eab41fe13,topographic_map_unmatched,crossing_candidate,1000376120995A00410000000000000032,OSM_E_915477947_d2ce447501,unmatched,6.196,2022,False,True,4.3473,3,4,17,28,0,10,55,medium,advisory_unvalidated_priority; pending; verified=false; graph_update_allowed=false
77,RQ-5c219646d698654ac9ac,dem,insufficient_resolution,OSM_E_380073441_a6687fcd9d,OSM_E_380073441_a6687fcd9d,insufficient_resolution,,2025,False,True,3.1411,0,1,17,15,20,3,55,medium,advisory_unvalidated_priority; pending; verified=false; graph_update_allowed=false
78,RQ-9e5ebe5ebe4404c2b7d8,topographic_map,stairs_candidate,1000376120996C03910000000000000010,OSM_E_998463214-998463215-998463216_f14383982b,unique,0.0,2022,True,False,,1,4,30,0,15,10,55,medium,advisory_unvalidated_priority; pending; verified=false; graph_update_allowed=false
79,RQ-a609676efa5c884e988a,topographic_map,stairs_candidate,1000376120996C03910000000000000009,OSM_E_998463214-998463215-998463216_f14383982b,unique,0.0,2022,True,False,,1,4,30,0,15,10,55,medium,advisory_unvalidated_priority; pending; verified=false; graph_update_allowed=false
80,RQ-a967bc34d05947e23550,dem,coarse_context_only,OSM_E_380035886_1a65ca067b,OSM_E_380035886_1a65ca067b,insufficient_resolution,,2025,False,True,3.6939,0,1,17,15,20,3,55,medium,advisory_unvalidated_priority; pending; verified=false; graph_update_allowed=false
81,RQ-ed2681ee1fe3327c0548,topographic_map_unmatched,crossing_candidate,1000376120996A00410000000000000006,OSM_E_380194918_b3c58d2501,unmatched,10.905,2022,False,True,2.3275,3,4,14,30,0,10,54,medium,advisory_unvalidated_priority; pending; verified=false; graph_update_allowed=false
82,RQ-f4621acf8763f24fae77,topographic_map_unmatched,pedestrian_area,1000376121406A00310000000000000022,OSM_E_82905077-927236592_098f581df5,unmatched,14.588,2022,False,True,2.0875,3,4,14,30,0,10,54,medium,advisory_unvalidated_priority; pending; verified=false; graph_update_allowed=false
83,RQ-0e418020f2ab9df7a1b5,topographic_map_unmatched,stairs_candidate,1000037612047C03910000000000000082,,unmatched,,2025,False,False,,0,1,0,30,20,3,53,medium,advisory_unvalidated_priority; pending; verified=false; graph_update_allowed=false
84,RQ-11690742ed91baff109f,orthophoto,orthophoto_crosswalk_visual_qa,2024121620,,unmatched,,2025,False,False,,0,1,0,30,20,3,53,medium,advisory_unvalidated_priority; pending; verified=false; graph_update_allowed=false
85,RQ-14cd9ee03c43ac233e16,orthophoto,orthophoto_crosswalk_visual_qa,2024121021,,unmatched,,2025,False,False,,0,1,0,30,20,3,53,medium,advisory_unvalidated_priority; pending; verified=false; graph_update_allowed=false
86,RQ-153e4b961beae494f07c,topographic_map_unmatched,pedestrian_area,1000037612048A00310000000000000550,,unmatched,,2025,False,False,,0,1,0,30,20,3,53,medium,advisory_unvalidated_priority; pending; verified=false; graph_update_allowed=false
87,RQ-191e1b8bcc556e86b4b9,topographic_map_unmatched,stairs_candidate,1000037612047C03910000000000000059,,unmatched,,2025,False,False,,0,1,0,30,20,3,53,medium,advisory_unvalidated_priority; pending; verified=false; graph_update_allowed=false
88,RQ-19af1f4af8f057efe1f9,topographic_map_unmatched,stairs_candidate,1000037612047C03910000000000000022,,unmatched,,2025,False,False,,0,1,0,30,20,3,53,medium,advisory_unvalidated_priority; pending; verified=false; graph_update_allowed=false
89,RQ-20afa7b5359f2cac1d8f,orthophoto,orthophoto_crosswalk_visual_qa,2024121619,,unmatched,,2025,False,False,,0,1,0,30,20,3,53,medium,advisory_unvalidated_priority; pending; verified=false; graph_update_allowed=false
90,RQ-213a331d06e503b79e94,topographic_map_unmatched,stairs_candidate,1000037612037C03910000000000000012,,unmatched,,2025,False,False,,0,1,0,30,20,3,53,medium,advisory_unvalidated_priority; pending; verified=false; graph_update_allowed=false
91,RQ-24601924f913c157bb22,topographic_map_unmatched,stairs_candidate,1000037612048C03910000000000000008,,unmatched,,2025,False,False,,0,1,0,30,20,3,53,medium,advisory_unvalidated_priority; pending; verified=false; graph_update_allowed=false
92,RQ-2d3c789a23b73e1dee8e,orthophoto,orthophoto_crosswalk_visual_qa,2024121596,,unmatched,,2025,False,False,,0,1,0,30,20,3,53,medium,advisory_unvalidated_priority; pending; verified=false; graph_update_allowed=false
93,RQ-2f99dda0b36c331b03bb,topographic_map_unmatched,stairs_candidate,1000037612047C03910000000000000127,,unmatched,,2025,False,False,,0,1,0,30,20,3,53,medium,advisory_unvalidated_priority; pending; verified=false; graph_update_allowed=false
94,RQ-43ddccbb7633de68fea6,topographic_map_unmatched,stairs_candidate,1000037612047C03910000000000000099,,unmatched,,2025,False,False,,0,1,0,30,20,3,53,medium,advisory_unvalidated_priority; pending; verified=false; graph_update_allowed=false
95,RQ-4e9b76336a7ba44ffcad,orthophoto,orthophoto_crosswalk_visual_qa,2024120848,,unmatched,,2025,False,False,,0,1,0,30,20,3,53,medium,advisory_unvalidated_priority; pending; verified=false; graph_update_allowed=false
96,RQ-5bb7141cf73a2f124086,topographic_map_unmatched,stairs_candidate,1000037612038C03910000000000000075,,unmatched,,2025,False,False,,0,1,0,30,20,3,53,medium,advisory_unvalidated_priority; pending; verified=false; graph_update_allowed=false
97,RQ-606b00ce421b75e703f2,orthophoto,orthophoto_crosswalk_visual_qa,2024120865,,unmatched,,2025,False,False,,0,1,0,30,20,3,53,medium,advisory_unvalidated_priority; pending; verified=false; graph_update_allowed=false
98,RQ-6583b55e31bd16a7c4dc,topographic_map_unmatched,stairs_candidate,1000037612048C03910000000000000177,,unmatched,,2025,False,False,,0,1,0,30,20,3,53,medium,advisory_unvalidated_priority; pending; verified=false; graph_update_allowed=false
99,RQ-8058ec87a3b45fd104a6,topographic_map_unmatched,stairs_candidate,1000037612037C03910000000000000032,,unmatched,,2025,False,False,,0,1,0,30,20,3,53,medium,advisory_unvalidated_priority; pending; verified=false; graph_update_allowed=false
100,RQ-83db103dba296bd740c3,orthophoto,orthophoto_crosswalk_visual_qa,2024121075,,unmatched,,2025,False,False,,0,1,0,30,20,3,53,medium,advisory_unvalidated_priority; pending; verified=false; graph_update_allowed=false
101,RQ-8b304f88c2bdcb596812,orthophoto,orthophoto_crosswalk_visual_qa,2024121425,,unmatched,,2025,False,False,,0,1,0,30,20,3,53,medium,advisory_unvalidated_priority; pending; verified=false; graph_update_allowed=false
102,RQ-a4d176d3b0f333855fc1,orthophoto,orthophoto_crosswalk_visual_qa,2024121615,,unmatched,,2025,False,False,,0,1,0,30,20,3,53,medium,advisory_unvalidated_priority; pending; verified=false; graph_update_allowed=false
103,RQ-a975da0d358d05148220,topographic_map_unmatched,pedestrian_area,1000037612048A00310000000000000045,,unmatched,,2025,False,False,,0,1,0,30,20,3,53,medium,advisory_unvalidated_priority; pending; verified=false; graph_update_allowed=false
104,RQ-aafb94a1be2a65a42f7f,topographic_map_unmatched,stairs_candidate,1000037612048C03910000000000000189,,unmatched,,2025,False,False,,0,1,0,30,20,3,53,medium,advisory_unvalidated_priority; pending; verified=false; graph_update_allowed=false
105,RQ-adb84aac875a57881724,topographic_map_unmatched,pedestrian_area,1000037612038A00310000000000000156,,unmatched,,2025,False,False,,0,1,0,30,20,3,53,medium,advisory_unvalidated_priority; pending; verified=false; graph_update_allowed=false
106,RQ-b5969a40314c0a84fcdc,topographic_map_unmatched,stairs_candidate,1000037612047C03910000000000000125,,unmatched,,2025,False,False,,0,1,0,30,20,3,53,medium,advisory_unvalidated_priority; pending; verified=false; graph_update_allowed=false
107,RQ-bf0c0690373e025969a1,topographic_map_unmatched,stairs_candidate,1000037612047C03910000000000000075,,unmatched,,2025,False,False,,0,1,0,30,20,3,53,medium,advisory_unvalidated_priority; pending; verified=false; graph_update_allowed=false
108,RQ-c9c44c19e4866890c838,topographic_map_unmatched,pedestrian_area,1000037612038A00310000000000000178,,unmatched,,2025,False,False,,0,1,0,30,20,3,53,medium,advisory_unvalidated_priority; pending; verified=false; graph_update_allowed=false
109,RQ-caa9d8319c8f8eeb5b73,topographic_map_unmatched,stairs_candidate,1000037612048C03910000000000000104,,unmatched,,2025,False,False,,0,1,0,30,20,3,53,medium,advisory_unvalidated_priority; pending; verified=false; graph_update_allowed=false
110,RQ-e17aa46a9868cfbe60f9,topographic_map_unmatched,stairs_candidate,1000037612047C03910000000000000107,,unmatched,,2025,False,False,,0,1,0,30,20,3,53,medium,advisory_unvalidated_priority; pending; verified=false; graph_update_allowed=false
111,RQ-e4484dd9ca07da6f95f7,orthophoto,orthophoto_crosswalk_visual_qa,2024121400,,unmatched,,2025,False,False,,0,1,0,30,20,3,53,medium,advisory_unvalidated_priority; pending; verified=false; graph_update_allowed=false
112,RQ-e99d4bc024bcd6de33c6,topographic_map_unmatched,stairs_candidate,1000037612037C03910000000000000011,,unmatched,,2025,False,False,,0,1,0,30,20,3,53,medium,advisory_unvalidated_priority; pending; verified=false; graph_update_allowed=false
113,RQ-f30fc840959377f79c3c,topographic_map_unmatched,stairs_candidate,1000037612038C03910000000000000066,,unmatched,,2025,False,False,,0,1,0,30,20,3,53,medium,advisory_unvalidated_priority; pending; verified=false; graph_update_allowed=false
114,RQ-f64ac60e1aacc049101d,topographic_map_unmatched,stairs_candidate,1000037612047C03910000000000000014,,unmatched,,2025,False,False,,0,1,0,30,20,3,53,medium,advisory_unvalidated_priority; pending; verified=false; graph_update_allowed=false
115,RQ-f6bb8671c3a8e23126ea,topographic_map,pedestrian_area,10000376121405A0031000000000000056,OSM_E_38608993_cddf33700d,ambiguous,4.67,2022,False,False,4.222,0,4,7,16,20,10,53,medium,advisory_unvalidated_priority; pending; verified=false; graph_update_allowed=false
116,RQ-2370f57dd0560a04c7c4,dem,coarse_context_only,OSM_E_318699989_800f059ee2,OSM_E_318699989_800f059ee2,insufficient_resolution,,2025,False,True,2.3634,0,1,14,15,20,3,52,medium,advisory_unvalidated_priority; pending; verified=false; graph_update_allowed=false
117,RQ-a2e877d59fd87e54f4b2,topographic_map_unmatched,pedestrian_area,10000376121405A0031000000000000007,OSM_E_38609408_805d08ce89,unmatched,13.649,2022,False,False,2.192,2,4,4,30,8,10,52,medium,advisory_unvalidated_priority; pending; verified=false; graph_update_allowed=false
118,RQ-e320ff509ea69613a516,topographic_map,crossing_candidate,1000376120995A00410000000000000026,OSM_E_318729249_7861f37896,ambiguous,0.292,2022,False,False,5.9587,0,4,10,12,20,10,52,medium,advisory_unvalidated_priority; pending; verified=false; graph_update_allowed=false
119,RQ-e9d66f1a8a60ca8d9990,topographic_map_unmatched,pedestrian_area,1000037612038A00310000000000000208,OSM_E_380194918_b3c58d2501,unmatched,8.648,2025,False,True,2.3275,3,4,14,28,0,10,52,medium,advisory_unvalidated_priority; pending; verified=false; graph_update_allowed=false
120,RQ-3c040008215a320b08a0,orthophoto,orthophoto_crosswalk_visual_qa,2024120765,OSM_E_38609097_9fdc599159,unique,0.265,2025,True,True,,2,1,40,0,8,3,51,medium,advisory_unvalidated_priority; pending; verified=false; graph_update_allowed=false
121,RQ-595bad2da4ce91bfe3fa,orthophoto,orthophoto_crosswalk_visual_qa,2025085021,OSM_E_379904049_418f1442b2,unique,0.191,2025,True,True,,2,1,40,0,8,3,51,medium,advisory_unvalidated_priority; pending; verified=false; graph_update_allowed=false
122,RQ-9200a4c60a6d48545af6,public_crosswalk,unmatched,2024120765,OSM_E_38609097_9fdc599159,unique,0.265,2026,True,True,,2,1,40,0,8,3,51,medium,advisory_unvalidated_priority; pending; verified=false; graph_update_allowed=false
123,RQ-1b8d7ff46f3c3381f73a,public_crosswalk,matched_near,2024120487,,unmatched,,2026,False,False,,0,0,0,30,20,0,50,medium,advisory_unvalidated_priority; pending; verified=false; graph_update_allowed=false
124,RQ-270ac473f81e90dcffe9,public_crosswalk,unmatched,2024120256,,unmatched,,2026,False,False,,0,0,0,30,20,0,50,medium,advisory_unvalidated_priority; pending; verified=false; graph_update_allowed=false
125,RQ-372ea809284caad9440b,public_crosswalk,matched_near,2024120848,,unmatched,,2026,False,False,,0,0,0,30,20,0,50,medium,advisory_unvalidated_priority; pending; verified=false; graph_update_allowed=false
126,RQ-395213835931b1aa6c07,public_crosswalk,unmatched,2024121021,,unmatched,,2026,False,False,,0,0,0,30,20,0,50,medium,advisory_unvalidated_priority; pending; verified=false; graph_update_allowed=false
127,RQ-3c938a4d9de0918772dc,topographic_map,stairs_candidate,10000376121405C0391000000000000002,OSM_E_380063839_a166e6502f,ambiguous,3.851,2022,False,False,1.7286,0,4,4,16,20,10,50,medium,advisory_unvalidated_priority; pending; verified=false; graph_update_allowed=false
128,RQ-4c498a4a976005de18ea,dem,insufficient_resolution,OSM_E_318729248_16b854febf,OSM_E_318729248_16b854febf,insufficient_resolution,,2025,False,False,25.1024,1,4,10,15,15,10,50,medium,advisory_unvalidated_priority; pending; verified=false; graph_update_allowed=false
129,RQ-4d26b8e279d9e139d466,public_crosswalk,unmatched,2024120470,,unmatched,,2026,False,False,,0,0,0,30,20,0,50,medium,advisory_unvalidated_priority; pending; verified=false; graph_update_allowed=false
130,RQ-5491915fa247727a06d4,dem,insufficient_resolution,OSM_E_379904080_cc833d1c36,OSM_E_379904080_cc833d1c36,insufficient_resolution,,2025,False,False,5.9241,1,4,10,15,15,10,50,medium,advisory_unvalidated_priority; pending; verified=false; graph_update_allowed=false
131,RQ-564bb462ab4c241da80d,public_crosswalk,outside_hd_coverage,2024120865,,unmatched,,2026,False,False,,0,0,0,30,20,0,50,medium,advisory_unvalidated_priority; pending; verified=false; graph_update_allowed=false
132,RQ-5be452ef93324fe9f34f,public_crosswalk,outside_hd_coverage,2024121085,,unmatched,,2026,False,False,,0,0,0,30,20,0,50,medium,advisory_unvalidated_priority; pending; verified=false; graph_update_allowed=false
133,RQ-66bae312f7a4bfc2408a,topographic_map,pedestrian_area,1000376121406A00310000000000000012,OSM_E_380063836_abec22df8f,ambiguous,3.982,2022,False,False,2.048,0,4,4,16,20,10,50,medium,advisory_unvalidated_priority; pending; verified=false; graph_update_allowed=false
134,RQ-782d44a7dadece687ed6,public_crosswalk,outside_hd_coverage,2024121058,,unmatched,,2026,False,False,,0,0,0,30,20,0,50,medium,advisory_unvalidated_priority; pending; verified=false; graph_update_allowed=false
135,RQ-7b5b3a61fe6d9356f2f0,public_crosswalk,unmatched,2024121049,,unmatched,,2026,False,False,,0,0,0,30,20,0,50,medium,advisory_unvalidated_priority; pending; verified=false; graph_update_allowed=false
136,RQ-88e397a9baa3e9da5d9a,public_crosswalk,outside_hd_coverage,2024121207,OSM_E_844180368_aa95498182,unique,0.641,2026,True,True,,3,4,40,0,0,10,50,medium,advisory_unvalidated_priority; pending; verified=false; graph_update_allowed=false
137,RQ-8c1f5046ce90bd1e3c99,public_crosswalk,unmatched,2024121042,,unmatched,,2026,False,False,,0,0,0,30,20,0,50,medium,advisory_unvalidated_priority; pending; verified=false; graph_update_allowed=false
138,RQ-94e386e8f923e352ec04,hdmap,sidewalk_polygon,A4243I005115,,ambiguous,12.5,2023,False,False,,0,3,0,22,20,8,50,medium,advisory_unvalidated_priority; pending; verified=false; graph_update_allowed=false
139,RQ-9b780c6b3e5e81c1a4ff,public_crosswalk,unmatched,2024120904,,unmatched,,2026,False,False,,0,0,0,30,20,0,50,medium,advisory_unvalidated_priority; pending; verified=false; graph_update_allowed=false
140,RQ-9dc685abf4aefb630b81,public_crosswalk,outside_hd_coverage,2024122016,,unmatched,,2026,False,False,,0,0,0,30,20,0,50,medium,advisory_unvalidated_priority; pending; verified=false; graph_update_allowed=false
141,RQ-b487be9526f30ccadeb7,public_crosswalk,matched_near,2024120847,,unmatched,,2026,False,False,,0,0,0,30,20,0,50,medium,advisory_unvalidated_priority; pending; verified=false; graph_update_allowed=false
142,RQ-b6f94ebb8c28d66b0f9c,public_crosswalk,outside_hd_coverage,2024120522,,unmatched,,2026,False,False,,0,0,0,30,20,0,50,medium,advisory_unvalidated_priority; pending; verified=false; graph_update_allowed=false
143,RQ-bfee2601e40353f84a6a,public_crosswalk,outside_hd_coverage,2024120367,,unmatched,,2026,False,False,,0,0,0,30,20,0,50,medium,advisory_unvalidated_priority; pending; verified=false; graph_update_allowed=false
144,RQ-c5c075dbae87f30a9710,hdmap,crosswalk_polygon,B3243I005529,,ambiguous,14.338,2023,False,False,,0,3,0,22,20,8,50,medium,advisory_unvalidated_priority; pending; verified=false; graph_update_allowed=false
145,RQ-cec1c531db32ca107ede,public_crosswalk,outside_hd_coverage,2024120509,,unmatched,,2026,False,False,,0,0,0,30,20,0,50,medium,advisory_unvalidated_priority; pending; verified=false; graph_update_allowed=false
146,RQ-d10bb130940361dd360c,public_crosswalk,outside_hd_coverage,2024121077,,unmatched,,2026,False,False,,0,0,0,30,20,0,50,medium,advisory_unvalidated_priority; pending; verified=false; graph_update_allowed=false
147,RQ-d23859b046398e66337e,topographic_map_unmatched,pedestrian_area,1000376121406A00310000000000000027,OSM_E_380073445_613e9e9d6d,unmatched,10.493,2022,False,False,6.1698,3,4,10,30,0,10,50,medium,advisory_unvalidated_priority; pending; verified=false; graph_update_allowed=false
148,RQ-d300f1f17fed96ec07fc,public_crosswalk,outside_hd_coverage,2024121157,,unmatched,,2026,False,False,,0,0,0,30,20,0,50,medium,advisory_unvalidated_priority; pending; verified=false; graph_update_allowed=false
149,RQ-d56dca9cfc8e6c249013,public_crosswalk,unmatched,2024121429,,unmatched,,2026,False,False,,0,0,0,30,20,0,50,medium,advisory_unvalidated_priority; pending; verified=false; graph_update_allowed=false
150,RQ-dd19558e53d41f8a0656,hdmap,concrete_curb_line,C3243I005135,,ambiguous,12.5,2023,False,False,,0,3,0,22,20,8,50,medium,advisory_unvalidated_priority; pending; verified=false; graph_update_allowed=false
151,RQ-ec11680e8d1123056dfc,public_crosswalk,unmatched,2024120255,,unmatched,,2026,False,False,,0,0,0,30,20,0,50,medium,advisory_unvalidated_priority; pending; verified=false; graph_update_allowed=false
152,RQ-f4d51709a39a8555b41a,hdmap,concrete_curb_line,C3243I005134,,ambiguous,10.616,2023,False,False,,0,3,0,22,20,8,50,medium,advisory_unvalidated_priority; pending; verified=false; graph_update_allowed=false
153,RQ-0e4e231675b9beccd540,topographic_map_unmatched,crossing_candidate,1000376121406A00410000000000000001,OSM_E_380073445_613e9e9d6d,unmatched,6.003,2022,False,False,6.1698,3,4,10,28,0,10,48,medium,advisory_unvalidated_priority; pending; verified=false; graph_update_allowed=false
154,RQ-23efe193dc2fc665c26b,dem,coarse_context_only,OSM_E_38608993_19bca7a6bb,OSM_E_38608993_19bca7a6bb,insufficient_resolution,,2025,False,False,5.4287,0,1,10,15,20,3,48,medium,advisory_unvalidated_priority; pending; verified=false; graph_update_allowed=false
155,RQ-a8032e8b0a38c09baa47,dem,insufficient_resolution,OSM_E_38609097_eec54396ac,OSM_E_38609097_eec54396ac,insufficient_resolution,,2025,False,False,11.024,0,1,10,15,20,3,48,medium,advisory_unvalidated_priority; pending; verified=false; graph_update_allowed=false
156,RQ-b7adb1c988eec62aaabd,dem,insufficient_resolution,OSM_E_484348863_206321961d,OSM_E_484348863_206321961d,insufficient_resolution,,2025,False,False,20.5541,0,1,10,15,20,3,48,medium,advisory_unvalidated_priority; pending; verified=false; graph_update_allowed=false
157,RQ-c407c6563aacb0cdff53,dem,coarse_context_only,OSM_E_1323539453_3cf8adeb1c,OSM_E_1323539453_3cf8adeb1c,insufficient_resolution,,2025,False,True,1.4432,0,1,10,15,20,3,48,medium,advisory_unvalidated_priority; pending; verified=false; graph_update_allowed=false
158,RQ-cea117e0cc555915eaea,dem,insufficient_resolution,OSM_E_1469144042_dd1eb9d016,OSM_E_1469144042_dd1eb9d016,insufficient_resolution,,2025,False,True,0.9826,0,1,10,15,20,3,48,medium,advisory_unvalidated_priority; pending; verified=false; graph_update_allowed=false
159,RQ-eea9972241fa9b7ff02d,dem,insufficient_resolution,OSM_E_38608991_8eebbe6b67,OSM_E_38608991_8eebbe6b67,insufficient_resolution,,2025,False,False,5.1335,0,1,10,15,20,3,48,medium,advisory_unvalidated_priority; pending; verified=false; graph_update_allowed=false
160,RQ-fd650db8d3a45f7a525a,dem,insufficient_resolution,OSM_E_380194325_839d453cdb,OSM_E_380194325_839d453cdb,insufficient_resolution,,2025,False,False,10.0418,0,1,10,15,20,3,48,medium,advisory_unvalidated_priority; pending; verified=false; graph_update_allowed=false
161,RQ-0b2e5974fea6344035d3,public_crosswalk,outside_hd_coverage,2025085019,OSM_E_82908648_dd41f861af,unique,5.711,2026,True,True,,3,1,40,4,0,3,47,medium,advisory_unvalidated_priority; pending; verified=false; graph_update_allowed=false
162,RQ-30d1b9059a877fc30bbc,public_crosswalk,outside_hd_coverage,2024121055,OSM_E_814055254_46dd248152,unique,5.813,2026,True,True,,3,1,40,4,0,3,47,medium,advisory_unvalidated_priority; pending; verified=false; graph_update_allowed=false
163,RQ-65562f85e54bdb6c93a1,public_crosswalk,unmatched,2024121528,OSM_E_1312936379_78fd5bc82b,unique,3.977,2026,True,True,,3,1,40,4,0,3,47,medium,advisory_unvalidated_priority; pending; verified=false; graph_update_allowed=false
164,RQ-e309e58f74a2332a71e5,topographic_map,stairs_candidate,1000037612038C03910000000000000097,OSM_E_484348859_6565c1939a,ambiguous,3.867,2025,False,True,15.8954,2,1,20,16,8,3,47,medium,advisory_unvalidated_priority; pending; verified=false; graph_update_allowed=false
165,RQ-e95f0222f4b46488de90,topographic_map_unmatched,crossing_candidate,1000376120994A00410000000000000012,OSM_E_915477950_12db9bf2d0,unmatched,13.828,2022,False,False,3.6659,3,4,7,30,0,10,47,medium,advisory_unvalidated_priority; pending; verified=false; graph_update_allowed=false
166,RQ-6e70a3c282b91e694059,topographic_map,pedestrian_area,1000376120996A00310000000000000008,OSM_E_1469144024_a4c4e41644,ambiguous,5.305,2022,False,True,11.1391,3,4,20,16,0,10,46,medium,advisory_unvalidated_priority; pending; verified=false; graph_update_allowed=false
167,RQ-ac04be2ce40c8df7fd35,topographic_map,pedestrian_area,1000037612047A00310000000000000393,OSM_E_82909600_aff0a66896,ambiguous,3.845,2025,False,False,3.631,0,1,7,16,20,3,46,medium,advisory_unvalidated_priority; pending; verified=false; graph_update_allowed=false
168,RQ-04be2f7a2aefe95af7cd,dem,insufficient_resolution,OSM_E_38608993_cddf33700d,OSM_E_38608993_cddf33700d,insufficient_resolution,,2025,False,False,4.222,0,1,7,15,20,3,45,medium,advisory_unvalidated_priority; pending; verified=false; graph_update_allowed=false
169,RQ-47cc6ab145d557c9d5fd,topographic_map_unmatched,pedestrian_area,1000376120994A00310000000000000043,OSM_E_915477945_e42578c6c3,unmatched,9.87,2022,False,False,4.9644,3,4,7,28,0,10,45,medium,advisory_unvalidated_priority; pending; verified=false; graph_update_allowed=false
170,RQ-60ba7dca2301a2e348f3,topographic_map_unmatched,crossing_candidate,1000376121405A00410000000000000017,OSM_E_863717799_2dada9cde9,unmatched,8.449,2022,False,False,4.1589,3,4,7,28,0,10,45,medium,advisory_unvalidated_priority; pending; verified=false; graph_update_allowed=false
171,RQ-64928deea3dea8a7402b,dem,insufficient_resolution,OSM_E_379904078_2019fa76f5,OSM_E_379904078_2019fa76f5,insufficient_resolution,,2025,False,False,4.0831,0,1,7,15,20,3,45,medium,advisory_unvalidated_priority; pending; verified=false; graph_update_allowed=false
172,RQ-781cc8d4860afc90f4f7,topographic_map,stairs_candidate,1000376120996C03910000000000000008,OSM_E_998463207-998463213_3c61c9283d,unique,0.045,2022,False,True,13.7514,1,4,20,0,15,10,45,medium,advisory_unvalidated_priority; pending; verified=false; graph_update_allowed=false
173,RQ-8fd40cb63d7a3fc777f3,dem,insufficient_resolution,OSM_E_380073430_f75e2c329b,OSM_E_380073430_f75e2c329b,insufficient_resolution,,2025,False,False,4.8314,0,1,7,15,20,3,45,medium,advisory_unvalidated_priority; pending; verified=false; graph_update_allowed=false
174,RQ-bc52da6e7e311efa6c99,dem,coarse_context_only,OSM_E_82909489_757785706c,OSM_E_82909489_757785706c,insufficient_resolution,,2025,False,False,4.652,0,1,7,15,20,3,45,medium,advisory_unvalidated_priority; pending; verified=false; graph_update_allowed=false
175,RQ-d985725e1d13fe5ad7ad,dem,insufficient_resolution,OSM_E_380035896_536c68467c,OSM_E_380035896_536c68467c,insufficient_resolution,,2025,False,False,4.2509,0,1,7,15,20,3,45,medium,advisory_unvalidated_priority; pending; verified=false; graph_update_allowed=false
176,RQ-e2dc3f69a9d1a49aa10f,topographic_map,pedestrian_area,10000376120995A0031000000000000003,OSM_E_469912230_14ff4714f2,unique,0.0,2022,False,True,5.9439,1,4,20,0,15,10,45,medium,advisory_unvalidated_priority; pending; verified=false; graph_update_allowed=false
177,RQ-e34edd5f97a869f5a69a,dem,insufficient_resolution,OSM_E_997743012_22549aa16a,OSM_E_997743012_22549aa16a,insufficient_resolution,,2025,False,False,4.0172,0,1,7,15,20,3,45,medium,advisory_unvalidated_priority; pending; verified=false; graph_update_allowed=false
178,RQ-ffb91b95c477fc28779d,topographic_map_unmatched,pedestrian_area,1000037612047A00310000000000000303,OSM_E_38609292_00d0421666,unmatched,10.846,2025,False,False,2.5409,2,1,4,30,8,3,45,medium,advisory_unvalidated_priority; pending; verified=false; graph_update_allowed=false
179,RQ-9325e651acda689cd8bc,topographic_map,pedestrian_area,1000037612048A00310000000000000003,OSM_E_82908648_e430c80696,ambiguous,4.242,2025,False,True,3.6792,2,1,17,16,8,3,44,medium,advisory_unvalidated_priority; pending; verified=false; graph_update_allowed=false
180,RQ-0328d6ff12ed4b70e96e,topographic_map_unmatched,pedestrian_area,1000037612047A00310000000000000181,OSM_E_38609292_00d0421666,unmatched,6.819,2025,False,False,2.5409,2,1,4,28,8,3,43,medium,advisory_unvalidated_priority; pending; verified=false; graph_update_allowed=false
181,RQ-399f86d3dcc610edfe01,topographic_map,stairs_candidate,1000037612047C03910000000000000086,OSM_E_814055254_79ab7e0305,ambiguous,2.927,2025,False,True,5.7321,2,1,20,12,8,3,43,medium,advisory_unvalidated_priority; pending; verified=false; graph_update_allowed=false
182,RQ-585e00d711b6609c8691,public_crosswalk,outside_hd_coverage,2025085017,OSM_E_82908648_dd41f861af,unique,0.793,2026,True,True,,3,1,40,0,0,3,43,medium,advisory_unvalidated_priority; pending; verified=false; graph_update_allowed=false
183,RQ-92607c2dda3644fac99a,topographic_map,pedestrian_area,1000037612037A00310000000000000709,OSM_E_380188857_732afc434e,ambiguous,4.564,2025,False,True,4.8113,3,4,17,16,0,10,43,medium,advisory_unvalidated_priority; pending; verified=false; graph_update_allowed=false
184,RQ-b3aa673f0b9bfeb58ba3,dem,coarse_context_only,OSM_E_318577513_268f213849,OSM_E_318577513_268f213849,insufficient_resolution,,2025,False,True,6.759,3,3,20,15,0,8,43,medium,advisory_unvalidated_priority; pending; verified=false; graph_update_allowed=false
185,RQ-d5d0338c1349ce64101f,orthophoto,orthophoto_crosswalk_visual_qa,2024121062,,ambiguous,8.548,2025,False,False,,0,1,0,20,20,3,43,medium,advisory_unvalidated_priority; pending; verified=false; graph_update_allowed=false
186,RQ-06c5215038ff9d8bcc36,dem,coarse_context_only,OSM_E_379904087_f53c6a8d7d,OSM_E_379904087_f53c6a8d7d,insufficient_resolution,,2025,False,False,2.0769,0,1,4,15,20,3,42,medium,advisory_unvalidated_priority; pending; verified=false; graph_update_allowed=false
187,RQ-1007ed39efb45cad3a39,dem,insufficient_resolution,OSM_E_380035895_802064c80a,OSM_E_380035895_802064c80a,insufficient_resolution,,2025,False,False,1.9471,0,1,4,15,20,3,42,medium,advisory_unvalidated_priority; pending; verified=false; graph_update_allowed=false
188,RQ-171b8e3c626e012b8cf9,dem,coarse_context_only,OSM_E_380188898_cfbadce1ca,OSM_E_380188898_cfbadce1ca,insufficient_resolution,,2025,False,False,2.079,0,1,4,15,20,3,42,medium,advisory_unvalidated_priority; pending; verified=false; graph_update_allowed=false
189,RQ-2b2423d0a94381022a58,dem,insufficient_resolution,OSM_E_379904076_d7b7ffbfb7,OSM_E_379904076_d7b7ffbfb7,insufficient_resolution,,2025,False,False,2.2567,0,1,4,15,20,3,42,medium,advisory_unvalidated_priority; pending; verified=false; graph_update_allowed=false
190,RQ-2bf695de25600fa06e89,topographic_map,stairs_candidate,1000037612038C03910000000000000060,OSM_E_380698410-998463208-998463209_e489d5ee5f,unique,0.946,2025,False,True,3.2715,1,4,17,0,15,10,42,medium,advisory_unvalidated_priority; pending; verified=false; graph_update_allowed=false
191,RQ-2f0a140109c77b3f4bf3,topographic_map,stairs_candidate,1000037612038C03910000000000000064,OSM_E_380698410-998463208-998463209_e489d5ee5f,unique,0.0,2025,False,True,3.2715,1,4,17,0,15,10,42,medium,advisory_unvalidated_priority; pending; verified=false; graph_update_allowed=false
192,RQ-350765cc6ce18135b29f,dem,coarse_context_only,OSM_E_379904046_a01f0249cd,OSM_E_379904046_a01f0249cd,insufficient_resolution,,2025,False,False,2.213,0,1,4,15,20,3,42,medium,advisory_unvalidated_priority; pending; verified=false; graph_update_allowed=false
193,RQ-4467366dab09d7cbca19,dem,coarse_context_only,OSM_E_82909769_daa9a24cf9,OSM_E_82909769_daa9a24cf9,insufficient_resolution,,2025,False,False,1.8622,0,1,4,15,20,3,42,medium,advisory_unvalidated_priority; pending; verified=false; graph_update_allowed=false
194,RQ-4c978b7cfd02ee87df56,dem,coarse_context_only,OSM_E_380035891_061f709a9d,OSM_E_380035891_061f709a9d,insufficient_resolution,,2025,False,False,1.8567,0,1,4,15,20,3,42,medium,advisory_unvalidated_priority; pending; verified=false; graph_update_allowed=false
195,RQ-5a6034ff9477e2edbb72,dem,coarse_context_only,OSM_E_379904085_ee8f27f904,OSM_E_379904085_ee8f27f904,insufficient_resolution,,2025,False,False,1.8657,0,1,4,15,20,3,42,medium,advisory_unvalidated_priority; pending; verified=false; graph_update_allowed=false
196,RQ-5ca5f31c8e42cb8305fa,dem,insufficient_resolution,OSM_E_379904071_cf037e639f,OSM_E_379904071_cf037e639f,insufficient_resolution,,2025,False,False,2.9212,0,1,4,15,20,3,42,medium,advisory_unvalidated_priority; pending; verified=false; graph_update_allowed=false
197,RQ-63dc8e5b3472be04423a,public_crosswalk,unmatched,2024122010,,ambiguous,11.68,2026,False,False,,0,0,0,22,20,0,42,medium,advisory_unvalidated_priority; pending; verified=false; graph_update_allowed=false
198,RQ-68e371d7eca03f6b76ee,topographic_map,stairs_candidate,1000376120996C03910000000000000007,OSM_E_380698410-998463208-998463209_e489d5ee5f,unique,0.0,2022,False,True,3.2715,1,4,17,0,15,10,42,medium,advisory_unvalidated_priority; pending; verified=false; graph_update_allowed=false
199,RQ-7428d5b090d48b4ee268,dem,insufficient_resolution,OSM_E_318699968_7260adf7e3,OSM_E_318699968_7260adf7e3,insufficient_resolution,,2025,False,False,2.5632,0,1,4,15,20,3,42,medium,advisory_unvalidated_priority; pending; verified=false; graph_update_allowed=false
200,RQ-762fe72580e6a8b55ea4,dem,coarse_context_only,OSM_E_915477947_d2ce447501,OSM_E_915477947_d2ce447501,insufficient_resolution,,2025,False,True,4.3473,3,4,17,15,0,10,42,medium,advisory_unvalidated_priority; pending; verified=false; graph_update_allowed=false
201,RQ-787e5d9f1d6ae979ba7d,topographic_map,stairs_candidate,1000037612038C03910000000000000062,OSM_E_380698410-998463208-998463209_e489d5ee5f,unique,0.439,2025,False,True,3.2715,1,4,17,0,15,10,42,medium,advisory_unvalidated_priority; pending; verified=false; graph_update_allowed=false
202,RQ-7b80b0e8e5f45a1c4657,dem,coarse_context_only,OSM_E_380035887_123720bebf,OSM_E_380035887_123720bebf,insufficient_resolution,,2025,False,False,1.5609,0,1,4,15,20,3,42,medium,advisory_unvalidated_priority; pending; verified=false; graph_update_allowed=false
203,RQ-7f5f442593654324bac8,topographic_map,stairs_candidate,1000037612038C03910000000000000063,OSM_E_380698410-998463208-998463209_e489d5ee5f,unique,0.0,2025,False,True,3.2715,1,4,17,0,15,10,42,medium,advisory_unvalidated_priority; pending; verified=false; graph_update_allowed=false
204,RQ-84d77d3dec92988ef5e7,dem,insufficient_resolution,OSM_E_380184682_134e52f788,OSM_E_380184682_134e52f788,insufficient_resolution,,2025,False,False,1.7589,0,1,4,15,20,3,42,medium,advisory_unvalidated_priority; pending; verified=false; graph_update_allowed=false
205,RQ-912ec90c20226fcc693f,topographic_map,stairs_candidate,1000376120996C03910000000000000005,OSM_E_380698410-998463208-998463209_e489d5ee5f,unique,0.439,2022,False,True,3.2715,1,4,17,0,15,10,42,medium,advisory_unvalidated_priority; pending; verified=false; graph_update_allowed=false
206,RQ-983f0f52a974475c6265,topographic_map_unmatched,pedestrian_area,1000037612037A00310000000000000030,OSM_E_318729248_3e52ffab14,unmatched,6.178,2025,False,False,2.0719,3,4,4,28,0,10,42,medium,advisory_unvalidated_priority; pending; verified=false; graph_update_allowed=false
207,RQ-9b1c14f90814d1344974,topographic_map,stairs_candidate,1000376120996C03910000000000000003,OSM_E_380698410-998463208-998463209_e489d5ee5f,unique,0.946,2022,False,True,3.2715,1,4,17,0,15,10,42,medium,advisory_unvalidated_priority; pending; verified=false; graph_update_allowed=false
208,RQ-a049a15f6f76026d6371,topographic_map_unmatched,pedestrian_area,10000376121405A0031000000000000050,OSM_E_318729248_3e52ffab14,unmatched,8.123,2022,False,False,2.0719,3,4,4,28,0,10,42,medium,advisory_unvalidated_priority; pending; verified=false; graph_update_allowed=false
209,RQ-aff9c5cf6481aeaccb19,dem,insufficient_resolution,OSM_E_380188894_18106949ac,OSM_E_380188894_18106949ac,insufficient_resolution,,2025,False,False,2.3076,0,1,4,15,20,3,42,medium,advisory_unvalidated_priority; pending; verified=false; graph_update_allowed=false
210,RQ-e7a45e898c352bc29f61,dem,coarse_context_only,OSM_E_38609001_28bb14bc18,OSM_E_38609001_28bb14bc18,insufficient_resolution,,2025,False,False,2.1256,0,1,4,15,20,3,42,medium,advisory_unvalidated_priority; pending; verified=false; graph_update_allowed=false
211,RQ-f4304fc9f9dd1428d9d4,topographic_map_unmatched,pedestrian_area,1000037612047A00310000000000000016,OSM_E_318729248_3e52ffab14,unmatched,8.123,2025,False,False,2.0719,3,4,4,28,0,10,42,medium,advisory_unvalidated_priority; pending; verified=false; graph_update_allowed=false
212,RQ-22fd74a2e0f9d38abc85,hdmap,sidewalk_polygon,A4243I005105,,ambiguous,1.525,2023,False,False,,0,3,0,12,20,8,40,medium,advisory_unvalidated_priority; pending; verified=false; graph_update_allowed=false
213,RQ-273e0b89536c0a50afe9,dem,insufficient_resolution,OSM_E_997730440-997730441_9efb052e60,OSM_E_997730440-997730441_9efb052e60,insufficient_resolution,,2025,False,False,0.7272,1,4,0,15,15,10,40,medium,advisory_unvalidated_priority; pending; verified=false; graph_update_allowed=false
214,RQ-44b24ddb0d652aa06f6a,hdmap,concrete_curb_line,C3243I005205,,ambiguous,0.449,2023,False,False,,0,3,0,12,20,8,40,medium,advisory_unvalidated_priority; pending; verified=false; graph_update_allowed=false
215,RQ-497daa92b3231e2c909d,hdmap,concrete_curb_line,C3243I005072,,ambiguous,2.482,2023,False,False,,0,3,0,12,20,8,40,medium,advisory_unvalidated_priority; pending; verified=false; graph_update_allowed=false
216,RQ-519cec31ab58cfe696e2,hdmap,sidewalk_polygon,A4243I005097,,ambiguous,2.482,2023,False,False,,0,3,0,12,20,8,40,medium,advisory_unvalidated_priority; pending; verified=false; graph_update_allowed=false
217,RQ-bba065cf8e4d7a05d874,hdmap,sidewalk_polygon,A4243I005099,,ambiguous,0.0,2023,False,False,,0,3,0,12,20,8,40,medium,advisory_unvalidated_priority; pending; verified=false; graph_update_allowed=false
218,RQ-c77648b6e8e76b03df2a,hdmap,concrete_curb_line,C3243I005073,,ambiguous,1.477,2023,False,False,,0,3,0,12,20,8,40,medium,advisory_unvalidated_priority; pending; verified=false; graph_update_allowed=false
219,RQ-d16b95004a24860c685f,hdmap,concrete_curb_line,C3243I005074,,ambiguous,0.0,2023,False,False,,0,3,0,12,20,8,40,medium,advisory_unvalidated_priority; pending; verified=false; graph_update_allowed=false
220,RQ-f2532205dea6521420ba,hdmap,crosswalk_polygon,B3243I005836,,ambiguous,0.0,2023,False,False,,0,3,0,12,20,8,40,medium,advisory_unvalidated_priority; pending; verified=false; graph_update_allowed=false
221,RQ-f5e1301d6921652561e9,hdmap,sidewalk_polygon,A4243I005098,,ambiguous,1.477,2023,False,False,,0,3,0,12,20,8,40,medium,advisory_unvalidated_priority; pending; verified=false; graph_update_allowed=false
222,RQ-f62b124fe721fd7f3ab1,hdmap,concrete_curb_line,C3243I005203,,ambiguous,0.473,2023,False,False,,0,3,0,12,20,8,40,medium,advisory_unvalidated_priority; pending; verified=false; graph_update_allowed=false
223,RQ-f6d8640f515b9df7f0b5,topographic_map_unmatched,pedestrian_area,1000037612048A00310000000000000807,OSM_E_381203803_0e352c64cd,unmatched,11.536,2025,False,False,4.2789,3,1,7,30,0,3,40,medium,advisory_unvalidated_priority; pending; verified=false; graph_update_allowed=false
224,RQ-4cc5656331e24eb39447,topographic_map,pedestrian_area,1000037612048A00310000000000001049,OSM_E_380073446_847d57a0aa,ambiguous,4.773,2025,False,False,1.4777,0,1,0,16,20,3,39,medium,advisory_unvalidated_priority; pending; verified=false; graph_update_allowed=false
225,RQ-c0d46d0914b9910355c5,dem,insufficient_resolution,OSM_E_997743013_ce29a86d55,OSM_E_997743013_ce29a86d55,insufficient_resolution,,2025,False,False,1.1507,0,1,0,15,20,3,38,medium,advisory_unvalidated_priority; pending; verified=false; graph_update_allowed=false
226,RQ-c1e0a2108cf33c028c0f,hdmap,concrete_curb_line,C3243I005071,OSM_E_318577513_268f213849,unique,10.004,2023,False,True,6.759,3,3,20,10,0,8,38,medium,advisory_unvalidated_priority; pending; verified=false; graph_update_allowed=false
227,RQ-d44f195080e8cebf2148,hdmap,sidewalk_polygon,A4243I005096,OSM_E_318577513_268f213849,unique,10.004,2023,False,True,6.759,3,3,20,10,0,8,38,medium,advisory_unvalidated_priority; pending; verified=false; graph_update_allowed=false
228,RQ-492b37e9334653a9be4e,hdmap,sidewalk_polygon,A4243I005107,OSM_E_576208626_cede4e9eaa,unique,14.171,2023,False,False,2.0817,1,3,4,10,15,8,37,medium,advisory_unvalidated_priority; pending; verified=false; graph_update_allowed=false
229,RQ-6da47515a2954d2bd103,hdmap,concrete_curb_line,C3243I005276,OSM_E_576208626_cede4e9eaa,unique,11.772,2023,False,False,2.0817,1,3,4,10,15,8,37,medium,advisory_unvalidated_priority; pending; verified=false; graph_update_allowed=false
230,RQ-94d03795c58cce3798c5,hdmap,concrete_curb_line,C3243I005250,OSM_E_576208626_cede4e9eaa,unique,14.171,2023,False,False,2.0817,1,3,4,10,15,8,37,medium,advisory_unvalidated_priority; pending; verified=false; graph_update_allowed=false
231,RQ-2e71a1e14b06b40e26fb,topographic_map,pedestrian_area,1000037612047A00310000000000000014,OSM_E_297281730_40fd087550,ambiguous,4.912,2025,False,False,23.4873,3,4,10,16,0,10,36,medium,advisory_unvalidated_priority; pending; verified=false; graph_update_allowed=false
232,RQ-55e8ba1cb15032e2d8a3,topographic_map,pedestrian_area,10000376120995A0031000000000000018,OSM_E_380194921_0c3836c32c,ambiguous,4.103,2022,False,True,1.1724,3,4,10,16,0,10,36,medium,advisory_unvalidated_priority; pending; verified=false; graph_update_allowed=false
233,RQ-ad97d214184148455a80,dem,insufficient_resolution,OSM_E_318729248_b357d71fcb,OSM_E_318729248_b357d71fcb,insufficient_resolution,,2025,False,False,5.1165,2,1,10,15,8,3,36,medium,advisory_unvalidated_priority; pending; verified=false; graph_update_allowed=false
234,RQ-16847e2b578702db0307,topographic_map_unmatched,pedestrian_area,1000037612038A00310000000000000028,OSM_E_381203802_8eb77083da,unmatched,6.363,2025,False,False,2.5375,3,1,4,28,0,3,35,medium,advisory_unvalidated_priority; pending; verified=false; graph_update_allowed=false
235,RQ-4834e2ae9aa65bdfeca8,public_crosswalk,outside_hd_coverage,2024121205,OSM_E_915477947_d2ce447501,unique,8.197,2026,False,True,4.3473,3,4,17,8,0,10,35,medium,advisory_unvalidated_priority; pending; verified=false; graph_update_allowed=false
236,RQ-5763541518eea4efd096,public_crosswalk,unmatched,2024120899,OSM_E_484348859_6565c1939a,unique,3.387,2026,False,True,15.8954,2,1,20,4,8,3,35,medium,advisory_unvalidated_priority; pending; verified=false; graph_update_allowed=false
237,RQ-ae50d5c4cb41be7b7deb,dem,coarse_context_only,OSM_E_814338816_93346b0454,OSM_E_814338816_93346b0454,insufficient_resolution,,2025,False,False,5.3939,3,4,10,15,0,10,35,medium,advisory_unvalidated_priority; pending; verified=false; graph_update_allowed=false
238,RQ-c8ca4375e9c25b8c91ce,dem,coarse_context_only,OSM_E_381203805_292e56ecaa,OSM_E_381203805_292e56ecaa,insufficient_resolution,,2025,False,False,5.5188,3,4,10,15,0,10,35,medium,advisory_unvalidated_priority; pending; verified=false; graph_update_allowed=false
239,RQ-d80cba5b6f892a697dbc,topographic_map,pedestrian_area,1000037612047A00310000000000000070,OSM_E_380073442_548ccff9c1,unique,0.481,2025,False,False,8.3547,1,4,10,0,15,10,35,medium,advisory_unvalidated_priority; pending; verified=false; graph_update_allowed=false
240,RQ-daa22ce33c58e7ccc85b,orthophoto,orthophoto_crosswalk_visual_qa,2024122466,,ambiguous,1.289,2025,False,False,,0,1,0,12,20,3,35,medium,advisory_unvalidated_priority; pending; verified=false; graph_update_allowed=false
241,RQ-1e6ec49df76484aff156,hdmap,concrete_curb_line,C3243I005130,OSM_E_379904071_44f503fc86,unique,4.002,2023,False,False,3.9656,1,3,7,4,15,8,34,low,advisory_unvalidated_priority; pending; verified=false; graph_update_allowed=false
242,RQ-1f19cb5d38bb9d8d4771,public_crosswalk,unmatched,2024120922,OSM_E_380194918_b3c58d2501,unique,13.682,2026,False,True,2.3275,3,4,14,10,0,10,34,low,advisory_unvalidated_priority; pending; verified=false; graph_update_allowed=false
243,RQ-82727b9f5c4f018048b7,hdmap,concrete_curb_line,C3243I005131,OSM_E_379904071_44f503fc86,unique,5.547,2023,False,False,3.9656,1,3,7,4,15,8,34,low,advisory_unvalidated_priority; pending; verified=false; graph_update_allowed=false
244,RQ-cc58fe1b0a3419d055ea,hdmap,sidewalk_polygon,A4243I005110,OSM_E_379904071_44f503fc86,unique,3.064,2023,False,False,3.9656,1,3,7,4,15,8,34,low,advisory_unvalidated_priority; pending; verified=false; graph_update_allowed=false
245,RQ-cf617f8b33f1ab131648,topographic_map,crossing_candidate,1000376121405A00410000000000000012,OSM_E_38609408_805d08ce89,ambiguous,0.0,2022,False,False,2.192,2,4,4,12,8,10,34,low,advisory_unvalidated_priority; pending; verified=false; graph_update_allowed=false
246,RQ-04bf6f030205bf023f1f,topographic_map,underground_entrance_candidate,1000376121405C04610000000000000001,OSM_E_82909489_f6a62d6ed5,ambiguous,5.531,2022,False,False,3.342,3,4,7,16,0,10,33,low,advisory_unvalidated_priority; pending; verified=false; graph_update_allowed=false
247,RQ-60f09aaefacc2269ccad,topographic_map,pedestrian_area,10000376121405A0031000000000000010,OSM_E_863717799_2dada9cde9,ambiguous,5.194,2022,False,False,4.1589,3,4,7,16,0,10,33,low,advisory_unvalidated_priority; pending; verified=false; graph_update_allowed=false
248,RQ-f1f8fd15ab298a8baada,dem,insufficient_resolution,OSM_E_38609097_c3df6eaf42,OSM_E_38609097_c3df6eaf42,insufficient_resolution,,2025,False,False,3.5458,2,1,7,15,8,3,33,low,advisory_unvalidated_priority; pending; verified=false; graph_update_allowed=false
249,RQ-258c93659778fc4480d9,public_crosswalk,unmatched,2024120281,,ambiguous,2.405,2026,False,False,,0,0,0,12,20,0,32,low,advisory_unvalidated_priority; pending; verified=false; graph_update_allowed=false
250,RQ-56662d4756b445b81520,public_crosswalk,unmatched,2024120889,,ambiguous,0.826,2026,False,False,,0,0,0,12,20,0,32,low,advisory_unvalidated_priority; pending; verified=false; graph_update_allowed=false
251,RQ-73e4d9dbf4a319dad28a,topographic_map,grade_separated_crossing_candidate,10000376121405A0061000000000000001,OSM_E_297281732_29ac95e2c0,unique,0.0,2022,False,False,4.5038,1,4,7,0,15,10,32,low,advisory_unvalidated_priority; pending; verified=false; graph_update_allowed=false
252,RQ-761964173fae03a3e9a4,topographic_map,grade_separated_crossing_candidate,1000376121406A00610000000000000001,OSM_E_297281732_29ac95e2c0,unique,0.0,2022,False,False,4.5038,1,4,7,0,15,10,32,low,advisory_unvalidated_priority; pending; verified=false; graph_update_allowed=false
253,RQ-7965f373bdcb880a7d09,topographic_map,crossing_candidate,1000376121406A00410000000000000018,OSM_E_318699969_2e6be615d4,ambiguous,0.0,2022,False,False,12.5349,3,4,10,12,0,10,32,low,advisory_unvalidated_priority; pending; verified=false; graph_update_allowed=false
254,RQ-796aa2dcd8d7aab23758,dem,insufficient_resolution,OSM_E_380073459_5175ea2ed1,OSM_E_380073459_5175ea2ed1,insufficient_resolution,,2025,False,False,4.3411,3,4,7,15,0,10,32,low,advisory_unvalidated_priority; pending; verified=false; graph_update_allowed=false
255,RQ-7e599e95531730525bcb,public_crosswalk,unmatched,2024120283,,ambiguous,2.459,2026,False,False,,0,0,0,12,20,0,32,low,advisory_unvalidated_priority; pending; verified=false; graph_update_allowed=false
256,RQ-8c5132b751dc884d472c,public_crosswalk,unmatched,2024121414,,ambiguous,2.25,2026,False,False,,0,0,0,12,20,0,32,low,advisory_unvalidated_priority; pending; verified=false; graph_update_allowed=false
257,RQ-9c912e8e02364a32dbde,topographic_map,grade_separated_crossing_candidate,1000037612048A00610000000000000001,OSM_E_297281732_29ac95e2c0,unique,0.0,2025,False,False,4.5038,1,4,7,0,15,10,32,low,advisory_unvalidated_priority; pending; verified=false; graph_update_allowed=false
258,RQ-b846e0892401a1469e5f,topographic_map,crossing_candidate,1000376120995A00410000000000000004,OSM_E_318729219_cb6f16a3ed,unique,0.0,2022,False,False,4.732,1,4,7,0,15,10,32,low,advisory_unvalidated_priority; pending; verified=false; graph_update_allowed=false
259,RQ-fa0b785b549a5cdcb3dc,topographic_map,grade_separated_crossing_candidate,1000037612047A00610000000000000001,OSM_E_297281732_29ac95e2c0,unique,0.0,2025,False,False,4.5038,1,4,7,0,15,10,32,low,advisory_unvalidated_priority; pending; verified=false; graph_update_allowed=false
260,RQ-10a79251bf11b3ed4f44,topographic_map,pedestrian_area,1000037612047A00310000000000000439,OSM_E_82909653_69d40a82a2,ambiguous,3.209,2025,False,False,2.0842,2,1,4,16,8,3,31,low,advisory_unvalidated_priority; pending; verified=false; graph_update_allowed=false
261,RQ-26302927eda4ab8675ae,topographic_map,pedestrian_area,1000037612048A00310000000000000435,OSM_E_38609193_1d4020e7fb,ambiguous,5.241,2025,False,False,4.6866,3,3,7,16,0,8,31,low,advisory_unvalidated_priority; pending; verified=false; graph_update_allowed=false
262,RQ-5a94ba503abb38e7360e,topographic_map,pedestrian_area,1000037612048A00310000000000000436,OSM_E_38608981_00704d217f,ambiguous,3.063,2025,False,False,1.9448,2,1,4,16,8,3,31,low,advisory_unvalidated_priority; pending; verified=false; graph_update_allowed=false
263,RQ-ce4f5b6df22afa5c057a,orthophoto,orthophoto_crosswalk_visual_qa,2024121431,OSM_E_60819380_8aca778b9e,unique,1.37,2025,False,True,24.608,2,1,20,0,8,3,31,low,advisory_unvalidated_priority; pending; verified=false; graph_update_allowed=false
264,RQ-173460e6bd59932f7bbf,dem,coarse_context_only,OSM_E_379904072_bc8cc74975,OSM_E_379904072_bc8cc74975,insufficient_resolution,,2025,False,False,3.9031,4,3,7,15,0,8,30,low,advisory_unvalidated_priority; pending; verified=false; graph_update_allowed=false
265,RQ-25e29d73cd0cbff4e8ec,public_crosswalk,unmatched,2024120939,OSM_E_380698412_3c9b499ae5,unique,1.093,2026,False,True,14.6539,3,4,20,0,0,10,30,low,advisory_unvalidated_priority; pending; verified=false; graph_update_allowed=false
266,RQ-2d0f98599545d00db5bd,dem,coarse_context_only,OSM_E_318729248_62043fbbc3,OSM_E_318729248_62043fbbc3,insufficient_resolution,,2025,False,False,2.5511,2,1,4,15,8,3,30,low,advisory_unvalidated_priority; pending; verified=false; graph_update_allowed=false
267,RQ-38e96ecdd8b2cebe1cb6,dem,insufficient_resolution,OSM_E_38609292_00d0421666,OSM_E_38609292_00d0421666,insufficient_resolution,,2025,False,False,2.5409,2,1,4,15,8,3,30,low,advisory_unvalidated_priority; pending; verified=false; graph_update_allowed=false
268,RQ-44609ad873b719af9cd7,dem,insufficient_resolution,OSM_E_863717799_ff5d7e1375,OSM_E_863717799_ff5d7e1375,insufficient_resolution,,2025,False,False,2.0475,2,1,4,15,8,3,30,low,advisory_unvalidated_priority; pending; verified=false; graph_update_allowed=false
269,RQ-4c460ecfc946605b0db4,dem,insufficient_resolution,OSM_E_576208626_b1685e4b88,OSM_E_576208626_b1685e4b88,insufficient_resolution,,2025,False,False,3.556,3,3,7,15,0,8,30,low,advisory_unvalidated_priority; pending; verified=false; graph_update_allowed=false
270,RQ-5ba0962d86d930e58821,dem,insufficient_resolution,OSM_E_38608979_b554f15cda,OSM_E_38608979_b554f15cda,insufficient_resolution,,2025,False,False,2.9202,2,1,4,15,8,3,30,low,advisory_unvalidated_priority; pending; verified=false; graph_update_allowed=false
271,RQ-944d5d720e3ca4e050c2,hdmap,sidewalk_polygon,A4243I005111,OSM_E_379904071_44f503fc86,unique,2.971,2023,False,False,3.9656,1,3,7,0,15,8,30,low,advisory_unvalidated_priority; pending; verified=false; graph_update_allowed=false
272,RQ-9bfeb38e3257314675fe,dem,insufficient_resolution,OSM_E_38609547_97edfbd93f,OSM_E_38609547_97edfbd93f,insufficient_resolution,,2025,False,False,2.6517,2,1,4,15,8,3,30,low,advisory_unvalidated_priority; pending; verified=false; graph_update_allowed=false
273,RQ-ceff37b9c18879111938,dem,coarse_context_only,OSM_E_38608981_00704d217f,OSM_E_38608981_00704d217f,insufficient_resolution,,2025,False,False,1.9448,2,1,4,15,8,3,30,low,advisory_unvalidated_priority; pending; verified=false; graph_update_allowed=false
274,RQ-dd6eb3383df46489270d,dem,coarse_context_only,OSM_E_379904045_c04dc0496e,OSM_E_379904045_c04dc0496e,insufficient_resolution,,2025,False,False,2.4299,2,1,4,15,8,3,30,low,advisory_unvalidated_priority; pending; verified=false; graph_update_allowed=false
275,RQ-16b8d69f50726bcaa6c3,topographic_map,crossing_candidate,1000376121405A00410000000000000008,OSM_E_380073443_22579d3fcb,ambiguous,0.0,2022,False,False,3.7422,3,4,7,12,0,10,29,low,advisory_unvalidated_priority; pending; verified=false; graph_update_allowed=false
276,RQ-394651aab57ba2f229f8,topographic_map,pedestrian_area,1000037612037A00310000000000000574,OSM_E_380184681_d31ec1cff8,unique,2.141,2025,False,False,2.1762,1,4,4,0,15,10,29,low,advisory_unvalidated_priority; pending; verified=false; graph_update_allowed=false
277,RQ-4a9467c5cd9ee46b6fde,dem,coarse_context_only,OSM_E_589960556_92626e3562,OSM_E_589960556_92626e3562,insufficient_resolution,,2025,False,False,2.1386,3,4,4,15,0,10,29,low,advisory_unvalidated_priority; pending; verified=false; graph_update_allowed=false
278,RQ-768959cacbc73c2d357e,public_crosswalk,outside_hd_coverage,2025085035,OSM_E_38609292_a39d5994bc,unique,4.464,2026,False,True,2.0451,2,1,14,4,8,3,29,low,advisory_unvalidated_priority; pending; verified=false; graph_update_allowed=false
279,RQ-d340b777ba0861ada6b1,dem,coarse_context_only,OSM_E_475755505_eac146f9af,OSM_E_475755505_eac146f9af,insufficient_resolution,,2025,False,False,2.4669,3,4,4,15,0,10,29,low,advisory_unvalidated_priority; pending; verified=false; graph_update_allowed=false
280,RQ-ffcbbba86659bd2191b2,dem,coarse_context_only,OSM_E_38609408_b27393be54,OSM_E_38609408_b27393be54,insufficient_resolution,,2025,False,False,2.1048,3,4,4,15,0,10,29,low,advisory_unvalidated_priority; pending; verified=false; graph_update_allowed=false
281,RQ-3ec3fe48eeaf773e09bc,hdmap,crosswalk_polygon,B3243I005526,OSM_E_318577513_268f213849,unique,0.0,2023,False,True,6.759,3,3,20,0,0,8,28,low,advisory_unvalidated_priority; pending; verified=false; graph_update_allowed=false
282,RQ-854016e4ecb8a55a7a62,topographic_map,stairs_candidate,1000037612037C03910000000000000033,OSM_E_380194922_e00ee2ab58,unique,0.0,2025,False,False,9.6,1,1,10,0,15,3,28,low,advisory_unvalidated_priority; pending; verified=false; graph_update_allowed=false
283,RQ-85dd9549de722fe52ad9,hdmap,crosswalk_polygon,B3243I005525,OSM_E_318577513_268f213849,unique,0.0,2023,False,True,6.759,3,3,20,0,0,8,28,low,advisory_unvalidated_priority; pending; verified=false; graph_update_allowed=false
284,RQ-a3a9b5718ba3ec1c473e,public_crosswalk,outside_hd_coverage,2024121068,OSM_E_60819380_fa291dd1d2,unique,5.066,2026,False,True,1.7475,3,4,14,4,0,10,28,low,advisory_unvalidated_priority; pending; verified=false; graph_update_allowed=false
285,RQ-fe30aa0ec64858059437,public_crosswalk,matched_near,2024121038,OSM_E_318577513_268f213849,unique,1.866,2026,False,True,6.759,3,3,20,0,0,8,28,low,advisory_unvalidated_priority; pending; verified=false; graph_update_allowed=false
286,RQ-7c5771c80a58e541d28e,topographic_map,crossing_candidate,1000376120995A00410000000000000005,OSM_E_915477947_d2ce447501,unique,0.0,2022,False,True,4.3473,3,4,17,0,0,10,27,low,advisory_unvalidated_priority; pending; verified=false; graph_update_allowed=false
287,RQ-0b24f90fbc7490aa9186,topographic_map,crossing_candidate,1000376121405A00410000000000000026,OSM_E_589960556_842b978522,ambiguous,4.078,2022,False,False,1.401,3,4,0,16,0,10,26,low,advisory_unvalidated_priority; pending; verified=false; graph_update_allowed=false
288,RQ-4000be0752bc386dc176,topographic_map,crossing_candidate,1000376121406A00410000000000000010,OSM_E_378310197_17ecd71dc0,ambiguous,0.0,2022,False,False,1.736,3,4,4,12,0,10,26,low,advisory_unvalidated_priority; pending; verified=false; graph_update_allowed=false
289,RQ-8d9c731c96065b0ffdf2,dem,coarse_context_only,OSM_E_380073444-380073445-863717799_3ae02c420e,OSM_E_380073444-380073445-863717799_3ae02c420e,insufficient_resolution,,2025,False,False,1.0338,2,1,0,15,8,3,26,low,advisory_unvalidated_priority; pending; verified=false; graph_update_allowed=false
290,RQ-13e96191251a32e405bd,public_crosswalk,unmatched,2024121415,OSM_E_471928256_767ea72f33,unique,0.427,2026,False,True,2.5463,2,1,14,0,8,3,25,low,advisory_unvalidated_priority; pending; verified=false; graph_update_allowed=false
291,RQ-42a46a1b68f9f55f5ed9,topographic_map,pedestrian_area,1000376121406A00310000000000000006,OSM_E_380073450_31824906cb,unique,0.121,2022,False,False,1.429,1,4,0,0,15,10,25,low,advisory_unvalidated_priority; pending; verified=false; graph_update_allowed=false
292,RQ-5544ba879081f33eb75a,dem,coarse_context_only,OSM_E_379904043_5c179cf6dc,OSM_E_379904043_5c179cf6dc,insufficient_resolution,,2025,False,False,4.4155,3,1,7,15,0,3,25,low,advisory_unvalidated_priority; pending; verified=false; graph_update_allowed=false
293,RQ-8ea1de9f1d923ef53484,public_crosswalk,unmatched,2024121530,OSM_E_998179361_7decd436af,unique,0.732,2026,False,True,2.6185,2,1,14,0,8,3,25,low,advisory_unvalidated_priority; pending; verified=false; graph_update_allowed=false
294,RQ-af122cfc8b1bb558d771,orthophoto,orthophoto_crosswalk_visual_qa,2025085003,OSM_E_38609212_b91ebb3637,unique,1.147,2025,False,True,1.9282,2,1,14,0,8,3,25,low,advisory_unvalidated_priority; pending; verified=false; graph_update_allowed=false
295,RQ-330953aceefd766f7ba2,topographic_map,stairs_candidate,1000037612037C03910000000000000013,OSM_E_60819380_fa291dd1d2,unique,1.813,2025,False,True,1.7475,3,4,14,0,0,10,24,low,advisory_unvalidated_priority; pending; verified=false; graph_update_allowed=false
296,RQ-897aea12dc80d6be947c,topographic_map,pedestrian_area,1000037612037A00310000000000000676,OSM_E_60819380_fa291dd1d2,unique,0.0,2025,False,True,1.7475,3,4,14,0,0,10,24,low,advisory_unvalidated_priority; pending; verified=false; graph_update_allowed=false
297,RQ-9670eacbe2a739203bc5,topographic_map,crossing_candidate,1000376120995A00410000000000000029,OSM_E_60819380_fa291dd1d2,unique,2.191,2022,False,True,1.7475,3,4,14,0,0,10,24,low,advisory_unvalidated_priority; pending; verified=false; graph_update_allowed=false
298,RQ-993043ccd28b2a566df9,topographic_map,crossing_candidate,1000376121406A00410000000000000009,OSM_E_997743014_c6460d393f,unique,3.324,2022,False,False,6.7552,3,4,10,4,0,10,24,low,advisory_unvalidated_priority; pending; verified=false; graph_update_allowed=false
299,RQ-c3e3184a1041ebab46b8,topographic_map,stairs_candidate,10000376120995C0391000000000000006,OSM_E_60819380_fa291dd1d2,unique,1.813,2022,False,True,1.7475,3,4,14,0,0,10,24,low,advisory_unvalidated_priority; pending; verified=false; graph_update_allowed=false
300,RQ-f39b270d4d33966b7a73,orthophoto,orthophoto_crosswalk_visual_qa,2025085008,OSM_E_814055256_2a93e9941a,unique,3.573,2025,False,True,3.1963,3,1,17,4,0,3,24,low,advisory_unvalidated_priority; pending; verified=false; graph_update_allowed=false
301,RQ-00098519f1203e64daff,topographic_map,pedestrian_area,1000037612048A00310000000000000191,OSM_E_38609230_077fa5839e,ambiguous,4.72,2025,False,False,1.7084,3,1,4,16,0,3,23,low,advisory_unvalidated_priority; pending; verified=false; graph_update_allowed=false
302,RQ-3c808648c91dcf83a754,hdmap,sidewalk_polygon,A4243I005114,OSM_E_38609212_9c63dfe7fb,unique,7.057,2023,False,False,4.4003,3,3,7,8,0,8,23,low,advisory_unvalidated_priority; pending; verified=false; graph_update_allowed=false
303,RQ-4f5cbc9bb1454d9d7541,hdmap,concrete_curb_line,C3243I005132,OSM_E_38609193_76bdb7009f,unique,8.606,2023,False,False,4.1206,3,3,7,8,0,8,23,low,advisory_unvalidated_priority; pending; verified=false; graph_update_allowed=false
304,RQ-af4f10fe6883f5b9d659,hdmap,sidewalk_polygon,A4243I005112,OSM_E_38609193_76bdb7009f,unique,8.606,2023,False,False,4.1206,3,3,7,8,0,8,23,low,advisory_unvalidated_priority; pending; verified=false; graph_update_allowed=false
305,RQ-48b1c7589fce990ebd4b,hdmap,sidewalk_polygon,A4243I005101,OSM_E_576208626_915707d9e2,unique,14.539,2023,False,False,2.0014,3,3,4,10,0,8,22,low,advisory_unvalidated_priority; pending; verified=false; graph_update_allowed=false
306,RQ-7cd6fab16c73353c734b,hdmap,concrete_curb_line,C3243I005076,OSM_E_576208626_915707d9e2,unique,14.539,2023,False,False,2.0014,3,3,4,10,0,8,22,low,advisory_unvalidated_priority; pending; verified=false; graph_update_allowed=false
307,RQ-df92a2995596e78acf95,dem,coarse_context_only,OSM_E_379904042_41257d65af,OSM_E_379904042_41257d65af,insufficient_resolution,,2025,False,False,2.1226,3,1,4,15,0,3,22,low,advisory_unvalidated_priority; pending; verified=false; graph_update_allowed=false
308,RQ-1a4b0c16e443368ade30,orthophoto,orthophoto_crosswalk_visual_qa,2024121061,OSM_E_927242296_81ea59492a,unique,5.079,2025,False,True,2.7572,3,1,14,4,0,3,21,low,advisory_unvalidated_priority; pending; verified=false; graph_update_allowed=false
309,RQ-40ae1e5bf501057febb7,public_crosswalk,unmatched,2024120010,OSM_E_38609212_3ec02c3637,unique,0.296,2026,False,False,5.1466,2,1,10,0,8,3,21,low,advisory_unvalidated_priority; pending; verified=false; graph_update_allowed=false
310,RQ-6ab45bf82334e7171ebc,public_crosswalk,outside_hd_coverage,2024121051,OSM_E_814055256_1e9a5e1024,unique,1.064,2026,False,False,11.1791,2,1,10,0,8,3,21,low,advisory_unvalidated_priority; pending; verified=false; graph_update_allowed=false
311,RQ-b34670936c7796d94dc8,orthophoto,orthophoto_crosswalk_visual_qa,2024121065,OSM_E_589960556_35a0432f7c,unique,3.148,2025,False,False,4.4777,3,4,7,4,0,10,21,low,advisory_unvalidated_priority; pending; verified=false; graph_update_allowed=false
312,RQ-b90ff132d50391fe34de,public_crosswalk,unmatched,2024120270,OSM_E_318729248_b357d71fcb,unique,2.212,2026,False,False,5.1165,2,1,10,0,8,3,21,low,advisory_unvalidated_priority; pending; verified=false; graph_update_allowed=false
313,RQ-c64aefa49a79a5935646,public_crosswalk,unmatched,2024120284,OSM_E_38609193_25b59a8fe8,unique,0.059,2026,False,False,6.643,2,1,10,0,8,3,21,low,advisory_unvalidated_priority; pending; verified=false; graph_update_allowed=false
314,RQ-dadb8d8d767f1198c6c8,public_crosswalk,nearby_review,2024120004,OSM_E_38609193_8dbd554482,unique,0.819,2026,False,False,6.4155,2,1,10,0,8,3,21,low,advisory_unvalidated_priority; pending; verified=false; graph_update_allowed=false
315,RQ-0e2b007af226b83df6f3,topographic_map,pedestrian_area,1000037612038A00310000000000000078,OSM_E_381203805_292e56ecaa,unique,0.0,2025,False,False,5.5188,3,4,10,0,0,10,20,low,advisory_unvalidated_priority; pending; verified=false; graph_update_allowed=false
316,RQ-25d28dc5ce650009535c,topographic_map,crossing_candidate,1000376120995A00410000000000000037,OSM_E_380073462_65ea80ab8d,unique,2.312,2022,False,False,8.3858,3,4,10,0,0,10,20,low,advisory_unvalidated_priority; pending; verified=false; graph_update_allowed=false
317,RQ-2b7342cf1a62b722e077,topographic_map,crossing_candidate,1000376120994A00410000000000000022,OSM_E_915477950_dfae5f6f89,unique,0.0,2022,False,False,12.165,3,4,10,0,0,10,20,low,advisory_unvalidated_priority; pending; verified=false; graph_update_allowed=false
318,RQ-35d6fa841ee4993c8621,topographic_map,crossing_candidate,1000376121406A00410000000000000002,OSM_E_318699969_2e6be615d4,unique,2.705,2022,False,False,12.5349,3,4,10,0,0,10,20,low,advisory_unvalidated_priority; pending; verified=false; graph_update_allowed=false
319,RQ-4fd1461f7c5f611ffbd3,topographic_map,crossing_candidate,1000376120995A00410000000000000002,OSM_E_380194921_0c3836c32c,unique,0.0,2022,False,True,1.1724,3,4,10,0,0,10,20,low,advisory_unvalidated_priority; pending; verified=false; graph_update_allowed=false
320,RQ-6fabbf43e83f7591d7f6,topographic_map,crossing_candidate,1000376120996A00410000000000000019,OSM_E_60819380_11ca288854,unique,0.0,2022,False,False,5.0499,3,4,10,0,0,10,20,low,advisory_unvalidated_priority; pending; verified=false; graph_update_allowed=false
321,RQ-a24d9b664ed0c97b6ede,orthophoto,orthophoto_crosswalk_visual_qa,2024122507,OSM_E_814338816_93346b0454,unique,1.811,2025,False,False,5.3939,3,4,10,0,0,10,20,low,advisory_unvalidated_priority; pending; verified=false; graph_update_allowed=false
322,RQ-c49a43b9d606b7f71c8d,public_crosswalk,outside_hd_coverage,2024122509,OSM_E_863717799_38130d501d,unique,0.028,2026,False,False,5.288,3,4,10,0,0,10,20,low,advisory_unvalidated_priority; pending; verified=false; graph_update_allowed=false
323,RQ-c7ed171cf866011de5a5,topographic_map,crossing_candidate,1000376121405A00410000000000000027,OSM_E_297281730_40fd087550,unique,0.0,2022,False,False,23.4873,3,4,10,0,0,10,20,low,advisory_unvalidated_priority; pending; verified=false; graph_update_allowed=false
324,RQ-e21df6d24c7f9b97dfac,topographic_map,crossing_candidate,1000376120996A00410000000000000005,OSM_E_380194921_0c3836c32c,unique,0.0,2022,False,True,1.1724,3,4,10,0,0,10,20,low,advisory_unvalidated_priority; pending; verified=false; graph_update_allowed=false
325,RQ-085cab9ee885df2981de,hdmap,sidewalk_polygon,A4243I005113,OSM_E_38609212_9c63dfe7fb,unique,3.852,2023,False,False,4.4003,3,3,7,4,0,8,19,low,advisory_unvalidated_priority; pending; verified=false; graph_update_allowed=false
326,RQ-0a7af46ae10b12411df3,hdmap,concrete_curb_line,C3243I005129,OSM_E_379904072_bc8cc74975,unique,3.27,2023,False,False,3.9031,4,3,7,4,0,8,19,low,advisory_unvalidated_priority; pending; verified=false; graph_update_allowed=false
327,RQ-1dc13fc24a529aa708ad,hdmap,sidewalk_polygon,A4243I005106,OSM_E_379904081_f65a8c7594,unique,3.182,2023,False,False,4.4226,4,3,7,4,0,8,19,low,advisory_unvalidated_priority; pending; verified=false; graph_update_allowed=false
328,RQ-2c73a612671256b4f575,hdmap,concrete_curb_line,C3243I005128,OSM_E_379904072_bc8cc74975,unique,5.698,2023,False,False,3.9031,4,3,7,4,0,8,19,low,advisory_unvalidated_priority; pending; verified=false; graph_update_allowed=false
329,RQ-3cc0240a012cd4640148,hdmap,sidewalk_polygon,A4243I005109,OSM_E_379904072_bc8cc74975,unique,3.27,2023,False,False,3.9031,4,3,7,4,0,8,19,low,advisory_unvalidated_priority; pending; verified=false; graph_update_allowed=false
330,RQ-594ac242feb5c7e35c09,hdmap,concrete_curb_line,C3243I005133,OSM_E_38609212_9c63dfe7fb,unique,5.223,2023,False,False,4.4003,3,3,7,4,0,8,19,low,advisory_unvalidated_priority; pending; verified=false; graph_update_allowed=false
331,RQ-59d38f15517b68f69101,hdmap,sidewalk_polygon,A4243I005108,OSM_E_379904072_bc8cc74975,unique,4.277,2023,False,False,3.9031,4,3,7,4,0,8,19,low,advisory_unvalidated_priority; pending; verified=false; graph_update_allowed=false
332,RQ-5cf8f167df9d4094d042,hdmap,concrete_curb_line,C3243I005248,OSM_E_379904081_f65a8c7594,unique,3.235,2023,False,False,4.4226,4,3,7,4,0,8,19,low,advisory_unvalidated_priority; pending; verified=false; graph_update_allowed=false
333,RQ-5fb9f553548809e2a5d0,public_crosswalk,nearby_review,2024120013,OSM_E_38609212_9c63dfe7fb,unique,4.333,2026,False,False,4.4003,3,3,7,4,0,8,19,low,advisory_unvalidated_priority; pending; verified=false; graph_update_allowed=false
334,RQ-7d7c272083ccc7c8b7c1,hdmap,concrete_curb_line,C3243I005246,OSM_E_379904078_90108bc478,unique,3.145,2023,False,False,4.3595,3,3,7,4,0,8,19,low,advisory_unvalidated_priority; pending; verified=false; graph_update_allowed=false
335,RQ-968dd760f45bbdb35aa4,hdmap,sidewalk_polygon,A4243I005102,OSM_E_38609193_1d4020e7fb,unique,5.315,2023,False,False,4.6866,3,3,7,4,0,8,19,low,advisory_unvalidated_priority; pending; verified=false; graph_update_allowed=false
336,RQ-a391ba649834efa9aabf,hdmap,concrete_curb_line,C3243I005249,OSM_E_379904081_f65a8c7594,unique,4.465,2023,False,False,4.4226,4,3,7,4,0,8,19,low,advisory_unvalidated_priority; pending; verified=false; graph_update_allowed=false
337,RQ-cefdd900f930c4c683bb,orthophoto,orthophoto_crosswalk_visual_qa,2025085030,OSM_E_38609097_9f191ff09b,unique,4.4,2025,False,False,1.913,2,1,4,4,8,3,19,low,advisory_unvalidated_priority; pending; verified=false; graph_update_allowed=false
338,RQ-d7a96dafee677641d362,hdmap,concrete_curb_line,C3243I005077,OSM_E_38609193_1d4020e7fb,unique,5.315,2023,False,False,4.6866,3,3,7,4,0,8,19,low,advisory_unvalidated_priority; pending; verified=false; graph_update_allowed=false
339,RQ-e3ec4518467ec914616b,hdmap,sidewalk_polygon,A4243I005103,OSM_E_38609193_1d4020e7fb,unique,5.581,2023,False,False,4.6866,3,3,7,4,0,8,19,low,advisory_unvalidated_priority; pending; verified=false; graph_update_allowed=false
340,RQ-f360116508ba9e2d6f76,public_crosswalk,unmatched,2024121432,OSM_E_60819380_40a361c5c1,unique,3.849,2026,False,False,2.6116,2,1,4,4,8,3,19,low,advisory_unvalidated_priority; pending; verified=false; graph_update_allowed=false
341,RQ-0c79b3ff271f16ae6b6d,hdmap,crosswalk_polygon,B3243I005835,OSM_E_576208626_5d940fc362,unique,0.0,2023,False,False,5.0031,3,3,10,0,0,8,18,low,advisory_unvalidated_priority; pending; verified=false; graph_update_allowed=false
342,RQ-28c7c57c8654b5ec0d01,public_crosswalk,matched_near,2024120003,OSM_E_576208626_5d940fc362,unique,1.629,2026,False,False,5.0031,3,3,10,0,0,8,18,low,advisory_unvalidated_priority; pending; verified=false; graph_update_allowed=false
343,RQ-9463a683eed052d7fb7e,public_crosswalk,outside_hd_coverage,2025085012,OSM_E_38609097_9893769d40,unique,1.346,2026,False,False,4.138,2,1,7,0,8,3,18,low,advisory_unvalidated_priority; pending; verified=false; graph_update_allowed=false
344,RQ-abf277f388020ccd8e2c,hdmap,concrete_curb_line,C3243I005200,OSM_E_576208626_5d940fc362,unique,1.206,2023,False,False,5.0031,3,3,10,0,0,8,18,low,advisory_unvalidated_priority; pending; verified=false; graph_update_allowed=false
345,RQ-be4df513333a94be71ce,public_crosswalk,unmatched,2024120075,OSM_E_475755505_eac146f9af,unique,5.202,2026,False,False,2.4669,3,4,4,4,0,10,18,low,advisory_unvalidated_priority; pending; verified=false; graph_update_allowed=false
346,RQ-cbb3f6f0f07b3900e92a,public_crosswalk,unmatched,2024121536,OSM_E_318700001_967f0a0f0c,unique,1.409,2026,False,False,3.827,2,1,7,0,8,3,18,low,advisory_unvalidated_priority; pending; verified=false; graph_update_allowed=false
347,RQ-fdf2ced9dd2b2c8abc3f,hdmap,concrete_curb_line,C3243I005201,OSM_E_576208626_5d940fc362,unique,0.751,2023,False,False,5.0031,3,3,10,0,0,8,18,low,advisory_unvalidated_priority; pending; verified=false; graph_update_allowed=false
348,RQ-259a010d30d2694a08b4,topographic_map,crossing_candidate,1000376121405A00410000000000000020,OSM_E_863717799_2dada9cde9,unique,0.0,2022,False,False,4.1589,3,4,7,0,0,10,17,low,advisory_unvalidated_priority; pending; verified=false; graph_update_allowed=false
349,RQ-2c1eb32fce613b98734c,topographic_map,crossing_candidate,1000376121405A00410000000000000019,OSM_E_380063841_07c3b9f867,unique,0.0,2022,False,False,4.4866,3,4,7,0,0,10,17,low,advisory_unvalidated_priority; pending; verified=false; graph_update_allowed=false
350,RQ-336e88f574bd5653acee,public_crosswalk,outside_hd_coverage,2024120928,OSM_E_380073459_5175ea2ed1,unique,0.872,2026,False,False,4.3411,3,4,7,0,0,10,17,low,advisory_unvalidated_priority; pending; verified=false; graph_update_allowed=false
351,RQ-3b97d9ae469661857b82,orthophoto,orthophoto_crosswalk_visual_qa,2024122514,OSM_E_38609253_e2d86b37f3,unique,0.86,2025,False,False,3.9665,3,4,7,0,0,10,17,low,advisory_unvalidated_priority; pending; verified=false; graph_update_allowed=false
352,RQ-48a11d30f26e3f14f3c8,topographic_map,crossing_candidate,1000376120996A00410000000000000017,OSM_E_60819380_c2b1db4e64,unique,0.0,2022,False,False,3.7678,3,4,7,0,0,10,17,low,advisory_unvalidated_priority; pending; verified=false; graph_update_allowed=false
353,RQ-7c39f88a70b7fed21fa0,public_crosswalk,outside_hd_coverage,2024121141,OSM_E_380188894_dc2784a823,unique,0.771,2026,False,False,3.4882,3,4,7,0,0,10,17,low,advisory_unvalidated_priority; pending; verified=false; graph_update_allowed=false
354,RQ-859b9f126fe6d44fb0d9,topographic_map,crossing_candidate,1000376120994A00410000000000000005,OSM_E_915477945_e42578c6c3,unique,0.0,2022,False,False,4.9644,3,4,7,0,0,10,17,low,advisory_unvalidated_priority; pending; verified=false; graph_update_allowed=false
355,RQ-92a436b2d6c7c9923a2a,topographic_map,crossing_candidate,1000376121405A00410000000000000023,OSM_E_38609547_40c76e3ab4,unique,0.0,2022,False,False,3.6991,3,4,7,0,0,10,17,low,advisory_unvalidated_priority; pending; verified=false; graph_update_allowed=false
356,RQ-b847e1bfcf13ccd46c0f,topographic_map,crossing_candidate,1000376120995A00410000000000000018,OSM_E_380073459_5175ea2ed1,unique,0.0,2022,False,False,4.3411,3,4,7,0,0,10,17,low,advisory_unvalidated_priority; pending; verified=false; graph_update_allowed=false
357,RQ-cd498cbaa024ff1b44a6,orthophoto,orthophoto_crosswalk_visual_qa,2024122508,OSM_E_38609097_eaa60c85ce,unique,0.852,2025,False,False,4.7043,3,4,7,0,0,10,17,low,advisory_unvalidated_priority; pending; verified=false; graph_update_allowed=false
358,RQ-dfb5bedea8d6003a82a4,orthophoto,orthophoto_crosswalk_visual_qa,2024120928,OSM_E_380073459_5175ea2ed1,unique,0.872,2025,False,False,4.3411,3,4,7,0,0,10,17,low,advisory_unvalidated_priority; pending; verified=false; graph_update_allowed=false
359,RQ-f4fa2209c3923dd78db9,topographic_map,crossing_candidate,1000376120994A00410000000000000013,OSM_E_380188854_94bf2ab410,unique,0.0,2022,False,False,4.8541,3,4,7,0,0,10,17,low,advisory_unvalidated_priority; pending; verified=false; graph_update_allowed=false
360,RQ-028e8bf5cfb816e93030,hdmap,crosswalk_polygon,B3243I005565,OSM_E_38609193_76bdb7009f,unique,0.0,2023,False,False,4.1206,3,3,7,0,0,8,15,low,advisory_unvalidated_priority; pending; verified=false; graph_update_allowed=false
361,RQ-0829d95900bc26c54789,hdmap,crosswalk_polygon,B3243I005579,OSM_E_379904072_bc8cc74975,unique,0.0,2023,False,False,3.9031,4,3,7,0,0,8,15,low,advisory_unvalidated_priority; pending; verified=false; graph_update_allowed=false
362,RQ-0ec4a2df3e2672714801,public_crosswalk,matched_near,2024121873,OSM_E_38609212_9c63dfe7fb,unique,1.707,2026,False,False,4.4003,3,3,7,0,0,8,15,low,advisory_unvalidated_priority; pending; verified=false; graph_update_allowed=false
363,RQ-1642075deabffac31b35,hdmap,crosswalk_polygon,B3243I005841,OSM_E_38609193_1d4020e7fb,unique,0.0,2023,False,False,4.6866,3,3,7,0,0,8,15,low,advisory_unvalidated_priority; pending; verified=false; graph_update_allowed=false
364,RQ-3e79c7483ccb333d5c41,hdmap,crosswalk_polygon,B3243I005553,OSM_E_38609212_9c63dfe7fb,unique,0.0,2023,False,False,4.4003,3,3,7,0,0,8,15,low,advisory_unvalidated_priority; pending; verified=false; graph_update_allowed=false
365,RQ-3f7ec35bbcc2c92fa336,hdmap,crosswalk_polygon,B3243I005528,OSM_E_576208626_b1685e4b88,unique,0.0,2023,False,False,3.556,3,3,7,0,0,8,15,low,advisory_unvalidated_priority; pending; verified=false; graph_update_allowed=false
366,RQ-4cf5fb31ee8499b757e3,public_crosswalk,matched_near,2024121876,OSM_E_38609193_1d4020e7fb,unique,0.129,2026,False,False,4.6866,3,3,7,0,0,8,15,low,advisory_unvalidated_priority; pending; verified=false; graph_update_allowed=false
367,RQ-6bcf414ced84d18c4dcc,hdmap,crosswalk_polygon,B3243I005527,OSM_E_576208626_b1685e4b88,unique,0.0,2023,False,False,3.556,3,3,7,0,0,8,15,low,advisory_unvalidated_priority; pending; verified=false; graph_update_allowed=false
368,RQ-71731dc465948d62d45a,public_crosswalk,outside_hd_coverage,2024120362,OSM_E_38609408_f068e9c4d0,unique,2.183,2026,False,False,2.1512,2,1,4,0,8,3,15,low,advisory_unvalidated_priority; pending; verified=false; graph_update_allowed=false
369,RQ-79565670af6a94354289,public_crosswalk,nearby_review,2024120005,OSM_E_38609193_76bdb7009f,unique,0.841,2026,False,False,4.1206,3,3,7,0,0,8,15,low,advisory_unvalidated_priority; pending; verified=false; graph_update_allowed=false
370,RQ-8d5b1e6ebd5612dff292,public_crosswalk,nearby_review,2024121870,OSM_E_379904081_f65a8c7594,unique,0.464,2026,False,False,4.4226,4,3,7,0,0,8,15,low,advisory_unvalidated_priority; pending; verified=false; graph_update_allowed=false
371,RQ-977b2528fcba694cf225,public_crosswalk,matched_near,2024121880,OSM_E_379904072_bc8cc74975,unique,0.135,2026,False,False,3.9031,4,3,7,0,0,8,15,low,advisory_unvalidated_priority; pending; verified=false; graph_update_allowed=false
372,RQ-ab1b2b3a91243fb01699,hdmap,concrete_curb_line,C3243I005078,OSM_E_379904078_90108bc478,unique,2.529,2023,False,False,4.3595,3,3,7,0,0,8,15,low,advisory_unvalidated_priority; pending; verified=false; graph_update_allowed=false
373,RQ-ac4d8030dad2e4674cee,hdmap,concrete_curb_line,C3243I005075,OSM_E_38609212_e537583772,unique,1.844,2023,False,False,4.5388,3,3,7,0,0,8,15,low,advisory_unvalidated_priority; pending; verified=false; graph_update_allowed=false
374,RQ-b1e954b14807d3858583,hdmap,sidewalk_polygon,A4243I005100,OSM_E_38609212_e537583772,unique,2.146,2023,False,False,4.5388,3,3,7,0,0,8,15,low,advisory_unvalidated_priority; pending; verified=false; graph_update_allowed=false
375,RQ-b292840971a4afd80ff0,public_crosswalk,outside_hd_coverage,2024120111,OSM_E_379904074_efe84b4a52,unique,1.554,2026,False,False,2.0416,2,1,4,0,8,3,15,low,advisory_unvalidated_priority; pending; verified=false; graph_update_allowed=false
376,RQ-ca7e78adf86fe883a28f,hdmap,crosswalk_polygon,B3243I005564,OSM_E_38609193_76bdb7009f,unique,0.0,2023,False,False,4.1206,3,3,7,0,0,8,15,low,advisory_unvalidated_priority; pending; verified=false; graph_update_allowed=false
377,RQ-e68482ed2baa57727486,public_crosswalk,matched_near,2024120486,OSM_E_576208626_b1685e4b88,unique,1.192,2026,False,False,3.556,3,3,7,0,0,8,15,low,advisory_unvalidated_priority; pending; verified=false; graph_update_allowed=false
378,RQ-e98e2a4dacfea1fe2a05,public_crosswalk,nearby_review,2024121874,OSM_E_38609212_e537583772,unique,2.932,2026,False,False,4.5388,3,3,7,0,0,8,15,low,advisory_unvalidated_priority; pending; verified=false; graph_update_allowed=false
379,RQ-ea4edf80294d616d945d,hdmap,sidewalk_polygon,A4243I005104,OSM_E_379904078_90108bc478,unique,2.529,2023,False,False,4.3595,3,3,7,0,0,8,15,low,advisory_unvalidated_priority; pending; verified=false; graph_update_allowed=false
380,RQ-ee559cb83a38bd3b94b1,public_crosswalk,matched_near,2024121881,OSM_E_38609193_76bdb7009f,unique,0.695,2026,False,False,4.1206,3,3,7,0,0,8,15,low,advisory_unvalidated_priority; pending; verified=false; graph_update_allowed=false
381,RQ-f0e862c75ecbe4bc6e85,hdmap,crosswalk_polygon,B3243I005840,OSM_E_38609193_1d4020e7fb,unique,0.0,2023,False,False,4.6866,3,3,7,0,0,8,15,low,advisory_unvalidated_priority; pending; verified=false; graph_update_allowed=false
382,RQ-ff9a70c740d8cfa54d04,hdmap,concrete_curb_line,C3243I005247,OSM_E_379904081_f65a8c7594,unique,1.525,2023,False,False,4.4226,4,3,7,0,0,8,15,low,advisory_unvalidated_priority; pending; verified=false; graph_update_allowed=false
383,RQ-2656fae1de92fafdb84f,topographic_map,crossing_candidate,1000376120996A00410000000000000014,OSM_E_380073459_e8800b9e86,unique,0.0,2022,False,False,2.9854,3,4,4,0,0,10,14,low,advisory_unvalidated_priority; pending; verified=false; graph_update_allowed=false
384,RQ-34b14d3d0b833f606e4c,public_crosswalk,unmatched,2024120073,OSM_E_378310197-927236593_137e1e5cbf,unique,0.516,2026,False,False,2.9472,3,4,4,0,0,10,14,low,advisory_unvalidated_priority; pending; verified=false; graph_update_allowed=false
385,RQ-3c50ad71f16239a114c6,orthophoto,orthophoto_crosswalk_visual_qa,2024120067,OSM_E_998459720_87016d4f1a,unique,0.208,2025,False,False,1.7891,3,4,4,0,0,10,14,low,advisory_unvalidated_priority; pending; verified=false; graph_update_allowed=false
386,RQ-4a883c70f3893af2370a,topographic_map,crossing_candidate,1000376121405A00410000000000000007,OSM_E_318729248_3e52ffab14,unique,0.0,2022,False,False,2.0719,3,4,4,0,0,10,14,low,advisory_unvalidated_priority; pending; verified=false; graph_update_allowed=false
387,RQ-75a2cbd3bcd3b21b07ee,topographic_map,pedestrian_area,1000376120994A00310000000000000004,OSM_E_380184680_343701c1df,unique,3.393,2022,False,False,1.4262,3,4,0,4,0,10,14,low,advisory_unvalidated_priority; pending; verified=false; graph_update_allowed=false
388,RQ-765581239d7c4616765a,topographic_map,crossing_candidate,1000376120995A00410000000000000006,OSM_E_915477947_2499a5a0fa,unique,0.0,2022,False,False,2.5184,3,4,4,0,0,10,14,low,advisory_unvalidated_priority; pending; verified=false; graph_update_allowed=false
389,RQ-86a6100cd6f760ec7d55,topographic_map,crossing_candidate,1000376120995A00410000000000000022,OSM_E_589960556_92626e3562,unique,0.0,2022,False,False,2.1386,3,4,4,0,0,10,14,low,advisory_unvalidated_priority; pending; verified=false; graph_update_allowed=false
390,RQ-a544ff73cf3867bc3870,public_crosswalk,outside_hd_coverage,2024122506,OSM_E_863717799_b143cc8e92,unique,0.615,2026,False,False,1.8719,3,4,4,0,0,10,14,low,advisory_unvalidated_priority; pending; verified=false; graph_update_allowed=false
391,RQ-ad747b7203f86bc39ca8,orthophoto,orthophoto_crosswalk_visual_qa,2024120086,OSM_E_318729248_3e52ffab14,unique,0.473,2025,False,False,2.0719,3,4,4,0,0,10,14,low,advisory_unvalidated_priority; pending; verified=false; graph_update_allowed=false
392,RQ-bb71ef68e14a59e60ef8,topographic_map,crossing_candidate,1000376121405A00410000000000000006,OSM_E_38609097_326dc2af0c,unique,0.0,2022,False,False,2.2384,3,4,4,0,0,10,14,low,advisory_unvalidated_priority; pending; verified=false; graph_update_allowed=false
393,RQ-da6a4de3e94c831223a1,public_crosswalk,outside_hd_coverage,2024121206,OSM_E_589960556_92626e3562,unique,0.437,2026,False,False,2.1386,3,4,4,0,0,10,14,low,advisory_unvalidated_priority; pending; verified=false; graph_update_allowed=false
394,RQ-f794a784933e72977df5,public_crosswalk,outside_hd_coverage,2024120086,OSM_E_318729248_3e52ffab14,unique,0.473,2026,False,False,2.0719,3,4,4,0,0,10,14,low,advisory_unvalidated_priority; pending; verified=false; graph_update_allowed=false
395,RQ-fcd8a4ee3a5288099622,orthophoto,orthophoto_crosswalk_visual_qa,2024120085,OSM_E_38609097_326dc2af0c,unique,0.383,2025,False,False,2.2384,3,4,4,0,0,10,14,low,advisory_unvalidated_priority; pending; verified=false; graph_update_allowed=false
396,RQ-90626fe430d185d18d83,orthophoto,orthophoto_crosswalk_visual_qa,2024121532,OSM_E_475755505_66f69ddb50,unique,0.299,2025,False,False,6.808,3,1,10,0,0,3,13,low,advisory_unvalidated_priority; pending; verified=false; graph_update_allowed=false
397,RQ-2e18b6d17350ed8bb764,hdmap,crosswalk_polygon,B3243I005567,OSM_E_576208626_ceeb2b74f8,unique,0.0,2023,False,False,2.1222,3,3,4,0,0,8,12,low,advisory_unvalidated_priority; pending; verified=false; graph_update_allowed=false
398,RQ-39747487fa60f080f9c4,hdmap,crosswalk_polygon,B3243I005559,OSM_E_576208626_915707d9e2,unique,0.0,2023,False,False,2.0014,3,3,4,0,0,8,12,low,advisory_unvalidated_priority; pending; verified=false; graph_update_allowed=false
399,RQ-b1e776c5ebc6e1d410a3,hdmap,crosswalk_polygon,B3243I005560,OSM_E_576208626_915707d9e2,unique,0.0,2023,False,False,2.0014,3,3,4,0,0,8,12,low,advisory_unvalidated_priority; pending; verified=false; graph_update_allowed=false
400,RQ-b2aa08ecc77d40ff509e,public_crosswalk,matched_near,2024120002,OSM_E_576208626_ceeb2b74f8,unique,0.496,2026,False,False,2.1222,3,3,4,0,0,8,12,low,advisory_unvalidated_priority; pending; verified=false; graph_update_allowed=false
401,RQ-bd5c2d6929442d7ba622,public_crosswalk,matched_near,2024120001,OSM_E_576208626_915707d9e2,unique,0.704,2026,False,False,2.0014,3,3,4,0,0,8,12,low,advisory_unvalidated_priority; pending; verified=false; graph_update_allowed=false
402,RQ-d10a2ae6b7c8ba232e3d,hdmap,crosswalk_polygon,B3243I005566,OSM_E_576208626_ceeb2b74f8,unique,0.0,2023,False,False,2.1222,3,3,4,0,0,8,12,low,advisory_unvalidated_priority; pending; verified=false; graph_update_allowed=false
403,RQ-8e28cb7a65013f1511cb,orthophoto,orthophoto_crosswalk_visual_qa,2024120752,OSM_E_38609230_077fa5839e,unique,4.105,2025,False,False,1.7084,3,1,4,4,0,3,11,low,advisory_unvalidated_priority; pending; verified=false; graph_update_allowed=false
404,RQ-c60f51f0a7d632bbd8fa,topographic_map,pedestrian_area,1000037612048A00310000000000000551,OSM_E_38609230_077fa5839e,unique,3.849,2025,False,False,1.7084,3,1,4,4,0,3,11,low,advisory_unvalidated_priority; pending; verified=false; graph_update_allowed=false
405,RQ-2935ba40ddce808e8580,public_crosswalk,outside_hd_coverage,2025085013,OSM_E_635933054_acccb33611,unique,2.579,2026,False,False,3.7576,3,1,7,0,0,3,10,low,advisory_unvalidated_priority; pending; verified=false; graph_update_allowed=false
406,RQ-40b7bc009eeb48c8ae3b,public_crosswalk,outside_hd_coverage,2024122458,OSM_E_380184680_343701c1df,unique,0.217,2026,False,False,1.4262,3,4,0,0,0,10,10,low,advisory_unvalidated_priority; pending; verified=false; graph_update_allowed=false
407,RQ-79db9895f448a58f81d3,topographic_map,grade_separated_crossing_candidate,1000037612048A00610000000000000004,OSM_E_286266781_c94d4825d3,unique,0.0,2025,False,False,4.5838,3,1,7,0,0,3,10,low,advisory_unvalidated_priority; pending; verified=false; graph_update_allowed=false
408,RQ-9a8c417b41cda2f99961,public_crosswalk,outside_hd_coverage,2025085033,OSM_E_38609097_ecc23eb95e,unique,0.576,2026,False,False,3.3689,3,1,7,0,0,3,10,low,advisory_unvalidated_priority; pending; verified=false; graph_update_allowed=false
409,RQ-a3f5cca3c14b53ad30ce,public_crosswalk,outside_hd_coverage,2024122468,OSM_E_380184679_97bf648a32,unique,0.391,2026,False,False,1.4221,3,4,0,0,0,10,10,low,advisory_unvalidated_priority; pending; verified=false; graph_update_allowed=false
410,RQ-adaa6b4f50674f6bd224,public_crosswalk,unmatched,2024120282,OSM_E_379904043_cc5e488961,unique,1.964,2026,False,False,4.2959,3,1,7,0,0,3,10,low,advisory_unvalidated_priority; pending; verified=false; graph_update_allowed=false
411,RQ-bb3487052557d1ce89ed,orthophoto,orthophoto_crosswalk_visual_qa,2025085033,OSM_E_38609097_ecc23eb95e,unique,0.576,2025,False,False,3.3689,3,1,7,0,0,3,10,low,advisory_unvalidated_priority; pending; verified=false; graph_update_allowed=false
412,RQ-7229ed42871fb4410a94,topographic_map,pedestrian_area,1000037612038A00310000000000000153,OSM_E_381203802_8eb77083da,unique,2.653,2025,False,False,2.5375,3,1,4,0,0,3,7,low,advisory_unvalidated_priority; pending; verified=false; graph_update_allowed=false
413,RQ-8930f8da0aff29595932,public_crosswalk,nearby_review,2024120014,OSM_E_379904042_0c176fb4e3,unique,0.161,2026,False,False,1.7227,3,1,4,0,0,3,7,low,advisory_unvalidated_priority; pending; verified=false; graph_update_allowed=false
414,RQ-dec22723ea699e7dac15,public_crosswalk,unmatched,2024121879,OSM_E_379904042_41257d65af,unique,0.68,2026,False,False,2.1226,3,1,4,0,0,3,7,low,advisory_unvalidated_priority; pending; verified=false; graph_update_allowed=false
