{"type":"FeatureCollection","metadata":{"name":"NaVi Anyang OSM-derived walking graph","area":"안양역–안양청년1번가–안양1동 남부 생활권","crs":"EPSG:4326","source":"osm_snapshot_and_onway_public_data","osm_snapshot":"data/raw/anyang_corridor_walk_20260915.graphml","osm_snapshot_sha256":"60c4d6fd7a19c4ae03385a1c1380495d1f2c97c49ec314b9ba7b864822804879","osm_as_of":"2026-09-15T23:59:59Z","accessibility_attributes":"osm_unknown_with_synthetic_demo_overlay","verified":false,"disclaimer":"OSM 기반 보행 proxy Graph이며 실제 보도 실측망이 아니다. 접근성 데모 속성은 synthetic이고 사람 검수 후보는 승인 전 경로에 반영하지 않는다.","onway_crosswalks":40,"onway_mapped_crosswalks":40,"onway_approaches":80,"review_candidates":5,"demo":{"origin_node":"OSM_N7874793364","destination_node":"OSM_N457320253","block_edge":"OSM_E_915477950_ab67cf4d52","synthetic_constraint_edges":["OSM_E_915477947_2a7346f0c3"],"expected":{"standard":{"distance_m":1081.9,"edge_ids":["OSM_E_915477947_2a7346f0c3","OSM_E_837321098_ed4fd99d32","OSM_E_380184681-837321097_1e3e748951","OSM_E_380184681_d31ec1cff8","OSM_E_915477950_3d69322e67","OSM_E_38609408_805d08ce89","OSM_E_38609408_c9bd1fb90c","OSM_E_38609408_b27393be54","OSM_E_38609408_55e57bcfa8","OSM_E_38609408_7a2fdc501b","OSM_E_38609408_bcd6e4b0ab","OSM_E_38609408_86a52fcf94","OSM_E_38609408_f068e9c4d0"]},"accessible_before":{"distance_m":1302.5,"edge_ids":["OSM_E_915477947_d2ce447501","OSM_E_915477947_e2b2a2a4a7","OSM_E_380184682_b0cd27b32e","OSM_E_380184682_134e52f788","OSM_E_380184682_8c07d69d61","OSM_E_380184682_9c7c063f42","OSM_E_915477950_ab67cf4d52","OSM_E_915477950_3d69322e67","OSM_E_38609408_805d08ce89","OSM_E_38609408_c9bd1fb90c","OSM_E_38609408_b27393be54","OSM_E_38609408_55e57bcfa8","OSM_E_38609408_7a2fdc501b","OSM_E_38609408_bcd6e4b0ab","OSM_E_38609408_86a52fcf94","OSM_E_38609408_f068e9c4d0"]},"accessible_after":{"distance_m":1736.3,"edge_ids":["OSM_E_915477947_d2ce447501","OSM_E_915477947_e2b2a2a4a7","OSM_E_380184682_b0cd27b32e","OSM_E_380184682_134e52f788","OSM_E_380184682_8c07d69d61","OSM_E_380184682_9c7c063f42","OSM_E_380184679_97bf648a32","OSM_E_499414489-499414490-810367557_999add9fc5","OSM_E_814338815_d50218b4bf","OSM_E_814338816_d71b823ada","OSM_E_814338816_f0b4672c0f","OSM_E_380073436_1eb4eebd29","OSM_E_380073436_3324c2b32e","OSM_E_380073436_9b1a00f64a","OSM_E_380073436_a8f80bb324","OSM_E_38609408_b27393be54","OSM_E_38609408_55e57bcfa8","OSM_E_38609408_7a2fdc501b","OSM_E_38609408_bcd6e4b0ab","OSM_E_38609408_86a52fcf94","OSM_E_38609408_f068e9c4d0"]}}}},"features":[{"type":"Feature","geometry":{"type":"Point","coordinates":[126.9274465,37.3915878]},"properties":{"feature_type":"node","node_id":"OSM_N307943424","name":"OSM Node 307943424","node_type":"intersection","source":"osm","confidence":0.9,"verified":false,"display_selectable":false}},{"type":"Feature","geometry":{"type":"Point","coordinates":[126.9197547,37.4007956]},"properties":{"feature_type":"node","node_id":"OSM_N414691163","name":"OSM Node 414691163","node_type":"intersection","source":"osm","confidence":0.9,"verified":false,"display_selectable":false}},{"type":"Feature","geometry":{"type":"Point","coordinates":[126.9225349,37.3974588]},"properties":{"feature_type":"node","node_id":"OSM_N414691164","name":"OSM Node 414691164","node_type":"intersection","source":"osm","confidence":0.9,"verified":false,"display_selectable":false}},{"type":"Feature","geometry":{"type":"Point","coordinates":[126.9369624,37.3972869]},"properties":{"feature_type":"node","node_id":"OSM_N436402031","name":"OSM Node 436402031","node_type":"waypoint","source":"osm","confidence":0.9,"verified":false,"display_selectable":false}},{"type":"Feature","geometry":{"type":"Point","coordinates":[126.9299422,37.4003442]},"properties":{"feature_type":"node","node_id":"OSM_N436402037","name":"OSM Node 436402037","node_type":"intersection","source":"osm","confidence":0.9,"verified":false,"display_selectable":false}},{"type":"Feature","geometry":{"type":"Point","coordinates":[126.9217719,37.4017963]},"properties":{"feature_type":"node","node_id":"OSM_N457319139","name":"OSM Node 457319139","node_type":"intersection","source":"osm","confidence":0.9,"verified":false,"display_selectable":false}},{"type":"Feature","geometry":{"type":"Point","coordinates":[126.9209727,37.4003989]},"properties":{"feature_type":"node","node_id":"OSM_N457319177","name":"OSM Node 457319177","node_type":"intersection","source":"osm","confidence":0.9,"verified":false,"display_selectable":false}},{"type":"Feature","geometry":{"type":"Point","coordinates":[126.9247058,37.3987249]},"properties":{"feature_type":"node","node_id":"OSM_N457319333","name":"OSM Node 457319333","node_type":"intersection","source":"osm","confidence":0.9,"verified":false,"display_selectable":false}},{"type":"Feature","geometry":{"type":"Point","coordinates":[126.9218386,37.4008425]},"properties":{"feature_type":"node","node_id":"OSM_N457319353","name":"OSM Node 457319353","node_type":"intersection","source":"osm","confidence":0.9,"verified":false,"display_selectable":false}},{"type":"Feature","geometry":{"type":"Point","coordinates":[126.9225779,37.400042]},"properties":{"feature_type":"node","node_id":"OSM_N457319370","name":"OSM Node 457319370","node_type":"intersection","source":"osm","confidence":0.9,"verified":false,"display_selectable":false}},{"type":"Feature","geometry":{"type":"Point","coordinates":[126.9239691,37.3994753]},"properties":{"feature_type":"node","node_id":"OSM_N457319371","name":"OSM Node 457319371","node_type":"intersection","source":"osm","confidence":0.9,"verified":false,"display_selectable":false}},{"type":"Feature","geometry":{"type":"Point","coordinates":[126.9233625,37.3991301]},"properties":{"feature_type":"node","node_id":"OSM_N457319372","name":"OSM Node 457319372","node_type":"intersection","source":"osm","confidence":0.9,"verified":false,"display_selectable":false}},{"type":"Feature","geometry":{"type":"Point","coordinates":[126.9217873,37.3983458]},"properties":{"feature_type":"node","node_id":"OSM_N457319374","name":"OSM Node 457319374","node_type":"intersection","source":"osm","confidence":0.9,"verified":false,"display_selectable":false}},{"type":"Feature","geometry":{"type":"Point","coordinates":[126.9223424,37.3995577]},"properties":{"feature_type":"node","node_id":"OSM_N457319376","name":"OSM Node 457319376","node_type":"waypoint","source":"osm","confidence":0.9,"verified":false,"display_selectable":false}},{"type":"Feature","geometry":{"type":"Point","coordinates":[126.9228879,37.3988907]},"properties":{"feature_type":"node","node_id":"OSM_N457319377","name":"OSM Node 457319377","node_type":"intersection","source":"osm","confidence":0.9,"verified":false,"display_selectable":false}},{"type":"Feature","geometry":{"type":"Point","coordinates":[126.9235396,37.3980942]},"properties":{"feature_type":"node","node_id":"OSM_N457319378","name":"OSM Node 457319378","node_type":"intersection","source":"osm","confidence":0.9,"verified":false,"display_selectable":false}},{"type":"Feature","geometry":{"type":"Point","coordinates":[126.9224283,37.3986669]},"properties":{"feature_type":"node","node_id":"OSM_N457319379","name":"OSM Node 457319379","node_type":"intersection","source":"osm","confidence":0.9,"verified":false,"display_selectable":false}},{"type":"Feature","geometry":{"type":"Point","coordinates":[126.9210475,37.3992233]},"properties":{"feature_type":"node","node_id":"OSM_N457319534","name":"OSM Node 457319534","node_type":"intersection","source":"osm","confidence":0.9,"verified":false,"display_selectable":false}},{"type":"Feature","geometry":{"type":"Point","coordinates":[126.9216779,37.3995506]},"properties":{"feature_type":"node","node_id":"OSM_N457319535","name":"OSM Node 457319535","node_type":"intersection","source":"osm","confidence":0.9,"verified":false,"display_selectable":false}},{"type":"Feature","geometry":{"type":"Point","coordinates":[126.9230954,37.4003745]},"properties":{"feature_type":"node","node_id":"OSM_N457319537","name":"OSM Node 457319537","node_type":"intersection","source":"osm","confidence":0.9,"verified":false,"display_selectable":false}},{"type":"Feature","geometry":{"type":"Point","coordinates":[126.9252795,37.3941804]},"properties":{"feature_type":"node","node_id":"OSM_N457320253","name":"목적지 B · CW20","node_type":"intersection","source":"osm","confidence":0.9,"verified":false,"display_selectable":true}},{"type":"Feature","geometry":{"type":"Point","coordinates":[126.9300825,37.3884143]},"properties":{"feature_type":"node","node_id":"OSM_N457320539","name":"OSM Node 457320539","node_type":"waypoint","source":"osm","confidence":0.9,"verified":false,"display_selectable":false}},{"type":"Feature","geometry":{"type":"Point","coordinates":[126.9255973,37.3895641]},"properties":{"feature_type":"node","node_id":"OSM_N457321111","name":"OSM Node 457321111","node_type":"intersection","source":"osm","confidence":0.9,"verified":false,"display_selectable":false}},{"type":"Feature","geometry":{"type":"Point","coordinates":[126.9230706,37.3930088]},"properties":{"feature_type":"node","node_id":"OSM_N457321137","name":"OSM Node 457321137","node_type":"intersection","source":"osm","confidence":0.9,"verified":false,"display_selectable":false}},{"type":"Feature","geometry":{"type":"Point","coordinates":[126.925232,37.3904032]},"properties":{"feature_type":"node","node_id":"OSM_N457321139","name":"OSM Node 457321139","node_type":"intersection","source":"osm","confidence":0.9,"verified":false,"display_selectable":false}},{"type":"Feature","geometry":{"type":"Point","coordinates":[126.9286243,37.3922018]},"properties":{"feature_type":"node","node_id":"OSM_N457321162","name":"OSM Node 457321162","node_type":"intersection","source":"osm","confidence":0.9,"verified":false,"display_selectable":false}},{"type":"Feature","geometry":{"type":"Point","coordinates":[126.9306474,37.3932769]},"properties":{"feature_type":"node","node_id":"OSM_N457321236","name":"OSM Node 457321236","node_type":"intersection","source":"osm","confidence":0.9,"verified":false,"display_selectable":false}},{"type":"Feature","geometry":{"type":"Point","coordinates":[126.9257308,37.3967214]},"properties":{"feature_type":"node","node_id":"OSM_N457321353","name":"OSM Node 457321353","node_type":"intersection","source":"osm","confidence":0.9,"verified":false,"display_selectable":false}},{"type":"Feature","geometry":{"type":"Point","coordinates":[126.9270679,37.3951128]},"properties":{"feature_type":"node","node_id":"OSM_N457321358","name":"OSM Node 457321358","node_type":"intersection","source":"osm","confidence":0.9,"verified":false,"display_selectable":false}},{"type":"Feature","geometry":{"type":"Point","coordinates":[126.9282481,37.3906053]},"properties":{"feature_type":"node","node_id":"OSM_N457321367","name":"OSM Node 457321367","node_type":"intersection","source":"osm","confidence":0.9,"verified":false,"display_selectable":false}},{"type":"Feature","geometry":{"type":"Point","coordinates":[126.9314117,37.3922452]},"properties":{"feature_type":"node","node_id":"OSM_N457321369","name":"OSM Node 457321369","node_type":"intersection","source":"osm","confidence":0.9,"verified":false,"display_selectable":false}},{"type":"Feature","geometry":{"type":"Point","coordinates":[126.9313344,37.3902156]},"properties":{"feature_type":"node","node_id":"OSM_N457321537","name":"OSM Node 457321537","node_type":"intersection","source":"osm","confidence":0.9,"verified":false,"display_selectable":false}},{"type":"Feature","geometry":{"type":"Point","coordinates":[126.9305977,37.3898346]},"properties":{"feature_type":"node","node_id":"OSM_N457321543","name":"OSM Node 457321543","node_type":"intersection","source":"osm","confidence":0.9,"verified":false,"display_selectable":false}},{"type":"Feature","geometry":{"type":"Point","coordinates":[126.9294292,37.3892049]},"properties":{"feature_type":"node","node_id":"OSM_N457321544","name":"OSM Node 457321544","node_type":"intersection","source":"osm","confidence":0.9,"verified":false,"display_selectable":false}},{"type":"Feature","geometry":{"type":"Point","coordinates":[126.9294811,37.3926548]},"properties":{"feature_type":"node","node_id":"OSM_N457321553","name":"OSM Node 457321553","node_type":"intersection","source":"osm","confidence":0.9,"verified":false,"display_selectable":false}},{"type":"Feature","geometry":{"type":"Point","coordinates":[126.931454,37.3902799]},"properties":{"feature_type":"node","node_id":"OSM_N457321554","name":"OSM Node 457321554","node_type":"waypoint","source":"osm","confidence":0.9,"verified":false,"display_selectable":false}},{"type":"Feature","geometry":{"type":"Point","coordinates":[126.9288835,37.3909177]},"properties":{"feature_type":"node","node_id":"OSM_N457321601","name":"OSM Node 457321601","node_type":"intersection","source":"osm","confidence":0.9,"verified":false,"display_selectable":false}},{"type":"Feature","geometry":{"type":"Point","coordinates":[126.9239527,37.3957781]},"properties":{"feature_type":"node","node_id":"OSM_N457321798","name":"OSM Node 457321798","node_type":"intersection","source":"osm","confidence":0.9,"verified":false,"display_selectable":false}},{"type":"Feature","geometry":{"type":"Point","coordinates":[126.9245666,37.3961067]},"properties":{"feature_type":"node","node_id":"OSM_N457321799","name":"OSM Node 457321799","node_type":"intersection","source":"osm","confidence":0.9,"verified":false,"display_selectable":false}},{"type":"Feature","geometry":{"type":"Point","coordinates":[126.926371,37.3970611]},"properties":{"feature_type":"node","node_id":"OSM_N457321802","name":"OSM Node 457321802","node_type":"intersection","source":"osm","confidence":0.9,"verified":false,"display_selectable":false}},{"type":"Feature","geometry":{"type":"Point","coordinates":[126.9180329,37.3950823]},"properties":{"feature_type":"node","node_id":"OSM_N457321810","name":"OSM Node 457321810","node_type":"waypoint","source":"osm","confidence":0.9,"verified":false,"display_selectable":false}},{"type":"Feature","geometry":{"type":"Point","coordinates":[126.9203324,37.3962937]},"properties":{"feature_type":"node","node_id":"OSM_N457321898","name":"OSM Node 457321898","node_type":"intersection","source":"osm","confidence":0.9,"verified":false,"display_selectable":false}},{"type":"Feature","geometry":{"type":"Point","coordinates":[126.9180288,37.3990419]},"properties":{"feature_type":"node","node_id":"OSM_N457321910","name":"OSM Node 457321910","node_type":"intersection","source":"osm","confidence":0.9,"verified":false,"display_selectable":false}},{"type":"Feature","geometry":{"type":"Point","coordinates":[126.9200689,37.4037811]},"properties":{"feature_type":"node","node_id":"OSM_N457323362","name":"OSM Node 457323362","node_type":"waypoint","source":"osm","confidence":0.9,"verified":false,"display_selectable":false}},{"type":"Feature","geometry":{"type":"Point","coordinates":[126.9180802,37.4028127]},"properties":{"feature_type":"node","node_id":"OSM_N457323363","name":"OSM Node 457323363","node_type":"waypoint","source":"osm","confidence":0.9,"verified":false,"display_selectable":false}},{"type":"Feature","geometry":{"type":"Point","coordinates":[126.9183771,37.3986291]},"properties":{"feature_type":"node","node_id":"OSM_N457323821","name":"OSM Node 457323821","node_type":"intersection","source":"osm","confidence":0.9,"verified":false,"display_selectable":false}},{"type":"Feature","geometry":{"type":"Point","coordinates":[126.9241707,37.3900653]},"properties":{"feature_type":"node","node_id":"OSM_N964926008","name":"OSM Node 964926008","node_type":"intersection","source":"osm","confidence":0.9,"verified":false,"display_selectable":false}},{"type":"Feature","geometry":{"type":"Point","coordinates":[126.9239894,37.3894543]},"properties":{"feature_type":"node","node_id":"OSM_N964926010","name":"OSM Node 964926010","node_type":"intersection","source":"osm","confidence":0.9,"verified":false,"display_selectable":false}},{"type":"Feature","geometry":{"type":"Point","coordinates":[126.9212618,37.3967808]},"properties":{"feature_type":"node","node_id":"OSM_N964926690","name":"OSM Node 964926690","node_type":"intersection","source":"osm","confidence":0.9,"verified":false,"display_selectable":false}},{"type":"Feature","geometry":{"type":"Point","coordinates":[126.9226575,37.3950955]},"properties":{"feature_type":"node","node_id":"OSM_N964926876","name":"OSM Node 964926876","node_type":"intersection","source":"osm","confidence":0.9,"verified":false,"display_selectable":false}},{"type":"Feature","geometry":{"type":"Point","coordinates":[126.9239894,37.3934846]},"properties":{"feature_type":"node","node_id":"OSM_N964926878","name":"OSM Node 964926878","node_type":"intersection","source":"osm","confidence":0.9,"verified":false,"display_selectable":false}},{"type":"Feature","geometry":{"type":"Point","coordinates":[126.92173,37.3946037]},"properties":{"feature_type":"node","node_id":"OSM_N964926971","name":"OSM Node 964926971","node_type":"intersection","source":"osm","confidence":0.9,"verified":false,"display_selectable":false}},{"type":"Feature","geometry":{"type":"Point","coordinates":[126.9232531,37.3954063]},"properties":{"feature_type":"node","node_id":"OSM_N964927187","name":"OSM Node 964927187","node_type":"intersection","source":"osm","confidence":0.9,"verified":false,"display_selectable":false}},{"type":"Feature","geometry":{"type":"Point","coordinates":[126.9245831,37.3938064]},"properties":{"feature_type":"node","node_id":"OSM_N964927260","name":"OSM Node 964927260","node_type":"intersection","source":"osm","confidence":0.9,"verified":false,"display_selectable":false}},{"type":"Feature","geometry":{"type":"Point","coordinates":[126.9261683,37.3908932]},"properties":{"feature_type":"node","node_id":"OSM_N964927642","name":"OSM Node 964927642","node_type":"intersection","source":"osm","confidence":0.9,"verified":false,"display_selectable":false}},{"type":"Feature","geometry":{"type":"Point","coordinates":[126.9267411,37.3912154]},"properties":{"feature_type":"node","node_id":"OSM_N964927897","name":"OSM Node 964927897","node_type":"intersection","source":"osm","confidence":0.9,"verified":false,"display_selectable":false}},{"type":"Feature","geometry":{"type":"Point","coordinates":[126.927501,37.3902972]},"properties":{"feature_type":"node","node_id":"OSM_N964927923","name":"OSM Node 964927923","node_type":"intersection","source":"osm","confidence":0.9,"verified":false,"display_selectable":false}},{"type":"Feature","geometry":{"type":"Point","coordinates":[126.9264582,37.3876492]},"properties":{"feature_type":"node","node_id":"OSM_N964928106","name":"OSM Node 964928106","node_type":"waypoint","source":"osm","confidence":0.9,"verified":false,"display_selectable":false}},{"type":"Feature","geometry":{"type":"Point","coordinates":[126.924444,37.3989891]},"properties":{"feature_type":"node","node_id":"OSM_N3011394585","name":"OSM Node 3011394585","node_type":"intersection","source":"osm","confidence":0.9,"verified":false,"display_selectable":false}},{"type":"Feature","geometry":{"type":"Point","coordinates":[126.9247225,37.3990857]},"properties":{"feature_type":"node","node_id":"OSM_N3011394587","name":"OSM Node 3011394587","node_type":"intersection","source":"osm","confidence":0.9,"verified":false,"display_selectable":false}},{"type":"Feature","geometry":{"type":"Point","coordinates":[126.9254321,37.3993187]},"properties":{"feature_type":"node","node_id":"OSM_N3011394588","name":"OSM Node 3011394588","node_type":"intersection","source":"osm","confidence":0.9,"verified":false,"display_selectable":false}},{"type":"Feature","geometry":{"type":"Point","coordinates":[126.9252453,37.3993909]},"properties":{"feature_type":"node","node_id":"OSM_N3011394589","name":"OSM Node 3011394589","node_type":"intersection","source":"osm","confidence":0.9,"verified":false,"display_selectable":false}},{"type":"Feature","geometry":{"type":"Point","coordinates":[126.9227946,37.3895667]},"properties":{"feature_type":"node","node_id":"OSM_N3250697881","name":"OSM Node 3250697881","node_type":"waypoint","source":"osm","confidence":0.9,"verified":false,"display_selectable":false}},{"type":"Feature","geometry":{"type":"Point","coordinates":[126.9202794,37.3897894]},"properties":{"feature_type":"node","node_id":"OSM_N3250697886","name":"OSM Node 3250697886","node_type":"intersection","source":"osm","confidence":0.9,"verified":false,"display_selectable":false}},{"type":"Feature","geometry":{"type":"Point","coordinates":[126.9293955,37.3962374]},"properties":{"feature_type":"node","node_id":"OSM_N3250697941","name":"OSM Node 3250697941","node_type":"intersection","source":"osm","confidence":0.9,"verified":false,"display_selectable":false}},{"type":"Feature","geometry":{"type":"Point","coordinates":[126.9279813,37.3962685]},"properties":{"feature_type":"node","node_id":"OSM_N3250697942","name":"OSM Node 3250697942","node_type":"intersection","source":"osm","confidence":0.9,"verified":false,"display_selectable":false}},{"type":"Feature","geometry":{"type":"Point","coordinates":[126.9371927,37.3970752]},"properties":{"feature_type":"node","node_id":"OSM_N3250697952","name":"OSM Node 3250697952","node_type":"waypoint","source":"osm","confidence":0.9,"verified":false,"display_selectable":false}},{"type":"Feature","geometry":{"type":"Point","coordinates":[126.9309123,37.3971545]},"properties":{"feature_type":"node","node_id":"OSM_N3250697954","name":"OSM Node 3250697954","node_type":"intersection","source":"osm","confidence":0.9,"verified":false,"display_selectable":false}},{"type":"Feature","geometry":{"type":"Point","coordinates":[126.9291739,37.4006756]},"properties":{"feature_type":"node","node_id":"OSM_N3250697992","name":"OSM Node 3250697992","node_type":"intersection","source":"osm","confidence":0.9,"verified":false,"display_selectable":false}},{"type":"Feature","geometry":{"type":"Point","coordinates":[126.9288832,37.4010199]},"properties":{"feature_type":"node","node_id":"OSM_N3250697996","name":"OSM Node 3250697996","node_type":"intersection","source":"osm","confidence":0.9,"verified":false,"display_selectable":false}},{"type":"Feature","geometry":{"type":"Point","coordinates":[126.9241564,37.4005791]},"properties":{"feature_type":"node","node_id":"OSM_N3250724711","name":"OSM Node 3250724711","node_type":"intersection","source":"osm","confidence":0.9,"verified":false,"display_selectable":false}},{"type":"Feature","geometry":{"type":"Point","coordinates":[126.922272,37.4008958]},"properties":{"feature_type":"node","node_id":"OSM_N3251003893","name":"OSM Node 3251003893","node_type":"intersection","source":"osm","confidence":0.9,"verified":false,"display_selectable":false}},{"type":"Feature","geometry":{"type":"Point","coordinates":[126.9221307,37.4009178]},"properties":{"feature_type":"node","node_id":"OSM_N3251003895","name":"OSM Node 3251003895","node_type":"intersection","source":"osm","confidence":0.9,"verified":false,"display_selectable":false}},{"type":"Feature","geometry":{"type":"Point","coordinates":[126.9220404,37.401077]},"properties":{"feature_type":"node","node_id":"OSM_N3251003900","name":"OSM Node 3251003900","node_type":"intersection","source":"osm","confidence":0.9,"verified":false,"display_selectable":false}},{"type":"Feature","geometry":{"type":"Point","coordinates":[126.9220606,37.4011252]},"properties":{"feature_type":"node","node_id":"OSM_N3251003906","name":"OSM Node 3251003906","node_type":"intersection","source":"osm","confidence":0.9,"verified":false,"display_selectable":false}},{"type":"Feature","geometry":{"type":"Point","coordinates":[126.9224345,37.4010728]},"properties":{"feature_type":"node","node_id":"OSM_N3251003907","name":"OSM Node 3251003907","node_type":"intersection","source":"osm","confidence":0.9,"verified":false,"display_selectable":false}},{"type":"Feature","geometry":{"type":"Point","coordinates":[126.9285633,37.395797]},"properties":{"feature_type":"node","node_id":"OSM_N3817128958","name":"OSM Node 3817128958","node_type":"intersection","source":"osm","confidence":0.9,"verified":false,"display_selectable":false}},{"type":"Feature","geometry":{"type":"Point","coordinates":[126.9283268,37.3959895]},"properties":{"feature_type":"node","node_id":"OSM_N3817128960","name":"OSM Node 3817128960","node_type":"intersection","source":"osm","confidence":0.9,"verified":false,"display_selectable":false}},{"type":"Feature","geometry":{"type":"Point","coordinates":[126.9291599,37.396377]},"properties":{"feature_type":"node","node_id":"OSM_N3817128961","name":"OSM Node 3817128961","node_type":"intersection","source":"osm","confidence":0.9,"verified":false,"display_selectable":false}},{"type":"Feature","geometry":{"type":"Point","coordinates":[126.9303432,37.3968573]},"properties":{"feature_type":"node","node_id":"OSM_N3817128963","name":"OSM Node 3817128963","node_type":"intersection","source":"osm","confidence":0.9,"verified":false,"display_selectable":false}},{"type":"Feature","geometry":{"type":"Point","coordinates":[126.9312787,37.3890051]},"properties":{"feature_type":"node","node_id":"OSM_N3832488849","name":"OSM Node 3832488849","node_type":"waypoint","source":"osm","confidence":0.9,"verified":false,"display_selectable":false}},{"type":"Feature","geometry":{"type":"Point","coordinates":[126.9305682,37.3886547]},"properties":{"feature_type":"node","node_id":"OSM_N3832488876","name":"OSM Node 3832488876","node_type":"intersection","source":"osm","confidence":0.9,"verified":false,"display_selectable":false}},{"type":"Feature","geometry":{"type":"Point","coordinates":[126.9308217,37.3883554]},"properties":{"feature_type":"node","node_id":"OSM_N3832488879","name":"OSM Node 3832488879","node_type":"waypoint","source":"osm","confidence":0.9,"verified":false,"display_selectable":false}},{"type":"Feature","geometry":{"type":"Point","coordinates":[126.9295483,37.3890619]},"properties":{"feature_type":"node","node_id":"OSM_N3832488883","name":"OSM Node 3832488883","node_type":"intersection","source":"osm","confidence":0.9,"verified":false,"display_selectable":false}},{"type":"Feature","geometry":{"type":"Point","coordinates":[126.9309799,37.3893754]},"properties":{"feature_type":"node","node_id":"OSM_N3832488885","name":"OSM Node 3832488885","node_type":"intersection","source":"osm","confidence":0.9,"verified":false,"display_selectable":false}},{"type":"Feature","geometry":{"type":"Point","coordinates":[126.9315436,37.3899584]},"properties":{"feature_type":"node","node_id":"OSM_N3832488889","name":"OSM Node 3832488889","node_type":"intersection","source":"osm","confidence":0.9,"verified":false,"display_selectable":false}},{"type":"Feature","geometry":{"type":"Point","coordinates":[126.9310476,37.3892922]},"properties":{"feature_type":"node","node_id":"OSM_N3832488890","name":"OSM Node 3832488890","node_type":"intersection","source":"osm","confidence":0.9,"verified":false,"display_selectable":false}},{"type":"Feature","geometry":{"type":"Point","coordinates":[126.9317945,37.3896741]},"properties":{"feature_type":"node","node_id":"OSM_N3832488891","name":"OSM Node 3832488891","node_type":"waypoint","source":"osm","confidence":0.9,"verified":false,"display_selectable":false}},{"type":"Feature","geometry":{"type":"Point","coordinates":[126.9308562,37.3895308]},"properties":{"feature_type":"node","node_id":"OSM_N3832488895","name":"OSM Node 3832488895","node_type":"intersection","source":"osm","confidence":0.9,"verified":false,"display_selectable":false}},{"type":"Feature","geometry":{"type":"Point","coordinates":[126.9315931,37.3899113]},"properties":{"feature_type":"node","node_id":"OSM_N3832488896","name":"OSM Node 3832488896","node_type":"intersection","source":"osm","confidence":0.9,"verified":false,"display_selectable":false}},{"type":"Feature","geometry":{"type":"Point","coordinates":[126.9254284,37.3899643]},"properties":{"feature_type":"node","node_id":"OSM_N3832541730","name":"OSM Node 3832541730","node_type":"intersection","source":"osm","confidence":0.9,"verified":false,"display_selectable":false}},{"type":"Feature","geometry":{"type":"Point","coordinates":[126.9262594,37.3904054]},"properties":{"feature_type":"node","node_id":"OSM_N3832541731","name":"OSM Node 3832541731","node_type":"intersection","source":"osm","confidence":0.9,"verified":false,"display_selectable":false}},{"type":"Feature","geometry":{"type":"Point","coordinates":[126.9270469,37.3908271]},"properties":{"feature_type":"node","node_id":"OSM_N3832541732","name":"OSM Node 3832541732","node_type":"intersection","source":"osm","confidence":0.9,"verified":false,"display_selectable":false}},{"type":"Feature","geometry":{"type":"Point","coordinates":[126.9266245,37.3899592]},"properties":{"feature_type":"node","node_id":"OSM_N3832541733","name":"OSM Node 3832541733","node_type":"intersection","source":"osm","confidence":0.9,"verified":false,"display_selectable":false}},{"type":"Feature","geometry":{"type":"Point","coordinates":[126.9259522,37.390781]},"properties":{"feature_type":"node","node_id":"OSM_N3832541734","name":"OSM Node 3832541734","node_type":"intersection","source":"osm","confidence":0.9,"verified":false,"display_selectable":false}},{"type":"Feature","geometry":{"type":"Point","coordinates":[126.9280608,37.391893]},"properties":{"feature_type":"node","node_id":"OSM_N3832541735","name":"OSM Node 3832541735","node_type":"intersection","source":"osm","confidence":0.9,"verified":false,"display_selectable":false}},{"type":"Feature","geometry":{"type":"Point","coordinates":[126.9294584,37.3911962]},"properties":{"feature_type":"node","node_id":"OSM_N3832541736","name":"OSM Node 3832541736","node_type":"intersection","source":"osm","confidence":0.9,"verified":false,"display_selectable":false}},{"type":"Feature","geometry":{"type":"Point","coordinates":[126.9310604,37.392752]},"properties":{"feature_type":"node","node_id":"OSM_N3832541737","name":"OSM Node 3832541737","node_type":"intersection","source":"osm","confidence":0.9,"verified":false,"display_selectable":false}},{"type":"Feature","geometry":{"type":"Point","coordinates":[126.9298999,37.3921508]},"properties":{"feature_type":"node","node_id":"OSM_N3832541738","name":"OSM Node 3832541738","node_type":"intersection","source":"osm","confidence":0.9,"verified":false,"display_selectable":false}},{"type":"Feature","geometry":{"type":"Point","coordinates":[126.9290499,37.3917065]},"properties":{"feature_type":"node","node_id":"OSM_N3832541739","name":"OSM Node 3832541739","node_type":"intersection","source":"osm","confidence":0.9,"verified":false,"display_selectable":false}},{"type":"Feature","geometry":{"type":"Point","coordinates":[126.9321042,37.3912435]},"properties":{"feature_type":"node","node_id":"OSM_N3832541740","name":"OSM Node 3832541740","node_type":"waypoint","source":"osm","confidence":0.9,"verified":false,"display_selectable":false}},{"type":"Feature","geometry":{"type":"Point","coordinates":[126.931111,37.3906935]},"properties":{"feature_type":"node","node_id":"OSM_N3832541741","name":"OSM Node 3832541741","node_type":"intersection","source":"osm","confidence":0.9,"verified":false,"display_selectable":false}},{"type":"Feature","geometry":{"type":"Point","coordinates":[126.9302516,37.3902317]},"properties":{"feature_type":"node","node_id":"OSM_N3832541742","name":"OSM Node 3832541742","node_type":"intersection","source":"osm","confidence":0.9,"verified":false,"display_selectable":false}},{"type":"Feature","geometry":{"type":"Point","coordinates":[126.931708,37.3918091]},"properties":{"feature_type":"node","node_id":"OSM_N3832541743","name":"OSM Node 3832541743","node_type":"intersection","source":"osm","confidence":0.9,"verified":false,"display_selectable":false}},{"type":"Feature","geometry":{"type":"Point","coordinates":[126.9306389,37.391257]},"properties":{"feature_type":"node","node_id":"OSM_N3832541744","name":"OSM Node 3832541744","node_type":"intersection","source":"osm","confidence":0.9,"verified":false,"display_selectable":false}},{"type":"Feature","geometry":{"type":"Point","coordinates":[126.9298056,37.3907889]},"properties":{"feature_type":"node","node_id":"OSM_N3832541745","name":"OSM Node 3832541745","node_type":"intersection","source":"osm","confidence":0.9,"verified":false,"display_selectable":false}},{"type":"Feature","geometry":{"type":"Point","coordinates":[126.9303197,37.3916597]},"properties":{"feature_type":"node","node_id":"OSM_N3832541746","name":"OSM Node 3832541746","node_type":"intersection","source":"osm","confidence":0.9,"verified":false,"display_selectable":false}},{"type":"Feature","geometry":{"type":"Point","coordinates":[126.918843,37.3897122]},"properties":{"feature_type":"node","node_id":"OSM_N3832541747","name":"OSM Node 3832541747","node_type":"intersection","source":"osm","confidence":0.9,"verified":false,"display_selectable":false}},{"type":"Feature","geometry":{"type":"Point","coordinates":[126.9189419,37.3903191]},"properties":{"feature_type":"node","node_id":"OSM_N3832541749","name":"OSM Node 3832541749","node_type":"waypoint","source":"osm","confidence":0.9,"verified":false,"display_selectable":false}},{"type":"Feature","geometry":{"type":"Point","coordinates":[126.9193238,37.3897342]},"properties":{"feature_type":"node","node_id":"OSM_N3832541750","name":"OSM Node 3832541750","node_type":"intersection","source":"osm","confidence":0.9,"verified":false,"display_selectable":false}},{"type":"Feature","geometry":{"type":"Point","coordinates":[126.919401,37.3902411]},"properties":{"feature_type":"node","node_id":"OSM_N3832541751","name":"OSM Node 3832541751","node_type":"waypoint","source":"osm","confidence":0.9,"verified":false,"display_selectable":false}},{"type":"Feature","geometry":{"type":"Point","coordinates":[126.9217815,37.3897812]},"properties":{"feature_type":"node","node_id":"OSM_N3832541766","name":"OSM Node 3832541766","node_type":"waypoint","source":"osm","confidence":0.9,"verified":false,"display_selectable":false}},{"type":"Feature","geometry":{"type":"Point","coordinates":[126.9238043,37.3921125]},"properties":{"feature_type":"node","node_id":"OSM_N3832541794","name":"OSM Node 3832541794","node_type":"intersection","source":"osm","confidence":0.9,"verified":false,"display_selectable":false}},{"type":"Feature","geometry":{"type":"Point","coordinates":[126.9221236,37.3928949]},"properties":{"feature_type":"node","node_id":"OSM_N3832541821","name":"OSM Node 3832541821","node_type":"intersection","source":"osm","confidence":0.9,"verified":false,"display_selectable":false}},{"type":"Feature","geometry":{"type":"Point","coordinates":[126.9188968,37.3944511]},"properties":{"feature_type":"node","node_id":"OSM_N3832541832","name":"OSM Node 3832541832","node_type":"intersection","source":"osm","confidence":0.9,"verified":false,"display_selectable":false}},{"type":"Feature","geometry":{"type":"Point","coordinates":[126.9267135,37.3924596]},"properties":{"feature_type":"node","node_id":"OSM_N3832541989","name":"OSM Node 3832541989","node_type":"intersection","source":"osm","confidence":0.9,"verified":false,"display_selectable":false}},{"type":"Feature","geometry":{"type":"Point","coordinates":[126.9260068,37.3920915]},"properties":{"feature_type":"node","node_id":"OSM_N3832541990","name":"OSM Node 3832541990","node_type":"intersection","source":"osm","confidence":0.9,"verified":false,"display_selectable":false}},{"type":"Feature","geometry":{"type":"Point","coordinates":[126.9254338,37.3917708]},"properties":{"feature_type":"node","node_id":"OSM_N3832541991","name":"OSM Node 3832541991","node_type":"intersection","source":"osm","confidence":0.9,"verified":false,"display_selectable":false}},{"type":"Feature","geometry":{"type":"Point","coordinates":[126.9249691,37.391528]},"properties":{"feature_type":"node","node_id":"OSM_N3832541992","name":"OSM Node 3832541992","node_type":"intersection","source":"osm","confidence":0.9,"verified":false,"display_selectable":false}},{"type":"Feature","geometry":{"type":"Point","coordinates":[126.9244934,37.3912836]},"properties":{"feature_type":"node","node_id":"OSM_N3832541993","name":"OSM Node 3832541993","node_type":"intersection","source":"osm","confidence":0.9,"verified":false,"display_selectable":false}},{"type":"Feature","geometry":{"type":"Point","coordinates":[126.9260198,37.3932877]},"properties":{"feature_type":"node","node_id":"OSM_N3832541994","name":"OSM Node 3832541994","node_type":"intersection","source":"osm","confidence":0.9,"verified":false,"display_selectable":false}},{"type":"Feature","geometry":{"type":"Point","coordinates":[126.925309,37.392909]},"properties":{"feature_type":"node","node_id":"OSM_N3832541995","name":"OSM Node 3832541995","node_type":"intersection","source":"osm","confidence":0.9,"verified":false,"display_selectable":false}},{"type":"Feature","geometry":{"type":"Point","coordinates":[126.9247322,37.3926067]},"properties":{"feature_type":"node","node_id":"OSM_N3832541996","name":"OSM Node 3832541996","node_type":"intersection","source":"osm","confidence":0.9,"verified":false,"display_selectable":false}},{"type":"Feature","geometry":{"type":"Point","coordinates":[126.9242829,37.3923615]},"properties":{"feature_type":"node","node_id":"OSM_N3832541997","name":"OSM Node 3832541997","node_type":"intersection","source":"osm","confidence":0.9,"verified":false,"display_selectable":false}},{"type":"Feature","geometry":{"type":"Point","coordinates":[126.9234547,37.3925426]},"properties":{"feature_type":"node","node_id":"OSM_N3832541998","name":"OSM Node 3832541998","node_type":"intersection","source":"osm","confidence":0.9,"verified":false,"display_selectable":false}},{"type":"Feature","geometry":{"type":"Point","coordinates":[126.9243795,37.3930313]},"properties":{"feature_type":"node","node_id":"OSM_N3832541999","name":"OSM Node 3832541999","node_type":"intersection","source":"osm","confidence":0.9,"verified":false,"display_selectable":false}},{"type":"Feature","geometry":{"type":"Point","coordinates":[126.9257011,37.3906492]},"properties":{"feature_type":"node","node_id":"OSM_N3832542000","name":"OSM Node 3832542000","node_type":"intersection","source":"osm","confidence":0.9,"verified":false,"display_selectable":false}},{"type":"Feature","geometry":{"type":"Point","coordinates":[126.9257926,37.3913383]},"properties":{"feature_type":"node","node_id":"OSM_N3832542003","name":"OSM Node 3832542003","node_type":"intersection","source":"osm","confidence":0.9,"verified":false,"display_selectable":false}},{"type":"Feature","geometry":{"type":"Point","coordinates":[126.9263949,37.3916532]},"properties":{"feature_type":"node","node_id":"OSM_N3832542004","name":"OSM Node 3832542004","node_type":"intersection","source":"osm","confidence":0.9,"verified":false,"display_selectable":false}},{"type":"Feature","geometry":{"type":"Point","coordinates":[126.9273391,37.3927813]},"properties":{"feature_type":"node","node_id":"OSM_N3832542005","name":"OSM Node 3832542005","node_type":"intersection","source":"osm","confidence":0.9,"verified":false,"display_selectable":false}},{"type":"Feature","geometry":{"type":"Point","coordinates":[126.9298088,37.3941293]},"properties":{"feature_type":"node","node_id":"OSM_N3832542008","name":"OSM Node 3832542008","node_type":"intersection","source":"osm","confidence":0.9,"verified":false,"display_selectable":false}},{"type":"Feature","geometry":{"type":"Point","coordinates":[126.9259031,37.3944919]},"properties":{"feature_type":"node","node_id":"OSM_N3832542009","name":"OSM Node 3832542009","node_type":"intersection","source":"osm","confidence":0.9,"verified":false,"display_selectable":false}},{"type":"Feature","geometry":{"type":"Point","coordinates":[126.9266338,37.3936109]},"properties":{"feature_type":"node","node_id":"OSM_N3832542010","name":"OSM Node 3832542010","node_type":"intersection","source":"osm","confidence":0.9,"verified":false,"display_selectable":false}},{"type":"Feature","geometry":{"type":"Point","coordinates":[126.9284632,37.3921132]},"properties":{"feature_type":"node","node_id":"OSM_N3832542011","name":"OSM Node 3832542011","node_type":"intersection","source":"osm","confidence":0.9,"verified":false,"display_selectable":false}},{"type":"Feature","geometry":{"type":"Point","coordinates":[126.9277398,37.392993]},"properties":{"feature_type":"node","node_id":"OSM_N3832542012","name":"OSM Node 3832542012","node_type":"intersection","source":"osm","confidence":0.9,"verified":false,"display_selectable":false}},{"type":"Feature","geometry":{"type":"Point","coordinates":[126.9287695,37.393512]},"properties":{"feature_type":"node","node_id":"OSM_N3832542013","name":"OSM Node 3832542013","node_type":"intersection","source":"osm","confidence":0.9,"verified":false,"display_selectable":false}},{"type":"Feature","geometry":{"type":"Point","coordinates":[126.9290961,37.3924473]},"properties":{"feature_type":"node","node_id":"OSM_N3832542014","name":"OSM Node 3832542014","node_type":"intersection","source":"osm","confidence":0.9,"verified":false,"display_selectable":false}},{"type":"Feature","geometry":{"type":"Point","coordinates":[126.9283616,37.393326]},"properties":{"feature_type":"node","node_id":"OSM_N3832542015","name":"OSM Node 3832542015","node_type":"intersection","source":"osm","confidence":0.9,"verified":false,"display_selectable":false}},{"type":"Feature","geometry":{"type":"Point","coordinates":[126.927943,37.3937985]},"properties":{"feature_type":"node","node_id":"OSM_N3832542016","name":"OSM Node 3832542016","node_type":"intersection","source":"osm","confidence":0.9,"verified":false,"display_selectable":false}},{"type":"Feature","geometry":{"type":"Point","coordinates":[126.9302316,37.3937234]},"properties":{"feature_type":"node","node_id":"OSM_N3832542017","name":"OSM Node 3832542017","node_type":"intersection","source":"osm","confidence":0.9,"verified":false,"display_selectable":false}},{"type":"Feature","geometry":{"type":"Point","coordinates":[126.9290955,37.3931091]},"properties":{"feature_type":"node","node_id":"OSM_N3832542018","name":"OSM Node 3832542018","node_type":"intersection","source":"osm","confidence":0.9,"verified":false,"display_selectable":false}},{"type":"Feature","geometry":{"type":"Point","coordinates":[126.9288639,37.3949924]},"properties":{"feature_type":"node","node_id":"OSM_N3832542021","name":"OSM Node 3832542021","node_type":"intersection","source":"osm","confidence":0.9,"verified":false,"display_selectable":false}},{"type":"Feature","geometry":{"type":"Point","coordinates":[126.9269904,37.3931833]},"properties":{"feature_type":"node","node_id":"OSM_N3832542025","name":"OSM Node 3832542025","node_type":"intersection","source":"osm","confidence":0.9,"verified":false,"display_selectable":false}},{"type":"Feature","geometry":{"type":"Point","coordinates":[126.9291493,37.393744]},"properties":{"feature_type":"node","node_id":"OSM_N3832542026","name":"OSM Node 3832542026","node_type":"intersection","source":"osm","confidence":0.9,"verified":false,"display_selectable":false}},{"type":"Feature","geometry":{"type":"Point","coordinates":[126.9285153,37.3945186]},"properties":{"feature_type":"node","node_id":"OSM_N3832542027","name":"OSM Node 3832542027","node_type":"intersection","source":"osm","confidence":0.9,"verified":false,"display_selectable":false}},{"type":"Feature","geometry":{"type":"Point","coordinates":[126.9196133,37.3941012]},"properties":{"feature_type":"node","node_id":"OSM_N3833810197","name":"OSM Node 3833810197","node_type":"intersection","source":"osm","confidence":0.9,"verified":false,"display_selectable":false}},{"type":"Feature","geometry":{"type":"Point","coordinates":[126.9194182,37.3938431]},"properties":{"feature_type":"node","node_id":"OSM_N3833810198","name":"OSM Node 3833810198","node_type":"waypoint","source":"osm","confidence":0.9,"verified":false,"display_selectable":false}},{"type":"Feature","geometry":{"type":"Point","coordinates":[126.9206787,37.3958674]},"properties":{"feature_type":"node","node_id":"OSM_N3833822390","name":"OSM Node 3833822390","node_type":"intersection","source":"osm","confidence":0.9,"verified":false,"display_selectable":false}},{"type":"Feature","geometry":{"type":"Point","coordinates":[126.9184697,37.3946973]},"properties":{"feature_type":"node","node_id":"OSM_N3833822391","name":"OSM Node 3833822391","node_type":"intersection","source":"osm","confidence":0.9,"verified":false,"display_selectable":false}},{"type":"Feature","geometry":{"type":"Point","coordinates":[126.9185004,37.3953321]},"properties":{"feature_type":"node","node_id":"OSM_N3833822392","name":"OSM Node 3833822392","node_type":"intersection","source":"osm","confidence":0.9,"verified":false,"display_selectable":false}},{"type":"Feature","geometry":{"type":"Point","coordinates":[126.9188487,37.3948978]},"properties":{"feature_type":"node","node_id":"OSM_N3833822393","name":"OSM Node 3833822393","node_type":"intersection","source":"osm","confidence":0.9,"verified":false,"display_selectable":false}},{"type":"Feature","geometry":{"type":"Point","coordinates":[126.9196531,37.3940846]},"properties":{"feature_type":"node","node_id":"OSM_N3833822394","name":"OSM Node 3833822394","node_type":"intersection","source":"osm","confidence":0.9,"verified":false,"display_selectable":false}},{"type":"Feature","geometry":{"type":"Point","coordinates":[126.9213921,37.3950119]},"properties":{"feature_type":"node","node_id":"OSM_N3833822395","name":"OSM Node 3833822395","node_type":"intersection","source":"osm","confidence":0.9,"verified":false,"display_selectable":false}},{"type":"Feature","geometry":{"type":"Point","coordinates":[126.9202731,37.3937915]},"properties":{"feature_type":"node","node_id":"OSM_N3833822396","name":"OSM Node 3833822396","node_type":"intersection","source":"osm","confidence":0.9,"verified":false,"display_selectable":false}},{"type":"Feature","geometry":{"type":"Point","coordinates":[126.9220455,37.3942208]},"properties":{"feature_type":"node","node_id":"OSM_N3833822397","name":"OSM Node 3833822397","node_type":"intersection","source":"osm","confidence":0.9,"verified":false,"display_selectable":false}},{"type":"Feature","geometry":{"type":"Point","coordinates":[126.9208055,37.3935271]},"properties":{"feature_type":"node","node_id":"OSM_N3833822398","name":"OSM Node 3833822398","node_type":"intersection","source":"osm","confidence":0.9,"verified":false,"display_selectable":false}},{"type":"Feature","geometry":{"type":"Point","coordinates":[126.9223478,37.3938669]},"properties":{"feature_type":"node","node_id":"OSM_N3833822399","name":"OSM Node 3833822399","node_type":"intersection","source":"osm","confidence":0.9,"verified":false,"display_selectable":false}},{"type":"Feature","geometry":{"type":"Point","coordinates":[126.9212656,37.3933036]},"properties":{"feature_type":"node","node_id":"OSM_N3833822400","name":"OSM Node 3833822400","node_type":"intersection","source":"osm","confidence":0.9,"verified":false,"display_selectable":false}},{"type":"Feature","geometry":{"type":"Point","coordinates":[126.9199587,37.3942492]},"properties":{"feature_type":"node","node_id":"OSM_N3833822401","name":"OSM Node 3833822401","node_type":"intersection","source":"osm","confidence":0.9,"verified":false,"display_selectable":false}},{"type":"Feature","geometry":{"type":"Point","coordinates":[126.9192538,37.3951072]},"properties":{"feature_type":"node","node_id":"OSM_N3833822402","name":"OSM Node 3833822402","node_type":"intersection","source":"osm","confidence":0.9,"verified":false,"display_selectable":false}},{"type":"Feature","geometry":{"type":"Point","coordinates":[126.9193426,37.3957763]},"properties":{"feature_type":"node","node_id":"OSM_N3833822403","name":"OSM Node 3833822403","node_type":"intersection","source":"osm","confidence":0.9,"verified":false,"display_selectable":false}},{"type":"Feature","geometry":{"type":"Point","coordinates":[126.9197005,37.3953504]},"properties":{"feature_type":"node","node_id":"OSM_N3833822404","name":"OSM Node 3833822404","node_type":"intersection","source":"osm","confidence":0.9,"verified":false,"display_selectable":false}},{"type":"Feature","geometry":{"type":"Point","coordinates":[126.920421,37.39449]},"properties":{"feature_type":"node","node_id":"OSM_N3833822405","name":"OSM Node 3833822405","node_type":"intersection","source":"osm","confidence":0.9,"verified":false,"display_selectable":false}},{"type":"Feature","geometry":{"type":"Point","coordinates":[126.9207493,37.3940874]},"properties":{"feature_type":"node","node_id":"OSM_N3833822406","name":"OSM Node 3833822406","node_type":"intersection","source":"osm","confidence":0.9,"verified":false,"display_selectable":false}},{"type":"Feature","geometry":{"type":"Point","coordinates":[126.920881,37.3947371]},"properties":{"feature_type":"node","node_id":"OSM_N3833822407","name":"OSM Node 3833822407","node_type":"intersection","source":"osm","confidence":0.9,"verified":false,"display_selectable":false}},{"type":"Feature","geometry":{"type":"Point","coordinates":[126.9201648,37.3956009]},"properties":{"feature_type":"node","node_id":"OSM_N3833822408","name":"OSM Node 3833822408","node_type":"intersection","source":"osm","confidence":0.9,"verified":false,"display_selectable":false}},{"type":"Feature","geometry":{"type":"Point","coordinates":[126.9232744,37.3943637]},"properties":{"feature_type":"node","node_id":"OSM_N3833822409","name":"OSM Node 3833822409","node_type":"intersection","source":"osm","confidence":0.9,"verified":false,"display_selectable":false}},{"type":"Feature","geometry":{"type":"Point","coordinates":[126.9238519,37.3946701]},"properties":{"feature_type":"node","node_id":"OSM_N3833822410","name":"OSM Node 3833822410","node_type":"intersection","source":"osm","confidence":0.9,"verified":false,"display_selectable":false}},{"type":"Feature","geometry":{"type":"Point","coordinates":[126.9226828,37.393462]},"properties":{"feature_type":"node","node_id":"OSM_N3833822411","name":"OSM Node 3833822411","node_type":"intersection","source":"osm","confidence":0.9,"verified":false,"display_selectable":false}},{"type":"Feature","geometry":{"type":"Point","coordinates":[126.9218406,37.3930238]},"properties":{"feature_type":"node","node_id":"OSM_N3833822412","name":"OSM Node 3833822412","node_type":"intersection","source":"osm","confidence":0.9,"verified":false,"display_selectable":false}},{"type":"Feature","geometry":{"type":"Point","coordinates":[126.9245579,37.3950445]},"properties":{"feature_type":"node","node_id":"OSM_N3833822413","name":"OSM Node 3833822413","node_type":"intersection","source":"osm","confidence":0.9,"verified":false,"display_selectable":false}},{"type":"Feature","geometry":{"type":"Point","coordinates":[126.9236038,37.3939556]},"properties":{"feature_type":"node","node_id":"OSM_N3833822414","name":"OSM Node 3833822414","node_type":"intersection","source":"osm","confidence":0.9,"verified":false,"display_selectable":false}},{"type":"Feature","geometry":{"type":"Point","coordinates":[126.9229802,37.3947189]},"properties":{"feature_type":"node","node_id":"OSM_N3833822415","name":"OSM Node 3833822415","node_type":"intersection","source":"osm","confidence":0.9,"verified":false,"display_selectable":false}},{"type":"Feature","geometry":{"type":"Point","coordinates":[126.9236105,37.3961905]},"properties":{"feature_type":"node","node_id":"OSM_N3833822416","name":"OSM Node 3833822416","node_type":"intersection","source":"osm","confidence":0.9,"verified":false,"display_selectable":false}},{"type":"Feature","geometry":{"type":"Point","coordinates":[126.9223216,37.3954977]},"properties":{"feature_type":"node","node_id":"OSM_N3833822417","name":"OSM Node 3833822417","node_type":"intersection","source":"osm","confidence":0.9,"verified":false,"display_selectable":false}},{"type":"Feature","geometry":{"type":"Point","coordinates":[126.9208518,37.3956554]},"properties":{"feature_type":"node","node_id":"OSM_N3833822418","name":"OSM Node 3833822418","node_type":"intersection","source":"osm","confidence":0.9,"verified":false,"display_selectable":false}},{"type":"Feature","geometry":{"type":"Point","coordinates":[126.9217844,37.3961465]},"properties":{"feature_type":"node","node_id":"OSM_N3833822419","name":"OSM Node 3833822419","node_type":"intersection","source":"osm","confidence":0.9,"verified":false,"display_selectable":false}},{"type":"Feature","geometry":{"type":"Point","coordinates":[126.9218963,37.395271]},"properties":{"feature_type":"node","node_id":"OSM_N3833822420","name":"OSM Node 3833822420","node_type":"intersection","source":"osm","confidence":0.9,"verified":false,"display_selectable":false}},{"type":"Feature","geometry":{"type":"Point","coordinates":[126.9213578,37.395917]},"properties":{"feature_type":"node","node_id":"OSM_N3833822421","name":"OSM Node 3833822421","node_type":"intersection","source":"osm","confidence":0.9,"verified":false,"display_selectable":false}},{"type":"Feature","geometry":{"type":"Point","coordinates":[126.9251636,37.3953758]},"properties":{"feature_type":"node","node_id":"OSM_N3834106171","name":"OSM Node 3834106171","node_type":"intersection","source":"osm","confidence":0.9,"verified":false,"display_selectable":false}},{"type":"Feature","geometry":{"type":"Point","coordinates":[126.9263444,37.3959967]},"properties":{"feature_type":"node","node_id":"OSM_N3834106172","name":"OSM Node 3834106172","node_type":"intersection","source":"osm","confidence":0.9,"verified":false,"display_selectable":false}},{"type":"Feature","geometry":{"type":"Point","coordinates":[126.9271295,37.3964098]},"properties":{"feature_type":"node","node_id":"OSM_N3834106173","name":"OSM Node 3834106173","node_type":"intersection","source":"osm","confidence":0.9,"verified":false,"display_selectable":false}},{"type":"Feature","geometry":{"type":"Point","coordinates":[126.9275078,37.3960773]},"properties":{"feature_type":"node","node_id":"OSM_N3834106174","name":"OSM Node 3834106174","node_type":"intersection","source":"osm","confidence":0.9,"verified":false,"display_selectable":false}},{"type":"Feature","geometry":{"type":"Point","coordinates":[126.9266703,37.3956202]},"properties":{"feature_type":"node","node_id":"OSM_N3834106175","name":"OSM Node 3834106175","node_type":"intersection","source":"osm","confidence":0.9,"verified":false,"display_selectable":false}},{"type":"Feature","geometry":{"type":"Point","coordinates":[126.9254829,37.3949943]},"properties":{"feature_type":"node","node_id":"OSM_N3834106176","name":"OSM Node 3834106176","node_type":"intersection","source":"osm","confidence":0.9,"verified":false,"display_selectable":false}},{"type":"Feature","geometry":{"type":"Point","coordinates":[126.9255726,37.3955973]},"properties":{"feature_type":"node","node_id":"OSM_N3834106177","name":"OSM Node 3834106177","node_type":"intersection","source":"osm","confidence":0.9,"verified":false,"display_selectable":false}},{"type":"Feature","geometry":{"type":"Point","coordinates":[126.9249764,37.3963196]},"properties":{"feature_type":"node","node_id":"OSM_N3834106178","name":"OSM Node 3834106178","node_type":"intersection","source":"osm","confidence":0.9,"verified":false,"display_selectable":false}},{"type":"Feature","geometry":{"type":"Point","coordinates":[126.9241651,37.3982643]},"properties":{"feature_type":"node","node_id":"OSM_N3834106179","name":"OSM Node 3834106179","node_type":"intersection","source":"osm","confidence":0.9,"verified":false,"display_selectable":false}},{"type":"Feature","geometry":{"type":"Point","coordinates":[126.923159,37.3978015]},"properties":{"feature_type":"node","node_id":"OSM_N3834106180","name":"OSM Node 3834106180","node_type":"intersection","source":"osm","confidence":0.9,"verified":false,"display_selectable":false}},{"type":"Feature","geometry":{"type":"Point","coordinates":[126.9241871,37.3965494]},"properties":{"feature_type":"node","node_id":"OSM_N3834106181","name":"OSM Node 3834106181","node_type":"intersection","source":"osm","confidence":0.9,"verified":false,"display_selectable":false}},{"type":"Feature","geometry":{"type":"Point","coordinates":[126.9253209,37.3971402]},"properties":{"feature_type":"node","node_id":"OSM_N3834106182","name":"OSM Node 3834106182","node_type":"intersection","source":"osm","confidence":0.9,"verified":false,"display_selectable":false}},{"type":"Feature","geometry":{"type":"Point","coordinates":[126.9232367,37.3966289]},"properties":{"feature_type":"node","node_id":"OSM_N3834106183","name":"OSM Node 3834106183","node_type":"intersection","source":"osm","confidence":0.9,"verified":false,"display_selectable":false}},{"type":"Feature","geometry":{"type":"Point","coordinates":[126.9238375,37.3969587]},"properties":{"feature_type":"node","node_id":"OSM_N3834106184","name":"OSM Node 3834106184","node_type":"intersection","source":"osm","confidence":0.9,"verified":false,"display_selectable":false}},{"type":"Feature","geometry":{"type":"Point","coordinates":[126.9249282,37.3975252]},"properties":{"feature_type":"node","node_id":"OSM_N3834106185","name":"OSM Node 3834106185","node_type":"intersection","source":"osm","confidence":0.9,"verified":false,"display_selectable":false}},{"type":"Feature","geometry":{"type":"Point","coordinates":[126.9255523,37.3978599]},"properties":{"feature_type":"node","node_id":"OSM_N3834106186","name":"OSM Node 3834106186","node_type":"intersection","source":"osm","confidence":0.9,"verified":false,"display_selectable":false}},{"type":"Feature","geometry":{"type":"Point","coordinates":[126.9235261,37.3973457]},"properties":{"feature_type":"node","node_id":"OSM_N3834106187","name":"OSM Node 3834106187","node_type":"intersection","source":"osm","confidence":0.9,"verified":false,"display_selectable":false}},{"type":"Feature","geometry":{"type":"Point","coordinates":[126.9245565,37.3978983]},"properties":{"feature_type":"node","node_id":"OSM_N3834106188","name":"OSM Node 3834106188","node_type":"intersection","source":"osm","confidence":0.9,"verified":false,"display_selectable":false}},{"type":"Feature","geometry":{"type":"Point","coordinates":[126.9195177,37.3972555]},"properties":{"feature_type":"node","node_id":"OSM_N3834216003","name":"OSM Node 3834216003","node_type":"intersection","source":"osm","confidence":0.9,"verified":false,"display_selectable":false}},{"type":"Feature","geometry":{"type":"Point","coordinates":[126.9180261,37.3973612]},"properties":{"feature_type":"node","node_id":"OSM_N3834216008","name":"OSM Node 3834216008","node_type":"waypoint","source":"osm","confidence":0.9,"verified":false,"display_selectable":false}},{"type":"Feature","geometry":{"type":"Point","coordinates":[126.9184323,37.3977117]},"properties":{"feature_type":"node","node_id":"OSM_N3834216009","name":"OSM Node 3834216009","node_type":"intersection","source":"osm","confidence":0.9,"verified":false,"display_selectable":false}},{"type":"Feature","geometry":{"type":"Point","coordinates":[126.9185395,37.3967415]},"properties":{"feature_type":"node","node_id":"OSM_N3834216011","name":"OSM Node 3834216011","node_type":"intersection","source":"osm","confidence":0.9,"verified":false,"display_selectable":false}},{"type":"Feature","geometry":{"type":"Point","coordinates":[126.9190009,37.3969864]},"properties":{"feature_type":"node","node_id":"OSM_N3834216012","name":"OSM Node 3834216012","node_type":"intersection","source":"osm","confidence":0.9,"verified":false,"display_selectable":false}},{"type":"Feature","geometry":{"type":"Point","coordinates":[126.9197783,37.3969387]},"properties":{"feature_type":"node","node_id":"OSM_N3834216013","name":"OSM Node 3834216013","node_type":"intersection","source":"osm","confidence":0.9,"verified":false,"display_selectable":false}},{"type":"Feature","geometry":{"type":"Point","coordinates":[126.9188173,37.3964216]},"properties":{"feature_type":"node","node_id":"OSM_N3834216014","name":"OSM Node 3834216014","node_type":"intersection","source":"osm","confidence":0.9,"verified":false,"display_selectable":false}},{"type":"Feature","geometry":{"type":"Point","coordinates":[126.9179515,37.3959709]},"properties":{"feature_type":"node","node_id":"OSM_N3834216015","name":"OSM Node 3834216015","node_type":"waypoint","source":"osm","confidence":0.9,"verified":false,"display_selectable":false}},{"type":"Feature","geometry":{"type":"Point","coordinates":[126.9200287,37.3966409]},"properties":{"feature_type":"node","node_id":"OSM_N3834216016","name":"OSM Node 3834216016","node_type":"intersection","source":"osm","confidence":0.9,"verified":false,"display_selectable":false}},{"type":"Feature","geometry":{"type":"Point","coordinates":[126.9190614,37.3961234]},"properties":{"feature_type":"node","node_id":"OSM_N3834216017","name":"OSM Node 3834216017","node_type":"intersection","source":"osm","confidence":0.9,"verified":false,"display_selectable":false}},{"type":"Feature","geometry":{"type":"Point","coordinates":[126.9182038,37.3956748]},"properties":{"feature_type":"node","node_id":"OSM_N3834216018","name":"OSM Node 3834216018","node_type":"intersection","source":"osm","confidence":0.9,"verified":false,"display_selectable":false}},{"type":"Feature","geometry":{"type":"Point","coordinates":[126.9207179,37.3974382]},"properties":{"feature_type":"node","node_id":"OSM_N3834216019","name":"OSM Node 3834216019","node_type":"intersection","source":"osm","confidence":0.9,"verified":false,"display_selectable":false}},{"type":"Feature","geometry":{"type":"Point","coordinates":[126.9188453,37.3980597]},"properties":{"feature_type":"node","node_id":"OSM_N3834216021","name":"OSM Node 3834216021","node_type":"intersection","source":"osm","confidence":0.9,"verified":false,"display_selectable":false}},{"type":"Feature","geometry":{"type":"Point","coordinates":[126.9192098,37.3992315]},"properties":{"feature_type":"node","node_id":"OSM_N3834216022","name":"OSM Node 3834216022","node_type":"intersection","source":"osm","confidence":0.9,"verified":false,"display_selectable":false}},{"type":"Feature","geometry":{"type":"Point","coordinates":[126.9197671,37.3985572]},"properties":{"feature_type":"node","node_id":"OSM_N3834216023","name":"OSM Node 3834216023","node_type":"intersection","source":"osm","confidence":0.9,"verified":false,"display_selectable":false}},{"type":"Feature","geometry":{"type":"Point","coordinates":[126.9204507,37.3977274]},"properties":{"feature_type":"node","node_id":"OSM_N3834216024","name":"OSM Node 3834216024","node_type":"intersection","source":"osm","confidence":0.9,"verified":false,"display_selectable":false}},{"type":"Feature","geometry":{"type":"Point","coordinates":[126.9218088,37.397087]},"properties":{"feature_type":"node","node_id":"OSM_N3834216026","name":"OSM Node 3834216026","node_type":"intersection","source":"osm","confidence":0.9,"verified":false,"display_selectable":false}},{"type":"Feature","geometry":{"type":"Point","coordinates":[126.9210444,37.3980181]},"properties":{"feature_type":"node","node_id":"OSM_N3834216027","name":"OSM Node 3834216027","node_type":"intersection","source":"osm","confidence":0.9,"verified":false,"display_selectable":false}},{"type":"Feature","geometry":{"type":"Point","coordinates":[126.9203474,37.3988521]},"properties":{"feature_type":"node","node_id":"OSM_N3834216028","name":"OSM Node 3834216028","node_type":"intersection","source":"osm","confidence":0.9,"verified":false,"display_selectable":false}},{"type":"Feature","geometry":{"type":"Point","coordinates":[126.9197186,37.3995967]},"properties":{"feature_type":"node","node_id":"OSM_N3834216029","name":"OSM Node 3834216029","node_type":"intersection","source":"osm","confidence":0.9,"verified":false,"display_selectable":false}},{"type":"Feature","geometry":{"type":"Point","coordinates":[126.9213284,37.3999618]},"properties":{"feature_type":"node","node_id":"OSM_N3834216030","name":"OSM Node 3834216030","node_type":"intersection","source":"osm","confidence":0.9,"verified":false,"display_selectable":false}},{"type":"Feature","geometry":{"type":"Point","coordinates":[126.9222359,37.4004407]},"properties":{"feature_type":"node","node_id":"OSM_N3834216031","name":"OSM Node 3834216031","node_type":"intersection","source":"osm","confidence":0.9,"verified":false,"display_selectable":false}},{"type":"Feature","geometry":{"type":"Point","coordinates":[126.9221134,37.3990521]},"properties":{"feature_type":"node","node_id":"OSM_N3834216032","name":"OSM Node 3834216032","node_type":"intersection","source":"osm","confidence":0.9,"verified":false,"display_selectable":false}},{"type":"Feature","geometry":{"type":"Point","coordinates":[126.9225735,37.3992764]},"properties":{"feature_type":"node","node_id":"OSM_N3834216033","name":"OSM Node 3834216033","node_type":"intersection","source":"osm","confidence":0.9,"verified":false,"display_selectable":false}},{"type":"Feature","geometry":{"type":"Point","coordinates":[126.9240936,37.3983755]},"properties":{"feature_type":"node","node_id":"OSM_N3834216034","name":"OSM Node 3834216034","node_type":"intersection","source":"osm","confidence":0.9,"verified":false,"display_selectable":false}},{"type":"Feature","geometry":{"type":"Point","coordinates":[126.9247935,37.3986415]},"properties":{"feature_type":"node","node_id":"OSM_N3834216036","name":"OSM Node 3834216036","node_type":"intersection","source":"osm","confidence":0.9,"verified":false,"display_selectable":false}},{"type":"Feature","geometry":{"type":"Point","coordinates":[126.9232825,37.3978691]},"properties":{"feature_type":"node","node_id":"OSM_N3834216040","name":"OSM Node 3834216040","node_type":"intersection","source":"osm","confidence":0.9,"verified":false,"display_selectable":false}},{"type":"Feature","geometry":{"type":"Point","coordinates":[126.9280634,37.4000423]},"properties":{"feature_type":"node","node_id":"OSM_N3834216046","name":"OSM Node 3834216046","node_type":"intersection","source":"osm","confidence":0.9,"verified":false,"display_selectable":false}},{"type":"Feature","geometry":{"type":"Point","coordinates":[126.9253143,37.3990305]},"properties":{"feature_type":"node","node_id":"OSM_N3834216047","name":"OSM Node 3834216047","node_type":"intersection","source":"osm","confidence":0.9,"verified":false,"display_selectable":false}},{"type":"Feature","geometry":{"type":"Point","coordinates":[126.9279672,37.4001302]},"properties":{"feature_type":"node","node_id":"OSM_N3834216560","name":"OSM Node 3834216560","node_type":"intersection","source":"osm","confidence":0.9,"verified":false,"display_selectable":false}},{"type":"Feature","geometry":{"type":"Point","coordinates":[126.9283783,37.3964427]},"properties":{"feature_type":"node","node_id":"OSM_N3834216593","name":"OSM Node 3834216593","node_type":"intersection","source":"osm","confidence":0.9,"verified":false,"display_selectable":false}},{"type":"Feature","geometry":{"type":"Point","coordinates":[126.9287732,37.3965824]},"properties":{"feature_type":"node","node_id":"OSM_N3834216594","name":"OSM Node 3834216594","node_type":"waypoint","source":"osm","confidence":0.9,"verified":false,"display_selectable":false}},{"type":"Feature","geometry":{"type":"Point","coordinates":[126.9305792,37.397561]},"properties":{"feature_type":"node","node_id":"OSM_N3834216600","name":"OSM Node 3834216600","node_type":"intersection","source":"osm","confidence":0.9,"verified":false,"display_selectable":false}},{"type":"Feature","geometry":{"type":"Point","coordinates":[126.9264343,37.4014656]},"properties":{"feature_type":"node","node_id":"OSM_N3834216605","name":"OSM Node 3834216605","node_type":"intersection","source":"osm","confidence":0.9,"verified":false,"display_selectable":false}},{"type":"Feature","geometry":{"type":"Point","coordinates":[126.9266714,37.3997692]},"properties":{"feature_type":"node","node_id":"OSM_N3834216616","name":"OSM Node 3834216616","node_type":"intersection","source":"osm","confidence":0.9,"verified":false,"display_selectable":false}},{"type":"Feature","geometry":{"type":"Point","coordinates":[126.9255067,37.3992478]},"properties":{"feature_type":"node","node_id":"OSM_N3834216621","name":"OSM Node 3834216621","node_type":"intersection","source":"osm","confidence":0.9,"verified":false,"display_selectable":false}},{"type":"Feature","geometry":{"type":"Point","coordinates":[126.925299,37.4010346]},"properties":{"feature_type":"node","node_id":"OSM_N3834216626","name":"OSM Node 3834216626","node_type":"intersection","source":"osm","confidence":0.9,"verified":false,"display_selectable":false}},{"type":"Feature","geometry":{"type":"Point","coordinates":[126.9223894,37.404572]},"properties":{"feature_type":"node","node_id":"OSM_N3834216627","name":"OSM Node 3834216627","node_type":"waypoint","source":"osm","confidence":0.9,"verified":false,"display_selectable":false}},{"type":"Feature","geometry":{"type":"Point","coordinates":[126.9216727,37.4037876]},"properties":{"feature_type":"node","node_id":"OSM_N3834216628","name":"OSM Node 3834216628","node_type":"waypoint","source":"osm","confidence":0.9,"verified":false,"display_selectable":false}},{"type":"Feature","geometry":{"type":"Point","coordinates":[126.9177286,37.3994183]},"properties":{"feature_type":"node","node_id":"OSM_N3835239873","name":"OSM Node 3835239873","node_type":"waypoint","source":"osm","confidence":0.9,"verified":false,"display_selectable":false}},{"type":"Feature","geometry":{"type":"Point","coordinates":[126.9200666,37.4003996]},"properties":{"feature_type":"node","node_id":"OSM_N3835239886","name":"OSM Node 3835239886","node_type":"intersection","source":"osm","confidence":0.9,"verified":false,"display_selectable":false}},{"type":"Feature","geometry":{"type":"Point","coordinates":[126.9206777,37.400919]},"properties":{"feature_type":"node","node_id":"OSM_N3835239888","name":"OSM Node 3835239888","node_type":"intersection","source":"osm","confidence":0.9,"verified":false,"display_selectable":false}},{"type":"Feature","geometry":{"type":"Point","coordinates":[126.9206307,37.4031188]},"properties":{"feature_type":"node","node_id":"OSM_N3835239902","name":"OSM Node 3835239902","node_type":"intersection","source":"osm","confidence":0.9,"verified":false,"display_selectable":false}},{"type":"Feature","geometry":{"type":"Point","coordinates":[126.9185183,37.4022797]},"properties":{"feature_type":"node","node_id":"OSM_N3835279855","name":"OSM Node 3835279855","node_type":"intersection","source":"osm","confidence":0.9,"verified":false,"display_selectable":false}},{"type":"Feature","geometry":{"type":"Point","coordinates":[126.9178458,37.4019253]},"properties":{"feature_type":"node","node_id":"OSM_N3835279856","name":"OSM Node 3835279856","node_type":"waypoint","source":"osm","confidence":0.9,"verified":false,"display_selectable":false}},{"type":"Feature","geometry":{"type":"Point","coordinates":[126.9193818,37.401254]},"properties":{"feature_type":"node","node_id":"OSM_N3835279964","name":"OSM Node 3835279964","node_type":"intersection","source":"osm","confidence":0.9,"verified":false,"display_selectable":false}},{"type":"Feature","geometry":{"type":"Point","coordinates":[126.9187031,37.4008985]},"properties":{"feature_type":"node","node_id":"OSM_N3835279965","name":"OSM Node 3835279965","node_type":"intersection","source":"osm","confidence":0.9,"verified":false,"display_selectable":false}},{"type":"Feature","geometry":{"type":"Point","coordinates":[126.9184066,37.4012505]},"properties":{"feature_type":"node","node_id":"OSM_N3835279984","name":"OSM Node 3835279984","node_type":"waypoint","source":"osm","confidence":0.9,"verified":false,"display_selectable":false}},{"type":"Feature","geometry":{"type":"Point","coordinates":[126.917489,37.4005168]},"properties":{"feature_type":"node","node_id":"OSM_N3835279993","name":"OSM Node 3835279993","node_type":"waypoint","source":"osm","confidence":0.9,"verified":false,"display_selectable":false}},{"type":"Feature","geometry":{"type":"Point","coordinates":[126.9184394,37.400002]},"properties":{"feature_type":"node","node_id":"OSM_N3835279995","name":"OSM Node 3835279995","node_type":"waypoint","source":"osm","confidence":0.9,"verified":false,"display_selectable":false}},{"type":"Feature","geometry":{"type":"Point","coordinates":[126.9171049,37.4008602]},"properties":{"feature_type":"node","node_id":"OSM_N3835280000","name":"OSM Node 3835280000","node_type":"waypoint","source":"osm","confidence":0.9,"verified":false,"display_selectable":false}},{"type":"Feature","geometry":{"type":"Point","coordinates":[126.918782,37.4002051]},"properties":{"feature_type":"node","node_id":"OSM_N3835280005","name":"OSM Node 3835280005","node_type":"intersection","source":"osm","confidence":0.9,"verified":false,"display_selectable":false}},{"type":"Feature","geometry":{"type":"Point","coordinates":[126.9192562,37.4014073]},"properties":{"feature_type":"node","node_id":"OSM_N3835280043","name":"OSM Node 3835280043","node_type":"intersection","source":"osm","confidence":0.9,"verified":false,"display_selectable":false}},{"type":"Feature","geometry":{"type":"Point","coordinates":[126.9203405,37.4019334]},"properties":{"feature_type":"node","node_id":"OSM_N3835280044","name":"OSM Node 3835280044","node_type":"intersection","source":"osm","confidence":0.9,"verified":false,"display_selectable":false}},{"type":"Feature","geometry":{"type":"Point","coordinates":[126.9187524,37.4020095]},"properties":{"feature_type":"node","node_id":"OSM_N3835280045","name":"OSM Node 3835280045","node_type":"intersection","source":"osm","confidence":0.9,"verified":false,"display_selectable":false}},{"type":"Feature","geometry":{"type":"Point","coordinates":[126.9201893,37.4027605]},"properties":{"feature_type":"node","node_id":"OSM_N3835280046","name":"OSM Node 3835280046","node_type":"intersection","source":"osm","confidence":0.9,"verified":false,"display_selectable":false}},{"type":"Feature","geometry":{"type":"Point","coordinates":[126.9204344,37.4027232]},"properties":{"feature_type":"node","node_id":"OSM_N3835280047","name":"OSM Node 3835280047","node_type":"intersection","source":"osm","confidence":0.9,"verified":false,"display_selectable":false}},{"type":"Feature","geometry":{"type":"Point","coordinates":[126.9198195,37.4017033]},"properties":{"feature_type":"node","node_id":"OSM_N3835280048","name":"OSM Node 3835280048","node_type":"intersection","source":"osm","confidence":0.9,"verified":false,"display_selectable":false}},{"type":"Feature","geometry":{"type":"Point","coordinates":[126.9193315,37.4023081]},"properties":{"feature_type":"node","node_id":"OSM_N3835280049","name":"OSM Node 3835280049","node_type":"intersection","source":"osm","confidence":0.9,"verified":false,"display_selectable":false}},{"type":"Feature","geometry":{"type":"Point","coordinates":[126.9187015,37.4030563]},"properties":{"feature_type":"node","node_id":"OSM_N3835280050","name":"OSM Node 3835280050","node_type":"intersection","source":"osm","confidence":0.9,"verified":false,"display_selectable":false}},{"type":"Feature","geometry":{"type":"Point","coordinates":[126.9189985,37.4026998]},"properties":{"feature_type":"node","node_id":"OSM_N3835280052","name":"OSM Node 3835280052","node_type":"intersection","source":"osm","confidence":0.9,"verified":false,"display_selectable":false}},{"type":"Feature","geometry":{"type":"Point","coordinates":[126.9198589,37.4031467]},"properties":{"feature_type":"node","node_id":"OSM_N3835280053","name":"OSM Node 3835280053","node_type":"intersection","source":"osm","confidence":0.9,"verified":false,"display_selectable":false}},{"type":"Feature","geometry":{"type":"Point","coordinates":[126.9202087,37.4013237]},"properties":{"feature_type":"node","node_id":"OSM_N3835280054","name":"OSM Node 3835280054","node_type":"intersection","source":"osm","confidence":0.9,"verified":false,"display_selectable":false}},{"type":"Feature","geometry":{"type":"Point","coordinates":[126.9197485,37.4025329]},"properties":{"feature_type":"node","node_id":"OSM_N3835280055","name":"OSM Node 3835280055","node_type":"intersection","source":"osm","confidence":0.9,"verified":false,"display_selectable":false}},{"type":"Feature","geometry":{"type":"Point","coordinates":[126.9180716,37.4038206]},"properties":{"feature_type":"node","node_id":"OSM_N3835341217","name":"OSM Node 3835341217","node_type":"waypoint","source":"osm","confidence":0.9,"verified":false,"display_selectable":false}},{"type":"Feature","geometry":{"type":"Point","coordinates":[126.9192088,37.4055592]},"properties":{"feature_type":"node","node_id":"OSM_N3835345572","name":"OSM Node 3835345572","node_type":"waypoint","source":"osm","confidence":0.9,"verified":false,"display_selectable":false}},{"type":"Feature","geometry":{"type":"Point","coordinates":[126.9206738,37.4030767]},"properties":{"feature_type":"node","node_id":"OSM_N3835345581","name":"OSM Node 3835345581","node_type":"intersection","source":"osm","confidence":0.9,"verified":false,"display_selectable":false}},{"type":"Feature","geometry":{"type":"Point","coordinates":[126.928056,37.4017552]},"properties":{"feature_type":"node","node_id":"OSM_N3835345585","name":"OSM Node 3835345585","node_type":"intersection","source":"osm","confidence":0.9,"verified":false,"display_selectable":false}},{"type":"Feature","geometry":{"type":"Point","coordinates":[126.9274401,37.4022192]},"properties":{"feature_type":"node","node_id":"OSM_N3835345602","name":"OSM Node 3835345602","node_type":"intersection","source":"osm","confidence":0.9,"verified":false,"display_selectable":false}},{"type":"Feature","geometry":{"type":"Point","coordinates":[126.9275474,37.4021225]},"properties":{"feature_type":"node","node_id":"OSM_N3840227366","name":"OSM Node 3840227366","node_type":"intersection","source":"osm","confidence":0.9,"verified":false,"display_selectable":false}},{"type":"Feature","geometry":{"type":"Point","coordinates":[126.9282916,37.4017553]},"properties":{"feature_type":"node","node_id":"OSM_N3844419606","name":"OSM Node 3844419606","node_type":"intersection","source":"osm","confidence":0.9,"verified":false,"display_selectable":false}},{"type":"Feature","geometry":{"type":"Point","coordinates":[126.9325264,37.4001615]},"properties":{"feature_type":"node","node_id":"OSM_N3844419608","name":"OSM Node 3844419608","node_type":"waypoint","source":"osm","confidence":0.9,"verified":false,"display_selectable":false}},{"type":"Feature","geometry":{"type":"Point","coordinates":[126.9306233,37.400511]},"properties":{"feature_type":"node","node_id":"OSM_N3844419609","name":"OSM Node 3844419609","node_type":"intersection","source":"osm","confidence":0.9,"verified":false,"display_selectable":false}},{"type":"Feature","geometry":{"type":"Point","coordinates":[126.930926,37.4013325]},"properties":{"feature_type":"node","node_id":"OSM_N3844419611","name":"OSM Node 3844419611","node_type":"intersection","source":"osm","confidence":0.9,"verified":false,"display_selectable":false}},{"type":"Feature","geometry":{"type":"Point","coordinates":[126.9316247,37.3994015]},"properties":{"feature_type":"node","node_id":"OSM_N3844419621","name":"OSM Node 3844419621","node_type":"waypoint","source":"osm","confidence":0.9,"verified":false,"display_selectable":false}},{"type":"Feature","geometry":{"type":"Point","coordinates":[126.9295748,37.4006537]},"properties":{"feature_type":"node","node_id":"OSM_N3844419623","name":"OSM Node 3844419623","node_type":"intersection","source":"osm","confidence":0.9,"verified":false,"display_selectable":false}},{"type":"Feature","geometry":{"type":"Point","coordinates":[126.9319914,37.3977216]},"properties":{"feature_type":"node","node_id":"OSM_N4631142940","name":"OSM Node 4631142940","node_type":"waypoint","source":"osm","confidence":0.9,"verified":false,"display_selectable":false}},{"type":"Feature","geometry":{"type":"Point","coordinates":[126.9237699,37.4011795]},"properties":{"feature_type":"node","node_id":"OSM_N4641716963","name":"OSM Node 4641716963","node_type":"intersection","source":"osm","confidence":0.9,"verified":false,"display_selectable":false}},{"type":"Feature","geometry":{"type":"Point","coordinates":[126.9255711,37.4021786]},"properties":{"feature_type":"node","node_id":"OSM_N4641716964","name":"OSM Node 4641716964","node_type":"intersection","source":"osm","confidence":0.9,"verified":false,"display_selectable":false}},{"type":"Feature","geometry":{"type":"Point","coordinates":[126.9247202,37.4017116]},"properties":{"feature_type":"node","node_id":"OSM_N4641716965","name":"OSM Node 4641716965","node_type":"intersection","source":"osm","confidence":0.9,"verified":false,"display_selectable":false}},{"type":"Feature","geometry":{"type":"Point","coordinates":[126.92359,37.4027904]},"properties":{"feature_type":"node","node_id":"OSM_N4641716967","name":"OSM Node 4641716967","node_type":"intersection","source":"osm","confidence":0.9,"verified":false,"display_selectable":false}},{"type":"Feature","geometry":{"type":"Point","coordinates":[126.9234845,37.403131]},"properties":{"feature_type":"node","node_id":"OSM_N4641716974","name":"OSM Node 4641716974","node_type":"intersection","source":"osm","confidence":0.9,"verified":false,"display_selectable":false}},{"type":"Feature","geometry":{"type":"Point","coordinates":[126.9237441,37.4028746]},"properties":{"feature_type":"node","node_id":"OSM_N4641716975","name":"OSM Node 4641716975","node_type":"intersection","source":"osm","confidence":0.9,"verified":false,"display_selectable":false}},{"type":"Feature","geometry":{"type":"Point","coordinates":[126.9237843,37.402605]},"properties":{"feature_type":"node","node_id":"OSM_N4641716976","name":"OSM Node 4641716976","node_type":"intersection","source":"osm","confidence":0.9,"verified":false,"display_selectable":false}},{"type":"Feature","geometry":{"type":"Point","coordinates":[126.9234039,37.4023369]},"properties":{"feature_type":"node","node_id":"OSM_N4641716980","name":"OSM Node 4641716980","node_type":"intersection","source":"osm","confidence":0.9,"verified":false,"display_selectable":false}},{"type":"Feature","geometry":{"type":"Point","coordinates":[126.9243069,37.4014872]},"properties":{"feature_type":"node","node_id":"OSM_N4641716985","name":"OSM Node 4641716985","node_type":"intersection","source":"osm","confidence":0.9,"verified":false,"display_selectable":false}},{"type":"Feature","geometry":{"type":"Point","coordinates":[126.9237724,37.4016798]},"properties":{"feature_type":"node","node_id":"OSM_N4641718290","name":"OSM Node 4641718290","node_type":"intersection","source":"osm","confidence":0.9,"verified":false,"display_selectable":false}},{"type":"Feature","geometry":{"type":"Point","coordinates":[126.9291839,37.3953067]},"properties":{"feature_type":"node","node_id":"OSM_N4659395625","name":"OSM Node 4659395625","node_type":"intersection","source":"osm","confidence":0.9,"verified":false,"display_selectable":false}},{"type":"Feature","geometry":{"type":"Point","coordinates":[126.9299025,37.3958934]},"properties":{"feature_type":"node","node_id":"OSM_N4659395626","name":"OSM Node 4659395626","node_type":"intersection","source":"osm","confidence":0.9,"verified":false,"display_selectable":false}},{"type":"Feature","geometry":{"type":"Point","coordinates":[126.9310145,37.3988781]},"properties":{"feature_type":"node","node_id":"OSM_N4660771197","name":"OSM Node 4660771197","node_type":"intersection","source":"osm","confidence":0.9,"verified":false,"display_selectable":false}},{"type":"Feature","geometry":{"type":"Point","coordinates":[126.9313716,37.3991757]},"properties":{"feature_type":"node","node_id":"OSM_N4660771198","name":"OSM Node 4660771198","node_type":"waypoint","source":"osm","confidence":0.9,"verified":false,"display_selectable":false}},{"type":"Feature","geometry":{"type":"Point","coordinates":[126.930825,37.3987886]},"properties":{"feature_type":"node","node_id":"OSM_N4660798778","name":"OSM Node 4660798778","node_type":"waypoint","source":"osm","confidence":0.9,"verified":false,"display_selectable":false}},{"type":"Feature","geometry":{"type":"Point","coordinates":[126.9318052,37.3979332]},"properties":{"feature_type":"node","node_id":"OSM_N4660798780","name":"OSM Node 4660798780","node_type":"waypoint","source":"osm","confidence":0.9,"verified":false,"display_selectable":false}},{"type":"Feature","geometry":{"type":"Point","coordinates":[126.9304173,37.399691]},"properties":{"feature_type":"node","node_id":"OSM_N4662952253","name":"OSM Node 4662952253","node_type":"intersection","source":"osm","confidence":0.9,"verified":false,"display_selectable":false}},{"type":"Feature","geometry":{"type":"Point","coordinates":[126.93073,37.3991782]},"properties":{"feature_type":"node","node_id":"OSM_N4662972455","name":"OSM Node 4662972455","node_type":"intersection","source":"osm","confidence":0.9,"verified":false,"display_selectable":false}},{"type":"Feature","geometry":{"type":"Point","coordinates":[126.9309301,37.3993865]},"properties":{"feature_type":"node","node_id":"OSM_N4662972456","name":"OSM Node 4662972456","node_type":"intersection","source":"osm","confidence":0.9,"verified":false,"display_selectable":false}},{"type":"Feature","geometry":{"type":"Point","coordinates":[126.9279936,37.395624]},"properties":{"feature_type":"node","node_id":"OSM_N4670074436","name":"OSM Node 4670074436","node_type":"intersection","source":"osm","confidence":0.9,"verified":false,"display_selectable":false}},{"type":"Feature","geometry":{"type":"Point","coordinates":[126.9304187,37.4022879]},"properties":{"feature_type":"node","node_id":"OSM_N4770922208","name":"OSM Node 4770922208","node_type":"intersection","source":"osm","confidence":0.9,"verified":false,"display_selectable":false}},{"type":"Feature","geometry":{"type":"Point","coordinates":[126.9301963,37.4025936]},"properties":{"feature_type":"node","node_id":"OSM_N4770922209","name":"OSM Node 4770922209","node_type":"intersection","source":"osm","confidence":0.9,"verified":false,"display_selectable":false}},{"type":"Feature","geometry":{"type":"Point","coordinates":[126.9300186,37.4030961]},"properties":{"feature_type":"node","node_id":"OSM_N4770922210","name":"OSM Node 4770922210","node_type":"intersection","source":"osm","confidence":0.9,"verified":false,"display_selectable":false}},{"type":"Feature","geometry":{"type":"Point","coordinates":[126.9301071,37.4036496]},"properties":{"feature_type":"node","node_id":"OSM_N4770922215","name":"OSM Node 4770922215","node_type":"waypoint","source":"osm","confidence":0.9,"verified":false,"display_selectable":false}},{"type":"Feature","geometry":{"type":"Point","coordinates":[126.9310296,37.4037173]},"properties":{"feature_type":"node","node_id":"OSM_N4770924044","name":"OSM Node 4770924044","node_type":"waypoint","source":"osm","confidence":0.9,"verified":false,"display_selectable":false}},{"type":"Feature","geometry":{"type":"Point","coordinates":[126.9310889,37.4024041]},"properties":{"feature_type":"node","node_id":"OSM_N4770924060","name":"OSM Node 4770924060","node_type":"intersection","source":"osm","confidence":0.9,"verified":false,"display_selectable":false}},{"type":"Feature","geometry":{"type":"Point","coordinates":[126.9314145,37.4024266]},"properties":{"feature_type":"node","node_id":"OSM_N4770924065","name":"OSM Node 4770924065","node_type":"waypoint","source":"osm","confidence":0.9,"verified":false,"display_selectable":false}},{"type":"Feature","geometry":{"type":"Point","coordinates":[126.9302165,37.4028384]},"properties":{"feature_type":"node","node_id":"OSM_N4770924080","name":"OSM Node 4770924080","node_type":"intersection","source":"osm","confidence":0.9,"verified":false,"display_selectable":false}},{"type":"Feature","geometry":{"type":"Point","coordinates":[126.9302772,37.4024256]},"properties":{"feature_type":"node","node_id":"OSM_N4770924096","name":"OSM Node 4770924096","node_type":"intersection","source":"osm","confidence":0.9,"verified":false,"display_selectable":false}},{"type":"Feature","geometry":{"type":"Point","coordinates":[126.9309738,37.4018871]},"properties":{"feature_type":"node","node_id":"OSM_N4771020532","name":"OSM Node 4771020532","node_type":"waypoint","source":"osm","confidence":0.9,"verified":false,"display_selectable":false}},{"type":"Feature","geometry":{"type":"Point","coordinates":[126.9317332,37.4021117]},"properties":{"feature_type":"node","node_id":"OSM_N4771020533","name":"OSM Node 4771020533","node_type":"waypoint","source":"osm","confidence":0.9,"verified":false,"display_selectable":false}},{"type":"Feature","geometry":{"type":"Point","coordinates":[126.9318446,37.4017632]},"properties":{"feature_type":"node","node_id":"OSM_N4771020536","name":"OSM Node 4771020536","node_type":"waypoint","source":"osm","confidence":0.9,"verified":false,"display_selectable":false}},{"type":"Feature","geometry":{"type":"Point","coordinates":[126.9290684,37.3994632]},"properties":{"feature_type":"node","node_id":"OSM_N5715203733","name":"OSM Node 5715203733","node_type":"waypoint","source":"osm","confidence":0.9,"verified":false,"display_selectable":false}},{"type":"Feature","geometry":{"type":"Point","coordinates":[126.9305694,37.3990994]},"properties":{"feature_type":"node","node_id":"OSM_N5715203735","name":"OSM Node 5715203735","node_type":"waypoint","source":"osm","confidence":0.9,"verified":false,"display_selectable":false}},{"type":"Feature","geometry":{"type":"Point","coordinates":[126.9242374,37.388133]},"properties":{"feature_type":"node","node_id":"OSM_N5997590357","name":"OSM Node 5997590357","node_type":"waypoint","source":"osm","confidence":0.9,"verified":false,"display_selectable":false}},{"type":"Feature","geometry":{"type":"Point","coordinates":[126.927579,37.4023706]},"properties":{"feature_type":"node","node_id":"OSM_N6111249701","name":"OSM Node 6111249701","node_type":"intersection","source":"osm","confidence":0.9,"verified":false,"display_selectable":false}},{"type":"Feature","geometry":{"type":"Point","coordinates":[126.9274789,37.4081503]},"properties":{"feature_type":"node","node_id":"OSM_N6111249728","name":"OSM Node 6111249728","node_type":"waypoint","source":"osm","confidence":0.9,"verified":false,"display_selectable":false}},{"type":"Feature","geometry":{"type":"Point","coordinates":[126.9300801,37.4025145]},"properties":{"feature_type":"node","node_id":"OSM_N7284854915","name":"OSM Node 7284854915","node_type":"intersection","source":"osm","confidence":0.9,"verified":false,"display_selectable":false}},{"type":"Feature","geometry":{"type":"Point","coordinates":[126.9294701,37.4027845]},"properties":{"feature_type":"node","node_id":"OSM_N7284866956","name":"OSM Node 7284866956","node_type":"waypoint","source":"osm","confidence":0.9,"verified":false,"display_selectable":false}},{"type":"Feature","geometry":{"type":"Point","coordinates":[126.9254631,37.3909341]},"properties":{"feature_type":"node","node_id":"OSM_N7560864755","name":"OSM Node 7560864755","node_type":"intersection","source":"osm","confidence":0.9,"verified":false,"display_selectable":false}},{"type":"Feature","geometry":{"type":"Point","coordinates":[126.924989,37.3906933]},"properties":{"feature_type":"node","node_id":"OSM_N7560864756","name":"OSM Node 7560864756","node_type":"intersection","source":"osm","confidence":0.9,"verified":false,"display_selectable":false}},{"type":"Feature","geometry":{"type":"Point","coordinates":[126.9180886,37.396502]},"properties":{"feature_type":"node","node_id":"OSM_N7564106314","name":"OSM Node 7564106314","node_type":"waypoint","source":"osm","confidence":0.9,"verified":false,"display_selectable":false}},{"type":"Feature","geometry":{"type":"Point","coordinates":[126.9200238,37.3975115]},"properties":{"feature_type":"node","node_id":"OSM_N7606941289","name":"OSM Node 7606941289","node_type":"intersection","source":"osm","confidence":0.9,"verified":false,"display_selectable":false}},{"type":"Feature","geometry":{"type":"Point","coordinates":[126.9193316,37.3983221]},"properties":{"feature_type":"node","node_id":"OSM_N7606941290","name":"OSM Node 7606941290","node_type":"intersection","source":"osm","confidence":0.9,"verified":false,"display_selectable":false}},{"type":"Feature","geometry":{"type":"Point","coordinates":[126.9307267,37.396565]},"properties":{"feature_type":"node","node_id":"OSM_N7617517369","name":"OSM Node 7617517369","node_type":"intersection","source":"osm","confidence":0.9,"verified":false,"display_selectable":false}},{"type":"Feature","geometry":{"type":"Point","coordinates":[126.9288655,37.3940908]},"properties":{"feature_type":"node","node_id":"OSM_N7617531611","name":"OSM Node 7617531611","node_type":"intersection","source":"osm","confidence":0.9,"verified":false,"display_selectable":false}},{"type":"Feature","geometry":{"type":"Point","coordinates":[126.9280923,37.39363]},"properties":{"feature_type":"node","node_id":"OSM_N7617531612","name":"OSM Node 7617531612","node_type":"intersection","source":"osm","confidence":0.9,"verified":false,"display_selectable":false}},{"type":"Feature","geometry":{"type":"Point","coordinates":[126.9218986,37.4015943]},"properties":{"feature_type":"node","node_id":"OSM_N7814566289","name":"OSM Node 7814566289","node_type":"intersection","source":"osm","confidence":0.9,"verified":false,"display_selectable":false}},{"type":"Feature","geometry":{"type":"Point","coordinates":[126.9225188,37.4010041]},"properties":{"feature_type":"node","node_id":"OSM_N7814723925","name":"OSM Node 7814723925","node_type":"intersection","source":"osm","confidence":0.9,"verified":false,"display_selectable":false}},{"type":"Feature","geometry":{"type":"Point","coordinates":[126.9226938,37.4008358]},"properties":{"feature_type":"node","node_id":"OSM_N7814723975","name":"OSM Node 7814723975","node_type":"intersection","source":"osm","confidence":0.9,"verified":false,"display_selectable":false}},{"type":"Feature","geometry":{"type":"Point","coordinates":[126.9227358,37.4008739]},"properties":{"feature_type":"node","node_id":"OSM_N7814723981","name":"OSM Node 7814723981","node_type":"intersection","source":"osm","confidence":0.9,"verified":false,"display_selectable":false}},{"type":"Feature","geometry":{"type":"Point","coordinates":[126.9225919,37.4010302]},"properties":{"feature_type":"node","node_id":"OSM_N7814723982","name":"OSM Node 7814723982","node_type":"intersection","source":"osm","confidence":0.9,"verified":false,"display_selectable":false}},{"type":"Feature","geometry":{"type":"Point","coordinates":[126.9218827,37.4015013]},"properties":{"feature_type":"node","node_id":"OSM_N7814727309","name":"OSM Node 7814727309","node_type":"intersection","source":"osm","confidence":0.9,"verified":false,"display_selectable":false}},{"type":"Feature","geometry":{"type":"Point","coordinates":[126.9213008,37.401577]},"properties":{"feature_type":"node","node_id":"OSM_N7814727316","name":"OSM Node 7814727316","node_type":"intersection","source":"osm","confidence":0.9,"verified":false,"display_selectable":false}},{"type":"Feature","geometry":{"type":"Point","coordinates":[126.9217083,37.4018435]},"properties":{"feature_type":"node","node_id":"OSM_N7814727319","name":"OSM Node 7814727319","node_type":"intersection","source":"osm","confidence":0.9,"verified":false,"display_selectable":false}},{"type":"Feature","geometry":{"type":"Point","coordinates":[126.921686,37.4016853]},"properties":{"feature_type":"node","node_id":"OSM_N7819267502","name":"OSM Node 7819267502","node_type":"waypoint","source":"osm","confidence":0.9,"verified":false,"display_selectable":false}},{"type":"Feature","geometry":{"type":"Point","coordinates":[126.9217595,37.4015211]},"properties":{"feature_type":"node","node_id":"OSM_N7819267503","name":"OSM Node 7819267503","node_type":"waypoint","source":"osm","confidence":0.9,"verified":false,"display_selectable":false}},{"type":"Feature","geometry":{"type":"Point","coordinates":[126.9228772,37.4005586]},"properties":{"feature_type":"node","node_id":"OSM_N7819267505","name":"OSM Node 7819267505","node_type":"intersection","source":"osm","confidence":0.9,"verified":false,"display_selectable":false}},{"type":"Feature","geometry":{"type":"Point","coordinates":[126.9217584,37.401612]},"properties":{"feature_type":"node","node_id":"OSM_N7819267507","name":"OSM Node 7819267507","node_type":"intersection","source":"osm","confidence":0.9,"verified":false,"display_selectable":false}},{"type":"Feature","geometry":{"type":"Point","coordinates":[126.9229572,37.4006017]},"properties":{"feature_type":"node","node_id":"OSM_N7819267508","name":"OSM Node 7819267508","node_type":"intersection","source":"osm","confidence":0.9,"verified":false,"display_selectable":false}},{"type":"Feature","geometry":{"type":"Point","coordinates":[126.9228879,37.4006804]},"properties":{"feature_type":"node","node_id":"OSM_N7819267509","name":"OSM Node 7819267509","node_type":"waypoint","source":"osm","confidence":0.9,"verified":false,"display_selectable":false}},{"type":"Feature","geometry":{"type":"Point","coordinates":[126.9230535,37.4004962]},"properties":{"feature_type":"node","node_id":"OSM_N7819267510","name":"OSM Node 7819267510","node_type":"waypoint","source":"osm","confidence":0.9,"verified":false,"display_selectable":false}},{"type":"Feature","geometry":{"type":"Point","coordinates":[126.9217756,37.4016206]},"properties":{"feature_type":"node","node_id":"OSM_N7819267511","name":"OSM Node 7819267511","node_type":"intersection","source":"osm","confidence":0.9,"verified":false,"display_selectable":false}},{"type":"Feature","geometry":{"type":"Point","coordinates":[126.9226302,37.4008243]},"properties":{"feature_type":"node","node_id":"OSM_N7819267514","name":"OSM Node 7819267514","node_type":"intersection","source":"osm","confidence":0.9,"verified":false,"display_selectable":false}},{"type":"Feature","geometry":{"type":"Point","coordinates":[126.9222864,37.4010555]},"properties":{"feature_type":"node","node_id":"OSM_N7819267516","name":"OSM Node 7819267516","node_type":"intersection","source":"osm","confidence":0.9,"verified":false,"display_selectable":false}},{"type":"Feature","geometry":{"type":"Point","coordinates":[126.92239,37.4011061]},"properties":{"feature_type":"node","node_id":"OSM_N7819267517","name":"OSM Node 7819267517","node_type":"intersection","source":"osm","confidence":0.9,"verified":false,"display_selectable":false}},{"type":"Feature","geometry":{"type":"Point","coordinates":[126.9227368,37.4012551]},"properties":{"feature_type":"node","node_id":"OSM_N7819267523","name":"OSM Node 7819267523","node_type":"waypoint","source":"osm","confidence":0.9,"verified":false,"display_selectable":false}},{"type":"Feature","geometry":{"type":"Point","coordinates":[126.9203617,37.4000676]},"properties":{"feature_type":"node","node_id":"OSM_N7819267524","name":"OSM Node 7819267524","node_type":"intersection","source":"osm","confidence":0.9,"verified":false,"display_selectable":false}},{"type":"Feature","geometry":{"type":"Point","coordinates":[126.921666,37.3984298]},"properties":{"feature_type":"node","node_id":"OSM_N7819267525","name":"OSM Node 7819267525","node_type":"waypoint","source":"osm","confidence":0.9,"verified":false,"display_selectable":false}},{"type":"Feature","geometry":{"type":"Point","coordinates":[126.9227879,37.4005828]},"properties":{"feature_type":"node","node_id":"OSM_N7874349618","name":"OSM Node 7874349618","node_type":"intersection","source":"osm","confidence":0.9,"verified":false,"display_selectable":false}},{"type":"Feature","geometry":{"type":"Point","coordinates":[126.9219893,37.4008709]},"properties":{"feature_type":"node","node_id":"OSM_N7874694137","name":"OSM Node 7874694137","node_type":"intersection","source":"osm","confidence":0.9,"verified":false,"display_selectable":false}},{"type":"Feature","geometry":{"type":"Point","coordinates":[126.922458,37.4007747]},"properties":{"feature_type":"node","node_id":"OSM_N7874694139","name":"OSM Node 7874694139","node_type":"intersection","source":"osm","confidence":0.9,"verified":false,"display_selectable":false}},{"type":"Feature","geometry":{"type":"Point","coordinates":[126.9227252,37.4005425]},"properties":{"feature_type":"node","node_id":"OSM_N7874762609","name":"OSM Node 7874762609","node_type":"waypoint","source":"osm","confidence":0.9,"verified":false,"display_selectable":false}},{"type":"Feature","geometry":{"type":"Point","coordinates":[126.9228233,37.4005289]},"properties":{"feature_type":"node","node_id":"OSM_N7874762610","name":"OSM Node 7874762610","node_type":"intersection","source":"osm","confidence":0.9,"verified":false,"display_selectable":false}},{"type":"Feature","geometry":{"type":"Point","coordinates":[126.9228919,37.4004793]},"properties":{"feature_type":"node","node_id":"OSM_N7874762611","name":"OSM Node 7874762611","node_type":"waypoint","source":"osm","confidence":0.9,"verified":false,"display_selectable":false}},{"type":"Feature","geometry":{"type":"Point","coordinates":[126.9215172,37.4020639]},"properties":{"feature_type":"node","node_id":"OSM_N7874793364","name":"출발지 A · CW04","node_type":"intersection","source":"osm","confidence":0.9,"verified":false,"display_selectable":true}},{"type":"Feature","geometry":{"type":"Point","coordinates":[126.9216586,37.4023153]},"properties":{"feature_type":"node","node_id":"OSM_N7874793365","name":"OSM Node 7874793365","node_type":"intersection","source":"osm","confidence":0.9,"verified":false,"display_selectable":false}},{"type":"Feature","geometry":{"type":"Point","coordinates":[126.9215846,37.4024485]},"properties":{"feature_type":"node","node_id":"OSM_N7874793368","name":"OSM Node 7874793368","node_type":"waypoint","source":"osm","confidence":0.9,"verified":false,"display_selectable":false}},{"type":"Feature","geometry":{"type":"Point","coordinates":[126.9218159,37.4026007]},"properties":{"feature_type":"node","node_id":"OSM_N7874856877","name":"OSM Node 7874856877","node_type":"waypoint","source":"osm","confidence":0.9,"verified":false,"display_selectable":false}},{"type":"Feature","geometry":{"type":"Point","coordinates":[126.9199625,37.3998763]},"properties":{"feature_type":"node","node_id":"OSM_N7874938888","name":"OSM Node 7874938888","node_type":"waypoint","source":"osm","confidence":0.9,"verified":false,"display_selectable":false}},{"type":"Feature","geometry":{"type":"Point","coordinates":[126.9201043,37.3997482]},"properties":{"feature_type":"node","node_id":"OSM_N7874938893","name":"OSM Node 7874938893","node_type":"waypoint","source":"osm","confidence":0.9,"verified":false,"display_selectable":false}},{"type":"Feature","geometry":{"type":"Point","coordinates":[126.9313632,37.3971136]},"properties":{"feature_type":"node","node_id":"OSM_N8046494979","name":"OSM Node 8046494979","node_type":"waypoint","source":"osm","confidence":0.9,"verified":false,"display_selectable":false}},{"type":"Feature","geometry":{"type":"Point","coordinates":[126.9287709,37.4017764]},"properties":{"feature_type":"node","node_id":"OSM_N8046525086","name":"OSM Node 8046525086","node_type":"intersection","source":"osm","confidence":0.9,"verified":false,"display_selectable":false}},{"type":"Feature","geometry":{"type":"Point","coordinates":[126.9302089,37.4024391]},"properties":{"feature_type":"node","node_id":"OSM_N8173956081","name":"OSM Node 8173956081","node_type":"intersection","source":"osm","confidence":0.9,"verified":false,"display_selectable":false}},{"type":"Feature","geometry":{"type":"Point","coordinates":[126.9299699,37.4030684]},"properties":{"feature_type":"node","node_id":"OSM_N8173956083","name":"OSM Node 8173956083","node_type":"intersection","source":"osm","confidence":0.9,"verified":false,"display_selectable":false}},{"type":"Feature","geometry":{"type":"Point","coordinates":[126.9303079,37.4029634]},"properties":{"feature_type":"node","node_id":"OSM_N8173972822","name":"OSM Node 8173972822","node_type":"intersection","source":"osm","confidence":0.9,"verified":false,"display_selectable":false}},{"type":"Feature","geometry":{"type":"Point","coordinates":[126.9312209,37.4035145]},"properties":{"feature_type":"node","node_id":"OSM_N8173972828","name":"OSM Node 8173972828","node_type":"waypoint","source":"osm","confidence":0.9,"verified":false,"display_selectable":false}},{"type":"Feature","geometry":{"type":"Point","coordinates":[126.9316711,37.4029798]},"properties":{"feature_type":"node","node_id":"OSM_N8173972832","name":"OSM Node 8173972832","node_type":"waypoint","source":"osm","confidence":0.9,"verified":false,"display_selectable":false}},{"type":"Feature","geometry":{"type":"Point","coordinates":[126.9294388,37.4033933]},"properties":{"feature_type":"node","node_id":"OSM_N8173972837","name":"OSM Node 8173972837","node_type":"waypoint","source":"osm","confidence":0.9,"verified":false,"display_selectable":false}},{"type":"Feature","geometry":{"type":"Point","coordinates":[126.9302015,37.4023838]},"properties":{"feature_type":"node","node_id":"OSM_N8173972887","name":"OSM Node 8173972887","node_type":"waypoint","source":"osm","confidence":0.9,"verified":false,"display_selectable":false}},{"type":"Feature","geometry":{"type":"Point","coordinates":[126.9287796,37.4018395]},"properties":{"feature_type":"node","node_id":"OSM_N8173972889","name":"OSM Node 8173972889","node_type":"waypoint","source":"osm","confidence":0.9,"verified":false,"display_selectable":false}},{"type":"Feature","geometry":{"type":"Point","coordinates":[126.9306208,37.4034046]},"properties":{"feature_type":"node","node_id":"OSM_N8173972920","name":"OSM Node 8173972920","node_type":"waypoint","source":"osm","confidence":0.9,"verified":false,"display_selectable":false}},{"type":"Feature","geometry":{"type":"Point","coordinates":[126.9305308,37.4034916]},"properties":{"feature_type":"node","node_id":"OSM_N8173972921","name":"OSM Node 8173972921","node_type":"waypoint","source":"osm","confidence":0.9,"verified":false,"display_selectable":false}},{"type":"Feature","geometry":{"type":"Point","coordinates":[126.9304606,37.4019628]},"properties":{"feature_type":"node","node_id":"OSM_N8173972949","name":"OSM Node 8173972949","node_type":"waypoint","source":"osm","confidence":0.9,"verified":false,"display_selectable":false}},{"type":"Feature","geometry":{"type":"Point","coordinates":[126.9300678,37.4031263]},"properties":{"feature_type":"node","node_id":"OSM_N8173972965","name":"OSM Node 8173972965","node_type":"intersection","source":"osm","confidence":0.9,"verified":false,"display_selectable":false}},{"type":"Feature","geometry":{"type":"Point","coordinates":[126.9302092,37.4027862]},"properties":{"feature_type":"node","node_id":"OSM_N8173972968","name":"OSM Node 8173972968","node_type":"intersection","source":"osm","confidence":0.9,"verified":false,"display_selectable":false}},{"type":"Feature","geometry":{"type":"Point","coordinates":[126.9303329,37.4025497]},"properties":{"feature_type":"node","node_id":"OSM_N8173972969","name":"OSM Node 8173972969","node_type":"intersection","source":"osm","confidence":0.9,"verified":false,"display_selectable":false}},{"type":"Feature","geometry":{"type":"Point","coordinates":[126.9304735,37.4024682]},"properties":{"feature_type":"node","node_id":"OSM_N8173972971","name":"OSM Node 8173972971","node_type":"waypoint","source":"osm","confidence":0.9,"verified":false,"display_selectable":false}},{"type":"Feature","geometry":{"type":"Point","coordinates":[126.9302305,37.4025226]},"properties":{"feature_type":"node","node_id":"OSM_N8173972973","name":"OSM Node 8173972973","node_type":"intersection","source":"osm","confidence":0.9,"verified":false,"display_selectable":false}},{"type":"Feature","geometry":{"type":"Point","coordinates":[126.9304862,37.4027634]},"properties":{"feature_type":"node","node_id":"OSM_N8173972991","name":"OSM Node 8173972991","node_type":"waypoint","source":"osm","confidence":0.9,"verified":false,"display_selectable":false}},{"type":"Feature","geometry":{"type":"Point","coordinates":[126.9307154,37.4032094]},"properties":{"feature_type":"node","node_id":"OSM_N8173972992","name":"OSM Node 8173972992","node_type":"intersection","source":"osm","confidence":0.9,"verified":false,"display_selectable":false}},{"type":"Feature","geometry":{"type":"Point","coordinates":[126.9308429,37.4030823]},"properties":{"feature_type":"node","node_id":"OSM_N8173972993","name":"OSM Node 8173972993","node_type":"waypoint","source":"osm","confidence":0.9,"verified":false,"display_selectable":false}},{"type":"Feature","geometry":{"type":"Point","coordinates":[126.9289903,37.3962993]},"properties":{"feature_type":"node","node_id":"OSM_N8603104521","name":"OSM Node 8603104521","node_type":"intersection","source":"osm","confidence":0.9,"verified":false,"display_selectable":false}},{"type":"Feature","geometry":{"type":"Point","coordinates":[126.9316205,37.396705]},"properties":{"feature_type":"node","node_id":"OSM_N8603117532","name":"OSM Node 8603117532","node_type":"waypoint","source":"osm","confidence":0.9,"verified":false,"display_selectable":false}},{"type":"Feature","geometry":{"type":"Point","coordinates":[126.9311958,37.3963748]},"properties":{"feature_type":"node","node_id":"OSM_N8603117533","name":"OSM Node 8603117533","node_type":"intersection","source":"osm","confidence":0.9,"verified":false,"display_selectable":false}},{"type":"Feature","geometry":{"type":"Point","coordinates":[126.9300886,37.3957566]},"properties":{"feature_type":"node","node_id":"OSM_N8603117535","name":"OSM Node 8603117535","node_type":"intersection","source":"osm","confidence":0.9,"verified":false,"display_selectable":false}},{"type":"Feature","geometry":{"type":"Point","coordinates":[126.9230454,37.3885264]},"properties":{"feature_type":"node","node_id":"OSM_N8603159950","name":"OSM Node 8603159950","node_type":"intersection","source":"osm","confidence":0.9,"verified":false,"display_selectable":false}},{"type":"Feature","geometry":{"type":"Point","coordinates":[126.9243616,37.3884336]},"properties":{"feature_type":"node","node_id":"OSM_N8603159951","name":"OSM Node 8603159951","node_type":"waypoint","source":"osm","confidence":0.9,"verified":false,"display_selectable":false}},{"type":"Feature","geometry":{"type":"Point","coordinates":[126.924681,37.3888598]},"properties":{"feature_type":"node","node_id":"OSM_N8603159952","name":"OSM Node 8603159952","node_type":"intersection","source":"osm","confidence":0.9,"verified":false,"display_selectable":false}},{"type":"Feature","geometry":{"type":"Point","coordinates":[126.9244102,37.4019992]},"properties":{"feature_type":"node","node_id":"OSM_N8974707390","name":"OSM Node 8974707390","node_type":"intersection","source":"osm","confidence":0.9,"verified":false,"display_selectable":false}},{"type":"Feature","geometry":{"type":"Point","coordinates":[126.9245974,37.4021229]},"properties":{"feature_type":"node","node_id":"OSM_N8974707394","name":"OSM Node 8974707394","node_type":"intersection","source":"osm","confidence":0.9,"verified":false,"display_selectable":false}},{"type":"Feature","geometry":{"type":"Point","coordinates":[126.9246989,37.40219]},"properties":{"feature_type":"node","node_id":"OSM_N8974707395","name":"OSM Node 8974707395","node_type":"intersection","source":"osm","confidence":0.9,"verified":false,"display_selectable":false}},{"type":"Feature","geometry":{"type":"Point","coordinates":[126.9249917,37.4019579]},"properties":{"feature_type":"node","node_id":"OSM_N8974707396","name":"OSM Node 8974707396","node_type":"intersection","source":"osm","confidence":0.9,"verified":false,"display_selectable":false}},{"type":"Feature","geometry":{"type":"Point","coordinates":[126.9238892,37.4025007]},"properties":{"feature_type":"node","node_id":"OSM_N8974707401","name":"OSM Node 8974707401","node_type":"intersection","source":"osm","confidence":0.9,"verified":false,"display_selectable":false}},{"type":"Feature","geometry":{"type":"Point","coordinates":[126.9240056,37.4025875]},"properties":{"feature_type":"node","node_id":"OSM_N8974707405","name":"OSM Node 8974707405","node_type":"intersection","source":"osm","confidence":0.9,"verified":false,"display_selectable":false}},{"type":"Feature","geometry":{"type":"Point","coordinates":[126.9241149,37.4024844]},"properties":{"feature_type":"node","node_id":"OSM_N8974707406","name":"OSM Node 8974707406","node_type":"intersection","source":"osm","confidence":0.9,"verified":false,"display_selectable":false}},{"type":"Feature","geometry":{"type":"Point","coordinates":[126.9243931,37.4026842]},"properties":{"feature_type":"node","node_id":"OSM_N8974707407","name":"OSM Node 8974707407","node_type":"intersection","source":"osm","confidence":0.9,"verified":false,"display_selectable":false}},{"type":"Feature","geometry":{"type":"Point","coordinates":[126.9233286,37.40304]},"properties":{"feature_type":"node","node_id":"OSM_N8974707408","name":"OSM Node 8974707408","node_type":"intersection","source":"osm","confidence":0.9,"verified":false,"display_selectable":false}},{"type":"Feature","geometry":{"type":"Point","coordinates":[126.9234069,37.4035323]},"properties":{"feature_type":"node","node_id":"OSM_N8974707409","name":"OSM Node 8974707409","node_type":"waypoint","source":"osm","confidence":0.9,"verified":false,"display_selectable":false}},{"type":"Feature","geometry":{"type":"Point","coordinates":[126.9235731,37.4030435]},"properties":{"feature_type":"node","node_id":"OSM_N8974707410","name":"OSM Node 8974707410","node_type":"intersection","source":"osm","confidence":0.9,"verified":false,"display_selectable":false}},{"type":"Feature","geometry":{"type":"Point","coordinates":[126.923754,37.4031575]},"properties":{"feature_type":"node","node_id":"OSM_N8974707411","name":"OSM Node 8974707411","node_type":"intersection","source":"osm","confidence":0.9,"verified":false,"display_selectable":false}},{"type":"Feature","geometry":{"type":"Point","coordinates":[126.9227919,37.4023904]},"properties":{"feature_type":"node","node_id":"OSM_N8974707420","name":"OSM Node 8974707420","node_type":"intersection","source":"osm","confidence":0.9,"verified":false,"display_selectable":false}},{"type":"Feature","geometry":{"type":"Point","coordinates":[126.9232067,37.4025983]},"properties":{"feature_type":"node","node_id":"OSM_N8974707421","name":"OSM Node 8974707421","node_type":"intersection","source":"osm","confidence":0.9,"verified":false,"display_selectable":false}},{"type":"Feature","geometry":{"type":"Point","coordinates":[126.9228686,37.4025356]},"properties":{"feature_type":"node","node_id":"OSM_N8974707424","name":"OSM Node 8974707424","node_type":"waypoint","source":"osm","confidence":0.9,"verified":false,"display_selectable":false}},{"type":"Feature","geometry":{"type":"Point","coordinates":[126.9245668,37.4016283]},"properties":{"feature_type":"node","node_id":"OSM_N8974707429","name":"OSM Node 8974707429","node_type":"intersection","source":"osm","confidence":0.9,"verified":false,"display_selectable":false}},{"type":"Feature","geometry":{"type":"Point","coordinates":[126.9247223,37.4013233]},"properties":{"feature_type":"node","node_id":"OSM_N8974707433","name":"OSM Node 8974707433","node_type":"intersection","source":"osm","confidence":0.9,"verified":false,"display_selectable":false}},{"type":"Feature","geometry":{"type":"Point","coordinates":[126.9247738,37.4017407]},"properties":{"feature_type":"node","node_id":"OSM_N8974707434","name":"OSM Node 8974707434","node_type":"intersection","source":"osm","confidence":0.9,"verified":false,"display_selectable":false}},{"type":"Feature","geometry":{"type":"Point","coordinates":[126.92514,37.4014869]},"properties":{"feature_type":"node","node_id":"OSM_N8974707435","name":"OSM Node 8974707435","node_type":"intersection","source":"osm","confidence":0.9,"verified":false,"display_selectable":false}},{"type":"Feature","geometry":{"type":"Point","coordinates":[126.9253051,37.4016223]},"properties":{"feature_type":"node","node_id":"OSM_N8974707439","name":"OSM Node 8974707439","node_type":"intersection","source":"osm","confidence":0.9,"verified":false,"display_selectable":false}},{"type":"Feature","geometry":{"type":"Point","coordinates":[126.925434,37.4015265]},"properties":{"feature_type":"node","node_id":"OSM_N8974707441","name":"OSM Node 8974707441","node_type":"intersection","source":"osm","confidence":0.9,"verified":false,"display_selectable":false}},{"type":"Feature","geometry":{"type":"Point","coordinates":[126.9250021,37.398705]},"properties":{"feature_type":"node","node_id":"OSM_N9212416615","name":"OSM Node 9212416615","node_type":"intersection","source":"osm","confidence":0.9,"verified":false,"display_selectable":false}},{"type":"Feature","geometry":{"type":"Point","coordinates":[126.9248159,37.3986198]},"properties":{"feature_type":"node","node_id":"OSM_N9212422517","name":"OSM Node 9212422517","node_type":"intersection","source":"osm","confidence":0.9,"verified":false,"display_selectable":false}},{"type":"Feature","geometry":{"type":"Point","coordinates":[126.9255506,37.399109]},"properties":{"feature_type":"node","node_id":"OSM_N9212422518","name":"OSM Node 9212422518","node_type":"intersection","source":"osm","confidence":0.9,"verified":false,"display_selectable":false}},{"type":"Feature","geometry":{"type":"Point","coordinates":[126.9248696,37.3985679]},"properties":{"feature_type":"node","node_id":"OSM_N9212422519","name":"OSM Node 9212422519","node_type":"intersection","source":"osm","confidence":0.9,"verified":false,"display_selectable":false}},{"type":"Feature","geometry":{"type":"Point","coordinates":[126.9286259,37.3901586]},"properties":{"feature_type":"node","node_id":"OSM_N9212485627","name":"OSM Node 9212485627","node_type":"intersection","source":"osm","confidence":0.9,"verified":false,"display_selectable":false}},{"type":"Feature","geometry":{"type":"Point","coordinates":[126.9301836,37.3903167]},"properties":{"feature_type":"node","node_id":"OSM_N9212485628","name":"OSM Node 9212485628","node_type":"intersection","source":"osm","confidence":0.9,"verified":false,"display_selectable":false}},{"type":"Feature","geometry":{"type":"Point","coordinates":[126.9290185,37.3896926]},"properties":{"feature_type":"node","node_id":"OSM_N9212485629","name":"OSM Node 9212485629","node_type":"intersection","source":"osm","confidence":0.9,"verified":false,"display_selectable":false}},{"type":"Feature","geometry":{"type":"Point","coordinates":[126.9280701,37.3954384]},"properties":{"feature_type":"node","node_id":"OSM_N9212507159","name":"OSM Node 9212507159","node_type":"waypoint","source":"osm","confidence":0.9,"verified":false,"display_selectable":false}},{"type":"Feature","geometry":{"type":"Point","coordinates":[126.9280909,37.3955557]},"properties":{"feature_type":"node","node_id":"OSM_N9212507160","name":"OSM Node 9212507160","node_type":"intersection","source":"osm","confidence":0.9,"verified":false,"display_selectable":false}},{"type":"Feature","geometry":{"type":"Point","coordinates":[126.9279164,37.3955125]},"properties":{"feature_type":"node","node_id":"OSM_N9212507161","name":"OSM Node 9212507161","node_type":"intersection","source":"osm","confidence":0.9,"verified":false,"display_selectable":false}},{"type":"Feature","geometry":{"type":"Point","coordinates":[126.9280531,37.3955805]},"properties":{"feature_type":"node","node_id":"OSM_N9212507162","name":"OSM Node 9212507162","node_type":"intersection","source":"osm","confidence":0.9,"verified":false,"display_selectable":false}},{"type":"Feature","geometry":{"type":"Point","coordinates":[126.927846,37.3956352]},"properties":{"feature_type":"node","node_id":"OSM_N9212507163","name":"OSM Node 9212507163","node_type":"intersection","source":"osm","confidence":0.9,"verified":false,"display_selectable":false}},{"type":"Feature","geometry":{"type":"Point","coordinates":[126.9279927,37.3957133]},"properties":{"feature_type":"node","node_id":"OSM_N9212507165","name":"OSM Node 9212507165","node_type":"intersection","source":"osm","confidence":0.9,"verified":false,"display_selectable":false}},{"type":"Feature","geometry":{"type":"Point","coordinates":[126.9281716,37.3955767]},"properties":{"feature_type":"node","node_id":"OSM_N9212507166","name":"OSM Node 9212507166","node_type":"intersection","source":"osm","confidence":0.9,"verified":false,"display_selectable":false}},{"type":"Feature","geometry":{"type":"Point","coordinates":[126.9272646,37.3952251]},"properties":{"feature_type":"node","node_id":"OSM_N9212507169","name":"OSM Node 9212507169","node_type":"intersection","source":"osm","confidence":0.9,"verified":false,"display_selectable":false}},{"type":"Feature","geometry":{"type":"Point","coordinates":[126.9288038,37.395929]},"properties":{"feature_type":"node","node_id":"OSM_N9212507170","name":"OSM Node 9212507170","node_type":"intersection","source":"osm","confidence":0.9,"verified":false,"display_selectable":false}},{"type":"Feature","geometry":{"type":"Point","coordinates":[126.9286196,37.3961256]},"properties":{"feature_type":"node","node_id":"OSM_N9212507171","name":"OSM Node 9212507171","node_type":"intersection","source":"osm","confidence":0.9,"verified":false,"display_selectable":false}},{"type":"Feature","geometry":{"type":"Point","coordinates":[126.928718,37.3960205]},"properties":{"feature_type":"node","node_id":"OSM_N9212507172","name":"OSM Node 9212507172","node_type":"intersection","source":"osm","confidence":0.9,"verified":false,"display_selectable":false}},{"type":"Feature","geometry":{"type":"Point","coordinates":[126.9286143,37.3959676]},"properties":{"feature_type":"node","node_id":"OSM_N9212507173","name":"OSM Node 9212507173","node_type":"intersection","source":"osm","confidence":0.9,"verified":false,"display_selectable":false}},{"type":"Feature","geometry":{"type":"Point","coordinates":[126.9284301,37.3958533]},"properties":{"feature_type":"node","node_id":"OSM_N9212507179","name":"OSM Node 9212507179","node_type":"intersection","source":"osm","confidence":0.9,"verified":false,"display_selectable":false}},{"type":"Feature","geometry":{"type":"Point","coordinates":[126.9286098,37.4012636]},"properties":{"feature_type":"node","node_id":"OSM_N9212511357","name":"OSM Node 9212511357","node_type":"intersection","source":"osm","confidence":0.9,"verified":false,"display_selectable":false}},{"type":"Feature","geometry":{"type":"Point","coordinates":[126.9290181,37.4011319]},"properties":{"feature_type":"node","node_id":"OSM_N9212511358","name":"OSM Node 9212511358","node_type":"intersection","source":"osm","confidence":0.9,"verified":false,"display_selectable":false}},{"type":"Feature","geometry":{"type":"Point","coordinates":[126.9273295,37.40196]},"properties":{"feature_type":"node","node_id":"OSM_N9212534116","name":"OSM Node 9212534116","node_type":"waypoint","source":"osm","confidence":0.9,"verified":false,"display_selectable":false}},{"type":"Feature","geometry":{"type":"Point","coordinates":[126.9298825,37.3965021]},"properties":{"feature_type":"node","node_id":"OSM_N9216482312","name":"OSM Node 9216482312","node_type":"intersection","source":"osm","confidence":0.9,"verified":false,"display_selectable":false}},{"type":"Feature","geometry":{"type":"Point","coordinates":[126.9302676,37.3961909]},"properties":{"feature_type":"node","node_id":"OSM_N9216482313","name":"OSM Node 9216482313","node_type":"intersection","source":"osm","confidence":0.9,"verified":false,"display_selectable":false}},{"type":"Feature","geometry":{"type":"Point","coordinates":[126.9251071,37.3992598]},"properties":{"feature_type":"node","node_id":"OSM_N9219040787","name":"OSM Node 9219040787","node_type":"intersection","source":"osm","confidence":0.9,"verified":false,"display_selectable":false}},{"type":"Feature","geometry":{"type":"Point","coordinates":[126.928186,37.3999439]},"properties":{"feature_type":"node","node_id":"OSM_N9219073899","name":"OSM Node 9219073899","node_type":"intersection","source":"osm","confidence":0.9,"verified":false,"display_selectable":false}},{"type":"Feature","geometry":{"type":"Point","coordinates":[126.928349,37.4000654]},"properties":{"feature_type":"node","node_id":"OSM_N9219073900","name":"OSM Node 9219073900","node_type":"waypoint","source":"osm","confidence":0.9,"verified":false,"display_selectable":false}},{"type":"Feature","geometry":{"type":"Point","coordinates":[126.9283132,37.3998342]},"properties":{"feature_type":"node","node_id":"OSM_N9219073901","name":"OSM Node 9219073901","node_type":"intersection","source":"osm","confidence":0.9,"verified":false,"display_selectable":false}},{"type":"Feature","geometry":{"type":"Point","coordinates":[126.929697,37.3985751]},"properties":{"feature_type":"node","node_id":"OSM_N9219073902","name":"OSM Node 9219073902","node_type":"intersection","source":"osm","confidence":0.9,"verified":false,"display_selectable":false}},{"type":"Feature","geometry":{"type":"Point","coordinates":[126.9274332,37.4005954]},"properties":{"feature_type":"node","node_id":"OSM_N9219073904","name":"OSM Node 9219073904","node_type":"intersection","source":"osm","confidence":0.9,"verified":false,"display_selectable":false}},{"type":"Feature","geometry":{"type":"Point","coordinates":[126.9277925,37.4006528]},"properties":{"feature_type":"node","node_id":"OSM_N9219073906","name":"OSM Node 9219073906","node_type":"intersection","source":"osm","confidence":0.9,"verified":false,"display_selectable":false}},{"type":"Feature","geometry":{"type":"Point","coordinates":[126.9274778,37.4007917]},"properties":{"feature_type":"node","node_id":"OSM_N9219073909","name":"OSM Node 9219073909","node_type":"waypoint","source":"osm","confidence":0.9,"verified":false,"display_selectable":false}},{"type":"Feature","geometry":{"type":"Point","coordinates":[126.9280273,37.4003336]},"properties":{"feature_type":"node","node_id":"OSM_N9219073912","name":"OSM Node 9219073912","node_type":"waypoint","source":"osm","confidence":0.9,"verified":false,"display_selectable":false}},{"type":"Feature","geometry":{"type":"Point","coordinates":[126.9277951,37.4005272]},"properties":{"feature_type":"node","node_id":"OSM_N9219073913","name":"OSM Node 9219073913","node_type":"waypoint","source":"osm","confidence":0.9,"verified":false,"display_selectable":false}},{"type":"Feature","geometry":{"type":"Point","coordinates":[126.9277041,37.4007023]},"properties":{"feature_type":"node","node_id":"OSM_N9219073914","name":"OSM Node 9219073914","node_type":"intersection","source":"osm","confidence":0.9,"verified":false,"display_selectable":false}},{"type":"Feature","geometry":{"type":"Point","coordinates":[126.926187,37.4028232]},"properties":{"feature_type":"node","node_id":"OSM_N9219073916","name":"OSM Node 9219073916","node_type":"waypoint","source":"osm","confidence":0.9,"verified":false,"display_selectable":false}},{"type":"Feature","geometry":{"type":"Point","coordinates":[126.9256325,37.4023691]},"properties":{"feature_type":"node","node_id":"OSM_N9219084717","name":"OSM Node 9219084717","node_type":"waypoint","source":"osm","confidence":0.9,"verified":false,"display_selectable":false}},{"type":"Feature","geometry":{"type":"Point","coordinates":[126.9255627,37.4024275]},"properties":{"feature_type":"node","node_id":"OSM_N9219084720","name":"OSM Node 9219084720","node_type":"waypoint","source":"osm","confidence":0.9,"verified":false,"display_selectable":false}},{"type":"Feature","geometry":{"type":"Point","coordinates":[126.9254158,37.4023112]},"properties":{"feature_type":"node","node_id":"OSM_N9219084721","name":"OSM Node 9219084721","node_type":"intersection","source":"osm","confidence":0.9,"verified":false,"display_selectable":false}},{"type":"Feature","geometry":{"type":"Point","coordinates":[126.92456,37.3990593]},"properties":{"feature_type":"node","node_id":"OSM_N9219105771","name":"OSM Node 9219105771","node_type":"intersection","source":"osm","confidence":0.9,"verified":false,"display_selectable":false}},{"type":"Feature","geometry":{"type":"Point","coordinates":[126.925357,37.3994031]},"properties":{"feature_type":"node","node_id":"OSM_N9219105779","name":"OSM Node 9219105779","node_type":"intersection","source":"osm","confidence":0.9,"verified":false,"display_selectable":false}},{"type":"Feature","geometry":{"type":"Point","coordinates":[126.9303835,37.3977893]},"properties":{"feature_type":"node","node_id":"OSM_N9219128421","name":"OSM Node 9219128421","node_type":"intersection","source":"osm","confidence":0.9,"verified":false,"display_selectable":false}},{"type":"Feature","geometry":{"type":"Point","coordinates":[126.9305674,37.3979097]},"properties":{"feature_type":"node","node_id":"OSM_N9219128422","name":"OSM Node 9219128422","node_type":"waypoint","source":"osm","confidence":0.9,"verified":false,"display_selectable":false}},{"type":"Feature","geometry":{"type":"Point","coordinates":[126.9234861,37.406606]},"properties":{"feature_type":"node","node_id":"OSM_N10577431621","name":"OSM Node 10577431621","node_type":"waypoint","source":"osm","confidence":0.9,"verified":false,"display_selectable":false}},{"type":"Feature","geometry":{"type":"Point","coordinates":[126.9218366,37.3893988]},"properties":{"feature_type":"node","node_id":"OSM_N10703342346","name":"OSM Node 10703342346","node_type":"intersection","source":"osm","confidence":0.9,"verified":false,"display_selectable":false}},{"type":"Feature","geometry":{"type":"Point","coordinates":[126.9185615,37.3879011]},"properties":{"feature_type":"node","node_id":"OSM_N10703342356","name":"OSM Node 10703342356","node_type":"waypoint","source":"osm","confidence":0.9,"verified":false,"display_selectable":false}},{"type":"Feature","geometry":{"type":"Point","coordinates":[126.9231419,37.4003266]},"properties":{"feature_type":"node","node_id":"OSM_N11993432395","name":"OSM Node 11993432395","node_type":"intersection","source":"osm","confidence":0.9,"verified":false,"display_selectable":false}},{"type":"Feature","geometry":{"type":"Point","coordinates":[126.9220473,37.4011001]},"properties":{"feature_type":"node","node_id":"OSM_N11993432399","name":"OSM Node 11993432399","node_type":"intersection","source":"osm","confidence":0.9,"verified":false,"display_selectable":false}},{"type":"Feature","geometry":{"type":"Point","coordinates":[126.9223743,37.4011663]},"properties":{"feature_type":"node","node_id":"OSM_N11993432400","name":"OSM Node 11993432400","node_type":"intersection","source":"osm","confidence":0.9,"verified":false,"display_selectable":false}},{"type":"Feature","geometry":{"type":"Point","coordinates":[126.9321681,37.3946705]},"properties":{"feature_type":"node","node_id":"OSM_N12152871347","name":"OSM Node 12152871347","node_type":"waypoint","source":"osm","confidence":0.9,"verified":false,"display_selectable":false}},{"type":"Feature","geometry":{"type":"Point","coordinates":[126.9315756,37.3961332]},"properties":{"feature_type":"node","node_id":"OSM_N12152881345","name":"OSM Node 12152881345","node_type":"waypoint","source":"osm","confidence":0.9,"verified":false,"display_selectable":false}},{"type":"Feature","geometry":{"type":"Point","coordinates":[126.9309938,37.3956569]},"properties":{"feature_type":"node","node_id":"OSM_N12152881346","name":"OSM Node 12152881346","node_type":"intersection","source":"osm","confidence":0.9,"verified":false,"display_selectable":false}},{"type":"Feature","geometry":{"type":"Point","coordinates":[126.9298844,37.3947483]},"properties":{"feature_type":"node","node_id":"OSM_N12152881347","name":"OSM Node 12152881347","node_type":"intersection","source":"osm","confidence":0.9,"verified":false,"display_selectable":false}},{"type":"Feature","geometry":{"type":"Point","coordinates":[126.9339825,37.3914793]},"properties":{"feature_type":"node","node_id":"OSM_N12152881363","name":"OSM Node 12152881363","node_type":"waypoint","source":"osm","confidence":0.9,"verified":false,"display_selectable":false}},{"type":"Feature","geometry":{"type":"Point","coordinates":[126.9205973,37.3921893]},"properties":{"feature_type":"node","node_id":"OSM_N12247535322","name":"OSM Node 12247535322","node_type":"intersection","source":"osm","confidence":0.9,"verified":false,"display_selectable":false}},{"type":"Feature","geometry":{"type":"Point","coordinates":[126.9212072,37.3912729]},"properties":{"feature_type":"node","node_id":"OSM_N12247535330","name":"OSM Node 12247535330","node_type":"waypoint","source":"osm","confidence":0.9,"verified":false,"display_selectable":false}},{"type":"Feature","geometry":{"type":"Point","coordinates":[126.9210731,37.3916155]},"properties":{"feature_type":"node","node_id":"OSM_N12247535331","name":"OSM Node 12247535331","node_type":"intersection","source":"osm","confidence":0.9,"verified":false,"display_selectable":false}},{"type":"Feature","geometry":{"type":"Point","coordinates":[126.9200394,37.3920704]},"properties":{"feature_type":"node","node_id":"OSM_N12247535333","name":"OSM Node 12247535333","node_type":"intersection","source":"osm","confidence":0.9,"verified":false,"display_selectable":false}},{"type":"Feature","geometry":{"type":"Point","coordinates":[126.9186497,37.3903864]},"properties":{"feature_type":"node","node_id":"OSM_N12247535357","name":"OSM Node 12247535357","node_type":"waypoint","source":"osm","confidence":0.9,"verified":false,"display_selectable":false}},{"type":"Feature","geometry":{"type":"Point","coordinates":[126.9191285,37.3926141]},"properties":{"feature_type":"node","node_id":"OSM_N12247535367","name":"OSM Node 12247535367","node_type":"waypoint","source":"osm","confidence":0.9,"verified":false,"display_selectable":false}},{"type":"Feature","geometry":{"type":"Point","coordinates":[126.920959,37.3881597]},"properties":{"feature_type":"node","node_id":"OSM_N13026254950","name":"OSM Node 13026254950","node_type":"waypoint","source":"osm","confidence":0.9,"verified":false,"display_selectable":false}},{"type":"Feature","geometry":{"type":"Point","coordinates":[126.9220753,37.3864649]},"properties":{"feature_type":"node","node_id":"OSM_N13078948186","name":"OSM Node 13078948186","node_type":"waypoint","source":"osm","confidence":0.9,"verified":false,"display_selectable":false}},{"type":"Feature","geometry":{"type":"Point","coordinates":[126.9195756,37.4035196]},"properties":{"feature_type":"node","node_id":"OSM_N13168924057","name":"OSM Node 13168924057","node_type":"intersection","source":"osm","confidence":0.9,"verified":false,"display_selectable":false}},{"type":"Feature","geometry":{"type":"Point","coordinates":[126.9299068,37.4011428]},"properties":{"feature_type":"node","node_id":"OSM_N13463603649","name":"OSM Node 13463603649","node_type":"waypoint","source":"osm","confidence":0.9,"verified":false,"display_selectable":false}},{"type":"Feature","geometry":{"type":"Point","coordinates":[126.9302823,37.4017699]},"properties":{"feature_type":"node","node_id":"OSM_N13463603655","name":"OSM Node 13463603655","node_type":"intersection","source":"osm","confidence":0.9,"verified":false,"display_selectable":false}},{"type":"Feature","geometry":{"type":"Point","coordinates":[126.9308462,37.4013902]},"properties":{"feature_type":"node","node_id":"OSM_N13463603708","name":"OSM Node 13463603708","node_type":"waypoint","source":"osm","confidence":0.9,"verified":false,"display_selectable":false}},{"type":"Feature","geometry":{"type":"Point","coordinates":[126.9307634,37.4018985]},"properties":{"feature_type":"node","node_id":"OSM_N13463603722","name":"OSM Node 13463603722","node_type":"intersection","source":"osm","confidence":0.9,"verified":false,"display_selectable":false}},{"type":"Feature","geometry":{"type":"Point","coordinates":[126.9311276,37.4014755]},"properties":{"feature_type":"node","node_id":"OSM_N13463603724","name":"OSM Node 13463603724","node_type":"intersection","source":"osm","confidence":0.9,"verified":false,"display_selectable":false}},{"type":"Feature","geometry":{"type":"Point","coordinates":[126.9263868,37.3977465]},"properties":{"feature_type":"node","node_id":"OSM_N13468357909","name":"OSM Node 13468357909","node_type":"intersection","source":"osm","confidence":0.9,"verified":false,"display_selectable":false}},{"type":"Feature","geometry":{"type":"Point","coordinates":[126.9270245,37.3981557]},"properties":{"feature_type":"node","node_id":"OSM_N13468357910","name":"OSM Node 13468357910","node_type":"waypoint","source":"osm","confidence":0.9,"verified":false,"display_selectable":false}},{"type":"Feature","geometry":{"type":"Point","coordinates":[126.9302206,37.3979813]},"properties":{"feature_type":"node","node_id":"OSM_N13468357918","name":"OSM Node 13468357918","node_type":"intersection","source":"osm","confidence":0.9,"verified":false,"display_selectable":false}},{"type":"Feature","geometry":{"type":"Point","coordinates":[126.9297086,37.3976378]},"properties":{"feature_type":"node","node_id":"OSM_N13468357919","name":"OSM Node 13468357919","node_type":"waypoint","source":"osm","confidence":0.9,"verified":false,"display_selectable":false}},{"type":"Feature","geometry":{"type":"Point","coordinates":[126.928903,37.3993143]},"properties":{"feature_type":"node","node_id":"OSM_N13468357932","name":"OSM Node 13468357932","node_type":"intersection","source":"osm","confidence":0.9,"verified":false,"display_selectable":false}},{"type":"Feature","geometry":{"type":"Point","coordinates":[126.9283918,37.399036]},"properties":{"feature_type":"node","node_id":"OSM_N13468357933","name":"OSM Node 13468357933","node_type":"waypoint","source":"osm","confidence":0.9,"verified":false,"display_selectable":false}},{"type":"Feature","geometry":{"type":"Point","coordinates":[126.9306569,37.3974679]},"properties":{"feature_type":"node","node_id":"OSM_N13468357940","name":"OSM Node 13468357940","node_type":"intersection","source":"osm","confidence":0.9,"verified":false,"display_selectable":false}},{"type":"Feature","geometry":{"type":"Point","coordinates":[126.9299861,37.3971428]},"properties":{"feature_type":"node","node_id":"OSM_N13468357941","name":"OSM Node 13468357941","node_type":"waypoint","source":"osm","confidence":0.9,"verified":false,"display_selectable":false}},{"type":"Feature","geometry":{"type":"Point","coordinates":[126.9257909,37.4002771]},"properties":{"feature_type":"node","node_id":"OSM_N13473651377","name":"OSM Node 13473651377","node_type":"intersection","source":"osm","confidence":0.9,"verified":false,"display_selectable":false}},{"type":"Feature","geometry":{"type":"Point","coordinates":[126.927143,37.4008482]},"properties":{"feature_type":"node","node_id":"OSM_N13473651382","name":"OSM Node 13473651382","node_type":"intersection","source":"osm","confidence":0.9,"verified":false,"display_selectable":false}},{"type":"Feature","geometry":{"type":"Point","coordinates":[126.9253512,37.3998059]},"properties":{"feature_type":"node","node_id":"OSM_N13473651387","name":"OSM Node 13473651387","node_type":"intersection","source":"osm","confidence":0.9,"verified":false,"display_selectable":false}},{"type":"Feature","geometry":{"type":"Point","coordinates":[126.9256165,37.3999188]},"properties":{"feature_type":"node","node_id":"OSM_N13473651390","name":"OSM Node 13473651390","node_type":"intersection","source":"osm","confidence":0.9,"verified":false,"display_selectable":false}},{"type":"Feature","geometry":{"type":"Point","coordinates":[126.9255162,37.4000707]},"properties":{"feature_type":"node","node_id":"OSM_N13473651391","name":"OSM Node 13473651391","node_type":"intersection","source":"osm","confidence":0.9,"verified":false,"display_selectable":false}},{"type":"Feature","geometry":{"type":"Point","coordinates":[126.925475,37.4007377]},"properties":{"feature_type":"node","node_id":"OSM_N13473651507","name":"OSM Node 13473651507","node_type":"intersection","source":"osm","confidence":0.9,"verified":false,"display_selectable":false}},{"type":"Feature","geometry":{"type":"Point","coordinates":[126.9251604,37.4006157]},"properties":{"feature_type":"node","node_id":"OSM_N13473651508","name":"OSM Node 13473651508","node_type":"intersection","source":"osm","confidence":0.9,"verified":false,"display_selectable":false}},{"type":"Feature","geometry":{"type":"Point","coordinates":[126.9248929,37.4003351]},"properties":{"feature_type":"node","node_id":"OSM_N13473651510","name":"OSM Node 13473651510","node_type":"intersection","source":"osm","confidence":0.9,"verified":false,"display_selectable":false}},{"type":"Feature","geometry":{"type":"Point","coordinates":[126.9252484,37.4004601]},"properties":{"feature_type":"node","node_id":"OSM_N13473651513","name":"OSM Node 13473651513","node_type":"intersection","source":"osm","confidence":0.9,"verified":false,"display_selectable":false}},{"type":"Feature","geometry":{"type":"Point","coordinates":[126.9257811,37.4008282]},"properties":{"feature_type":"node","node_id":"OSM_N13473651514","name":"OSM Node 13473651514","node_type":"intersection","source":"osm","confidence":0.9,"verified":false,"display_selectable":false}},{"type":"Feature","geometry":{"type":"Point","coordinates":[126.9263722,37.4008906]},"properties":{"feature_type":"node","node_id":"OSM_N13473651518","name":"OSM Node 13473651518","node_type":"intersection","source":"osm","confidence":0.9,"verified":false,"display_selectable":false}},{"type":"Feature","geometry":{"type":"Point","coordinates":[126.9258546,37.400695]},"properties":{"feature_type":"node","node_id":"OSM_N13473651519","name":"OSM Node 13473651519","node_type":"intersection","source":"osm","confidence":0.9,"verified":false,"display_selectable":false}},{"type":"Feature","geometry":{"type":"Point","coordinates":[126.9262449,37.4003422]},"properties":{"feature_type":"node","node_id":"OSM_N13473651520","name":"OSM Node 13473651520","node_type":"intersection","source":"osm","confidence":0.9,"verified":false,"display_selectable":false}},{"type":"Feature","geometry":{"type":"Point","coordinates":[126.9263862,37.4000731]},"properties":{"feature_type":"node","node_id":"OSM_N13473651521","name":"OSM Node 13473651521","node_type":"intersection","source":"osm","confidence":0.9,"verified":false,"display_selectable":false}},{"type":"Feature","geometry":{"type":"Point","coordinates":[126.9263101,37.4002181]},"properties":{"feature_type":"node","node_id":"OSM_N13473651524","name":"OSM Node 13473651524","node_type":"intersection","source":"osm","confidence":0.9,"verified":false,"display_selectable":false}},{"type":"Feature","geometry":{"type":"Point","coordinates":[126.9268036,37.4005866]},"properties":{"feature_type":"node","node_id":"OSM_N13473651526","name":"OSM Node 13473651526","node_type":"intersection","source":"osm","confidence":0.9,"verified":false,"display_selectable":false}},{"type":"Feature","geometry":{"type":"Point","coordinates":[126.9267002,37.400191]},"properties":{"feature_type":"node","node_id":"OSM_N13473651527","name":"OSM Node 13473651527","node_type":"intersection","source":"osm","confidence":0.9,"verified":false,"display_selectable":false}},{"type":"Feature","geometry":{"type":"Point","coordinates":[126.9268797,37.4004387]},"properties":{"feature_type":"node","node_id":"OSM_N13473651529","name":"OSM Node 13473651529","node_type":"intersection","source":"osm","confidence":0.9,"verified":false,"display_selectable":false}},{"type":"Feature","geometry":{"type":"Point","coordinates":[126.9215594,37.4005712]},"properties":{"feature_type":"node","node_id":"OSM_N13473718811","name":"OSM Node 13473718811","node_type":"waypoint","source":"osm","confidence":0.9,"verified":false,"display_selectable":false}},{"type":"Feature","geometry":{"type":"Point","coordinates":[126.9215047,37.4006372]},"properties":{"feature_type":"node","node_id":"OSM_N13473718812","name":"OSM Node 13473718812","node_type":"intersection","source":"osm","confidence":0.9,"verified":false,"display_selectable":false}},{"type":"Feature","geometry":{"type":"Point","coordinates":[126.9229659,37.4069559]},"properties":{"feature_type":"node","node_id":"OSM_N13473969088","name":"OSM Node 13473969088","node_type":"waypoint","source":"osm","confidence":0.9,"verified":false,"display_selectable":false}},{"type":"Feature","geometry":{"type":"Point","coordinates":[126.9216631,37.4062355]},"properties":{"feature_type":"node","node_id":"OSM_N13473969091","name":"OSM Node 13473969091","node_type":"waypoint","source":"osm","confidence":0.9,"verified":false,"display_selectable":false}},{"type":"Feature","geometry":{"type":"Point","coordinates":[126.9180569,37.3932565]},"properties":{"feature_type":"node","node_id":"OSM_N13660517144","name":"OSM Node 13660517144","node_type":"waypoint","source":"osm","confidence":0.9,"verified":false,"display_selectable":false}},{"type":"Feature","geometry":{"type":"LineString","coordinates":[[126.9274465,37.3915878],[126.9267411,37.3912154]]},"properties":{"edge_id":"OSM_E_38609193_76bdb7009f","from_node":"OSM_N307943424","to_node":"OSM_N964927897","osm_u":"307943424","osm_v":"964927897","osm_key":"0","osm_way_ids":[38609193],"name":"현충로","length":74.822,"stairs":false,"slope":null,"width":null,"curb_height":null,"surface":"unknown","elevator_required":false,"elevator_status":null,"blocked":false,"block_reason":null,"wheelchair_accessible":null,"accessibility_status":"unknown","source":"osm","accessibility_source":"osm_tags","confidence":0.7,"verified":false,"updated_at":null,"highway":["tertiary"],"raw_accessibility_tags":{},"crosswalk_samples":[],"approach_ids":[],"demo_editable":false,"feature_type":"edge"}},{"type":"Feature","geometry":{"type":"LineString","coordinates":[[126.9274465,37.3915878],[126.9280608,37.391893]]},"properties":{"edge_id":"OSM_E_38609193_1d4020e7fb","from_node":"OSM_N307943424","to_node":"OSM_N3832541735","osm_u":"307943424","osm_v":"3832541735","osm_key":"0","osm_way_ids":[38609193],"name":"현충로","length":64.007,"stairs":false,"slope":null,"width":null,"curb_height":null,"surface":"unknown","elevator_required":false,"elevator_status":null,"blocked":false,"block_reason":null,"wheelchair_accessible":null,"accessibility_status":"unknown","source":"osm","accessibility_source":"osm_tags","confidence":0.7,"verified":false,"updated_at":null,"highway":["tertiary"],"raw_accessibility_tags":{},"crosswalk_samples":[],"approach_ids":[],"demo_editable":false,"feature_type":"edge"}},{"type":"Feature","geometry":{"type":"LineString","coordinates":[[126.9274465,37.3915878],[126.9282481,37.3906053]]},"properties":{"edge_id":"OSM_E_576208626_915707d9e2","from_node":"OSM_N307943424","to_node":"OSM_N457321367","osm_u":"307943424","osm_v":"457321367","osm_key":"0","osm_way_ids":[576208626],"name":"안양로","length":130.194,"stairs":false,"slope":null,"width":null,"curb_height":null,"surface":"unknown","elevator_required":false,"elevator_status":null,"blocked":false,"block_reason":null,"wheelchair_accessible":null,"accessibility_status":"unknown","source":"osm","accessibility_source":"osm_tags","confidence":0.7,"verified":false,"updated_at":null,"highway":["tertiary"],"raw_accessibility_tags":{},"crosswalk_samples":[],"approach_ids":[],"demo_editable":false,"feature_type":"edge"}},{"type":"Feature","geometry":{"type":"LineString","coordinates":[[126.9274465,37.3915878],[126.9267135,37.3924596]]},"properties":{"edge_id":"OSM_E_576208626_ceeb2b74f8","from_node":"OSM_N307943424","to_node":"OSM_N3832541989","osm_u":"307943424","osm_v":"3832541989","osm_key":"0","osm_way_ids":[576208626],"name":"안양로","length":116.579,"stairs":false,"slope":null,"width":null,"curb_height":null,"surface":"unknown","elevator_required":false,"elevator_status":null,"blocked":false,"block_reason":null,"wheelchair_accessible":null,"accessibility_status":"unknown","source":"osm","accessibility_source":"osm_tags","confidence":0.7,"verified":false,"updated_at":null,"highway":["tertiary"],"raw_accessibility_tags":{},"crosswalk_samples":[],"approach_ids":[],"demo_editable":false,"feature_type":"edge"}},{"type":"Feature","geometry":{"type":"LineString","coordinates":[[126.9197547,37.4007956],[126.9200666,37.4003996]]},"properties":{"edge_id":"OSM_E_915477950_ab67cf4d52","from_node":"OSM_N414691163","to_node":"OSM_N3835239886","osm_u":"414691163","osm_v":"3835239886","osm_key":"0","osm_way_ids":[915477950],"name":"현장 상태 변경 실험 구간","length":51.942,"stairs":false,"slope":null,"width":null,"curb_height":null,"surface":"asphalt","elevator_required":false,"elevator_status":null,"blocked":false,"block_reason":null,"wheelchair_accessible":null,"accessibility_status":"unknown","source":"osm","accessibility_source":"synthetic","confidence":0.6,"verified":false,"updated_at":null,"highway":["tertiary"],"raw_accessibility_tags":{},"crosswalk_samples":[],"approach_ids":[],"demo_editable":true,"demo_block_target":true,"feature_type":"edge"}},{"type":"Feature","geometry":{"type":"LineString","coordinates":[[126.9197547,37.4007956],[126.9193818,37.401254]]},"properties":{"edge_id":"OSM_E_915477950_e6b1114495","from_node":"OSM_N414691163","to_node":"OSM_N3835279964","osm_u":"414691163","osm_v":"3835279964","osm_key":"0","osm_way_ids":[915477950],"name":"안양로","length":60.689,"stairs":false,"slope":null,"width":null,"curb_height":null,"surface":"asphalt","elevator_required":false,"elevator_status":null,"blocked":false,"block_reason":null,"wheelchair_accessible":null,"accessibility_status":"unknown","source":"osm","accessibility_source":"osm_tags","confidence":0.7,"verified":false,"updated_at":null,"highway":["tertiary"],"raw_accessibility_tags":{},"crosswalk_samples":[],"approach_ids":[],"demo_editable":false,"feature_type":"edge"}},{"type":"Feature","geometry":{"type":"LineString","coordinates":[[126.9197547,37.4007956],[126.9193262,37.4004096],[126.9187931,37.3999598],[126.9182976,37.3996617],[126.9177286,37.3994183]]},"properties":{"edge_id":"OSM_E_380184679_97bf648a32","from_node":"OSM_N414691163","to_node":"OSM_N3835239873","osm_u":"414691163","osm_v":"3835239873","osm_key":"0","osm_way_ids":[380184679],"name":"안양로323번길","length":237.915,"stairs":false,"slope":null,"width":null,"curb_height":null,"surface":"unknown","elevator_required":false,"elevator_status":null,"blocked":false,"block_reason":null,"wheelchair_accessible":null,"accessibility_status":"unknown","source":"osm","accessibility_source":"osm_tags","confidence":0.7,"verified":false,"updated_at":null,"highway":["residential"],"raw_accessibility_tags":{},"crosswalk_samples":[],"approach_ids":[],"demo_editable":false,"feature_type":"edge"}},{"type":"Feature","geometry":{"type":"LineString","coordinates":[[126.9197547,37.4007956],[126.9200186,37.4010073],[126.9202087,37.4013237]]},"properties":{"edge_id":"OSM_E_380184682_9c7c063f42","from_node":"OSM_N414691163","to_node":"OSM_N3835280054","osm_u":"414691163","osm_v":"3835280054","osm_key":"0","osm_way_ids":[380184682],"name":"안양로324번길","length":72.113,"stairs":false,"slope":null,"width":null,"curb_height":null,"surface":"unknown","elevator_required":false,"elevator_status":null,"blocked":false,"block_reason":null,"wheelchair_accessible":null,"accessibility_status":"unknown","source":"osm","accessibility_source":"osm_tags","confidence":0.7,"verified":false,"updated_at":null,"highway":["residential"],"raw_accessibility_tags":{},"crosswalk_samples":[],"approach_ids":[],"demo_editable":false,"feature_type":"edge"}},{"type":"Feature","geometry":{"type":"LineString","coordinates":[[126.9225349,37.3974588],[126.9232367,37.3966289]]},"properties":{"edge_id":"OSM_E_38609408_55e57bcfa8","from_node":"OSM_N414691164","to_node":"OSM_N3834106183","osm_u":"414691164","osm_v":"3834106183","osm_key":"0","osm_way_ids":[38609408],"name":"안양로","length":111.172,"stairs":false,"slope":null,"width":null,"curb_height":null,"surface":"unknown","elevator_required":false,"elevator_status":null,"blocked":false,"block_reason":null,"wheelchair_accessible":null,"accessibility_status":"unknown","source":"osm","accessibility_source":"osm_tags","confidence":0.7,"verified":false,"updated_at":null,"highway":["tertiary"],"raw_accessibility_tags":{},"crosswalk_samples":[],"approach_ids":[],"demo_editable":false,"feature_type":"edge"}},{"type":"Feature","geometry":{"type":"LineString","coordinates":[[126.9225349,37.3974588],[126.9217873,37.3983458]]},"properties":{"edge_id":"OSM_E_38609408_b27393be54","from_node":"OSM_N414691164","to_node":"OSM_N457319374","osm_u":"414691164","osm_v":"457319374","osm_key":"0","osm_way_ids":[38609408],"name":"안양로","length":118.698,"stairs":false,"slope":null,"width":null,"curb_height":null,"surface":"unknown","elevator_required":false,"elevator_status":null,"blocked":false,"block_reason":null,"wheelchair_accessible":null,"accessibility_status":"unknown","source":"osm","accessibility_source":"osm_tags","confidence":0.7,"verified":false,"updated_at":null,"highway":["tertiary"],"raw_accessibility_tags":{},"crosswalk_samples":[],"approach_ids":[],"demo_editable":false,"feature_type":"edge"}},{"type":"Feature","geometry":{"type":"LineString","coordinates":[[126.9225349,37.3974588],[126.923159,37.3978015]]},"properties":{"edge_id":"OSM_E_863717799_0f4f4b11c1","from_node":"OSM_N414691164","to_node":"OSM_N3834106180","osm_u":"414691164","osm_v":"3834106180","osm_key":"0","osm_way_ids":[863717799],"name":"장내로","length":67.019,"stairs":false,"slope":null,"width":null,"curb_height":null,"surface":"unknown","elevator_required":false,"elevator_status":null,"blocked":false,"block_reason":null,"wheelchair_accessible":null,"accessibility_status":"unknown","source":"osm","accessibility_source":"osm_tags","confidence":0.7,"verified":false,"updated_at":null,"highway":["tertiary"],"raw_accessibility_tags":{},"crosswalk_samples":["CW16"],"approach_ids":["CW16-A","CW16-B"],"demo_editable":false,"feature_type":"edge"}},{"type":"Feature","geometry":{"type":"LineString","coordinates":[[126.9225349,37.3974588],[126.9218088,37.397087]]},"properties":{"edge_id":"OSM_E_863717799_2dada9cde9","from_node":"OSM_N414691164","to_node":"OSM_N3834216026","osm_u":"414691164","osm_v":"3834216026","osm_key":"0","osm_way_ids":[863717799],"name":"장내로","length":76.311,"stairs":false,"slope":null,"width":null,"curb_height":null,"surface":"unknown","elevator_required":false,"elevator_status":null,"blocked":false,"block_reason":null,"wheelchair_accessible":null,"accessibility_status":"unknown","source":"osm","accessibility_source":"osm_tags","confidence":0.7,"verified":false,"updated_at":null,"highway":["tertiary"],"raw_accessibility_tags":{},"crosswalk_samples":[],"approach_ids":[],"demo_editable":false,"feature_type":"edge"}},{"type":"Feature","geometry":{"type":"LineString","coordinates":[[126.9369624,37.3972869],[126.9347949,37.3980792],[126.9323718,37.3989917],[126.9315443,37.3993224],[126.9308102,37.3996951],[126.9303661,37.3999917],[126.9299422,37.4003442]]},"properties":{"edge_id":"OSM_E_83335328-318699996-685069337_d064c91e96","from_node":"OSM_N436402031","to_node":"OSM_N436402037","osm_u":"436402031","osm_v":"436402037","osm_key":"0","osm_way_ids":[83335328,318699996,685069337],"name":"경수대로","length":711.892,"stairs":false,"slope":null,"width":null,"curb_height":null,"surface":"asphalt","elevator_required":false,"elevator_status":null,"blocked":false,"block_reason":null,"wheelchair_accessible":null,"accessibility_status":"unknown","source":"osm","accessibility_source":"osm_tags","confidence":0.7,"verified":false,"updated_at":null,"highway":["primary"],"raw_accessibility_tags":{},"crosswalk_samples":[],"approach_ids":[],"demo_editable":false,"feature_type":"edge"}},{"type":"Feature","geometry":{"type":"LineString","coordinates":[[126.9299422,37.4003442],[126.9295748,37.4006537]]},"properties":{"edge_id":"OSM_E_318699994_7e88334f11","from_node":"OSM_N436402037","to_node":"OSM_N3844419623","osm_u":"436402037","osm_v":"3844419623","osm_key":"0","osm_way_ids":[318699994],"name":"경수대로","length":47.304,"stairs":false,"slope":null,"width":null,"curb_height":null,"surface":"unknown","elevator_required":false,"elevator_status":null,"blocked":false,"block_reason":null,"wheelchair_accessible":null,"accessibility_status":"unknown","source":"osm","accessibility_source":"osm_tags","confidence":0.7,"verified":false,"updated_at":null,"highway":["primary"],"raw_accessibility_tags":{},"crosswalk_samples":[],"approach_ids":[],"demo_editable":false,"feature_type":"edge"}},{"type":"Feature","geometry":{"type":"LineString","coordinates":[[126.9299422,37.4003442],[126.9305649,37.3999319],[126.9311697,37.3996202],[126.9316247,37.3994015]]},"properties":{"edge_id":"OSM_E_318699989_800f059ee2","from_node":"OSM_N436402037","to_node":"OSM_N3844419621","osm_u":"436402037","osm_v":"3844419621","osm_key":"0","osm_way_ids":[318699989],"name":"OSM 보행 구간","length":182.267,"stairs":false,"slope":null,"width":null,"curb_height":null,"surface":"unknown","elevator_required":false,"elevator_status":null,"blocked":false,"block_reason":null,"wheelchair_accessible":null,"accessibility_status":"unknown","source":"osm","accessibility_source":"osm_tags","confidence":0.7,"verified":false,"updated_at":null,"highway":["primary_link"],"raw_accessibility_tags":{},"crosswalk_samples":[],"approach_ids":[],"demo_editable":false,"feature_type":"edge"}},{"type":"Feature","geometry":{"type":"LineString","coordinates":[[126.9217719,37.4017963],[126.9218986,37.4015943]]},"properties":{"edge_id":"OSM_E_318729249_7861f37896","from_node":"OSM_N457319139","to_node":"OSM_N7814566289","osm_u":"457319139","osm_v":"7814566289","osm_key":"0","osm_way_ids":[318729249],"name":"만안로223번길","length":25.095,"stairs":false,"slope":null,"width":null,"curb_height":null,"surface":"unknown","elevator_required":false,"elevator_status":null,"blocked":false,"block_reason":null,"wheelchair_accessible":null,"accessibility_status":"unknown","source":"osm","accessibility_source":"osm_tags","confidence":0.7,"verified":false,"updated_at":null,"highway":["tertiary"],"raw_accessibility_tags":{},"crosswalk_samples":["CW07"],"approach_ids":["CW07-A","CW07-B"],"demo_editable":false,"feature_type":"edge"}},{"type":"Feature","geometry":{"type":"LineString","coordinates":[[126.9217719,37.4017963],[126.9217083,37.4018435]]},"properties":{"edge_id":"OSM_E_915477947_20322cb470","from_node":"OSM_N457319139","to_node":"OSM_N7814727319","osm_u":"457319139","osm_v":"7814727319","osm_key":"0","osm_way_ids":[915477947],"name":"만안로","length":7.688,"stairs":false,"slope":null,"width":null,"curb_height":null,"surface":"unknown","elevator_required":false,"elevator_status":null,"blocked":false,"block_reason":null,"wheelchair_accessible":null,"accessibility_status":"unknown","source":"osm","accessibility_source":"osm_tags","confidence":0.7,"verified":false,"updated_at":null,"highway":["tertiary"],"raw_accessibility_tags":{},"crosswalk_samples":[],"approach_ids":[],"demo_editable":false,"feature_type":"edge"}},{"type":"Feature","geometry":{"type":"LineString","coordinates":[[126.9217719,37.4017963],[126.9218979,37.4016749],[126.922306,37.401239],[126.9223743,37.4011663]]},"properties":{"edge_id":"OSM_E_554922640_8845d2e769","from_node":"OSM_N457319139","to_node":"OSM_N11993432400","osm_u":"457319139","osm_v":"11993432400","osm_key":"0","osm_way_ids":[554922640],"name":"만안로","length":87.989,"stairs":false,"slope":null,"width":null,"curb_height":null,"surface":"unknown","elevator_required":false,"elevator_status":null,"blocked":false,"block_reason":null,"wheelchair_accessible":null,"accessibility_status":"unknown","source":"osm","accessibility_source":"osm_tags","confidence":0.7,"verified":false,"updated_at":null,"highway":["tertiary"],"raw_accessibility_tags":{},"crosswalk_samples":["CW09"],"approach_ids":["CW09-A","CW09-B"],"demo_editable":false,"feature_type":"edge"}},{"type":"Feature","geometry":{"type":"LineString","coordinates":[[126.9209727,37.4003989],[126.9218386,37.4008425]]},"properties":{"edge_id":"OSM_E_38608979_fd36dcaaf4","from_node":"OSM_N457319177","to_node":"OSM_N457319353","osm_u":"457319177","osm_v":"457319353","osm_key":"0","osm_way_ids":[38608979],"name":"안양로314번길","length":91.014,"stairs":false,"slope":null,"width":null,"curb_height":null,"surface":"unknown","elevator_required":false,"elevator_status":null,"blocked":false,"block_reason":null,"wheelchair_accessible":null,"accessibility_status":"unknown","source":"osm","accessibility_source":"osm_tags","confidence":0.7,"verified":false,"updated_at":null,"highway":["tertiary"],"raw_accessibility_tags":{},"crosswalk_samples":[],"approach_ids":[],"demo_editable":false,"feature_type":"edge"}},{"type":"Feature","geometry":{"type":"LineString","coordinates":[[126.9209727,37.4003989],[126.9203617,37.4000676]]},"properties":{"edge_id":"OSM_E_38608979_b554f15cda","from_node":"OSM_N457319177","to_node":"OSM_N7819267524","osm_u":"457319177","osm_v":"7819267524","osm_key":"0","osm_way_ids":[38608979],"name":"안양로314번길","length":65.346,"stairs":false,"slope":null,"width":null,"curb_height":null,"surface":"unknown","elevator_required":false,"elevator_status":null,"blocked":false,"block_reason":null,"wheelchair_accessible":null,"accessibility_status":"unknown","source":"osm","accessibility_source":"osm_tags","confidence":0.7,"verified":false,"updated_at":null,"highway":["tertiary"],"raw_accessibility_tags":{},"crosswalk_samples":[],"approach_ids":[],"demo_editable":false,"feature_type":"edge"}},{"type":"Feature","geometry":{"type":"LineString","coordinates":[[126.9209727,37.4003989],[126.9213284,37.3999618]]},"properties":{"edge_id":"OSM_E_380063839_6c2026feea","from_node":"OSM_N457319177","to_node":"OSM_N3834216030","osm_u":"457319177","osm_v":"3834216030","osm_key":"0","osm_way_ids":[380063839],"name":"장내로139번길","length":57.875,"stairs":false,"slope":null,"width":null,"curb_height":null,"surface":"unknown","elevator_required":false,"elevator_status":null,"blocked":false,"block_reason":null,"wheelchair_accessible":null,"accessibility_status":"unknown","source":"osm","accessibility_source":"osm_tags","confidence":0.7,"verified":false,"updated_at":null,"highway":["residential"],"raw_accessibility_tags":{},"crosswalk_samples":[],"approach_ids":[],"demo_editable":false,"feature_type":"edge"}},{"type":"Feature","geometry":{"type":"LineString","coordinates":[[126.9209727,37.4003989],[126.9207176,37.4006994],[126.9206989,37.4008089],[126.9206777,37.400919]]},"properties":{"edge_id":"OSM_E_845958133_2cd04dca99","from_node":"OSM_N457319177","to_node":"OSM_N3835239888","osm_u":"457319177","osm_v":"3835239888","osm_key":"0","osm_way_ids":[845958133],"name":"OSM 보행 구간","length":64.975,"stairs":false,"slope":null,"width":null,"curb_height":null,"surface":"unknown","elevator_required":false,"elevator_status":null,"blocked":false,"block_reason":null,"wheelchair_accessible":null,"accessibility_status":"unknown","source":"osm","accessibility_source":"osm_tags","confidence":0.7,"verified":false,"updated_at":null,"highway":["residential"],"raw_accessibility_tags":{},"crosswalk_samples":[],"approach_ids":[],"demo_editable":false,"feature_type":"edge"}},{"type":"Feature","geometry":{"type":"LineString","coordinates":[[126.9247058,37.3987249],[126.924444,37.3989891]]},"properties":{"edge_id":"OSM_E_318729248_6a7f6ebf2a","from_node":"OSM_N457319333","to_node":"OSM_N3011394585","osm_u":"457319333","osm_v":"3011394585","osm_key":"0","osm_way_ids":[318729248],"name":"만안로","length":37.388,"stairs":false,"slope":null,"width":null,"curb_height":null,"surface":"unknown","elevator_required":false,"elevator_status":null,"blocked":false,"block_reason":null,"wheelchair_accessible":null,"accessibility_status":"unknown","source":"osm","accessibility_source":"osm_tags","confidence":0.7,"verified":false,"updated_at":null,"highway":["tertiary"],"raw_accessibility_tags":{},"crosswalk_samples":[],"approach_ids":[],"demo_editable":false,"feature_type":"edge"}},{"type":"Feature","geometry":{"type":"LineString","coordinates":[[126.9247058,37.3987249],[126.9247935,37.3986415]]},"properties":{"edge_id":"OSM_E_318729248_16b854febf","from_node":"OSM_N457319333","to_node":"OSM_N3834216036","osm_u":"457319333","osm_v":"3834216036","osm_key":"0","osm_way_ids":[318729248],"name":"만안로","length":12.084,"stairs":false,"slope":null,"width":null,"curb_height":null,"surface":"unknown","elevator_required":false,"elevator_status":null,"blocked":false,"block_reason":null,"wheelchair_accessible":null,"accessibility_status":"unknown","source":"osm","accessibility_source":"osm_tags","confidence":0.7,"verified":false,"updated_at":null,"highway":["tertiary"],"raw_accessibility_tags":{},"crosswalk_samples":[],"approach_ids":[],"demo_editable":false,"feature_type":"edge"}},{"type":"Feature","geometry":{"type":"LineString","coordinates":[[126.9247058,37.3987249],[126.9240936,37.3983755]]},"properties":{"edge_id":"OSM_E_380073442_2bfd4accfb","from_node":"OSM_N457319333","to_node":"OSM_N3834216034","osm_u":"457319333","osm_v":"3834216034","osm_key":"0","osm_way_ids":[380073442],"name":"장내로","length":66.589,"stairs":false,"slope":null,"width":null,"curb_height":null,"surface":"unknown","elevator_required":false,"elevator_status":null,"blocked":false,"block_reason":null,"wheelchair_accessible":null,"accessibility_status":"unknown","source":"osm","accessibility_source":"osm_tags","confidence":0.7,"verified":false,"updated_at":null,"highway":["tertiary_link"],"raw_accessibility_tags":{},"crosswalk_samples":[],"approach_ids":[],"demo_editable":false,"feature_type":"edge"}},{"type":"Feature","geometry":{"type":"LineString","coordinates":[[126.9218386,37.4008425],[126.9218805,37.400902],[126.9219486,37.4009673],[126.9220404,37.401077]]},"properties":{"edge_id":"OSM_E_318729204_80493379bb","from_node":"OSM_N457319353","to_node":"OSM_N3251003900","osm_u":"457319353","osm_v":"3251003900","osm_key":"0","osm_way_ids":[318729204],"name":"OSM 보행 구간","length":31.658,"stairs":false,"slope":null,"width":null,"curb_height":null,"surface":"unknown","elevator_required":false,"elevator_status":null,"blocked":false,"block_reason":null,"wheelchair_accessible":null,"accessibility_status":"unknown","source":"osm","accessibility_source":"osm_tags","confidence":0.7,"verified":false,"updated_at":null,"highway":["tertiary"],"raw_accessibility_tags":{},"crosswalk_samples":["CW13"],"approach_ids":["CW13-A","CW13-B"],"demo_editable":false,"feature_type":"edge"}},{"type":"Feature","geometry":{"type":"LineString","coordinates":[[126.9218386,37.4008425],[126.9219348,37.4008504],[126.9219893,37.4008709]]},"properties":{"edge_id":"OSM_E_318729219_cb6f16a3ed","from_node":"OSM_N457319353","to_node":"OSM_N7874694137","osm_u":"457319353","osm_v":"7874694137","osm_key":"0","osm_way_ids":[318729219],"name":"OSM 보행 구간","length":13.87,"stairs":false,"slope":null,"width":null,"curb_height":null,"surface":"unknown","elevator_required":false,"elevator_status":null,"blocked":false,"block_reason":null,"wheelchair_accessible":null,"accessibility_status":"unknown","source":"osm","accessibility_source":"osm_tags","confidence":0.7,"verified":false,"updated_at":null,"highway":["tertiary"],"raw_accessibility_tags":{},"crosswalk_samples":[],"approach_ids":[],"demo_editable":false,"feature_type":"edge"}},{"type":"Feature","geometry":{"type":"LineString","coordinates":[[126.9225779,37.400042],[126.9231419,37.4003266]]},"properties":{"edge_id":"OSM_E_38609001_e1d363c217","from_node":"OSM_N457319370","to_node":"OSM_N11993432395","osm_u":"457319370","osm_v":"11993432395","osm_key":"0","osm_way_ids":[38609001],"name":"안양로304번길","length":59.022,"stairs":false,"slope":null,"width":null,"curb_height":null,"surface":"unknown","elevator_required":false,"elevator_status":null,"blocked":false,"block_reason":null,"wheelchair_accessible":null,"accessibility_status":"unknown","source":"osm","accessibility_source":"osm_tags","confidence":0.7,"verified":false,"updated_at":null,"highway":["residential"],"raw_accessibility_tags":{},"crosswalk_samples":[],"approach_ids":[],"demo_editable":false,"feature_type":"edge"}},{"type":"Feature","geometry":{"type":"LineString","coordinates":[[126.9225779,37.400042],[126.9216779,37.3995506]]},"properties":{"edge_id":"OSM_E_38609001_28bb14bc18","from_node":"OSM_N457319370","to_node":"OSM_N457319535","osm_u":"457319370","osm_v":"457319535","osm_key":"0","osm_way_ids":[38609001],"name":"안양로304번길","length":96.469,"stairs":false,"slope":null,"width":null,"curb_height":null,"surface":"unknown","elevator_required":false,"elevator_status":null,"blocked":false,"block_reason":null,"wheelchair_accessible":null,"accessibility_status":"unknown","source":"osm","accessibility_source":"osm_tags","confidence":0.7,"verified":false,"updated_at":null,"highway":["residential"],"raw_accessibility_tags":{},"crosswalk_samples":[],"approach_ids":[],"demo_editable":false,"feature_type":"edge"}},{"type":"Feature","geometry":{"type":"LineString","coordinates":[[126.9225779,37.400042],[126.9222359,37.4004407]]},"properties":{"edge_id":"OSM_E_380063838_c42ce79e0a","from_node":"OSM_N457319370","to_node":"OSM_N3834216031","osm_u":"457319370","osm_v":"3834216031","osm_key":"0","osm_way_ids":[380063838],"name":"장내로149번길","length":53.648,"stairs":false,"slope":null,"width":null,"curb_height":null,"surface":"unknown","elevator_required":false,"elevator_status":null,"blocked":false,"block_reason":null,"wheelchair_accessible":null,"accessibility_status":"unknown","source":"osm","accessibility_source":"osm_tags","confidence":0.7,"verified":false,"updated_at":null,"highway":["residential"],"raw_accessibility_tags":{},"crosswalk_samples":[],"approach_ids":[],"demo_editable":false,"feature_type":"edge"}},{"type":"Feature","geometry":{"type":"LineString","coordinates":[[126.9225779,37.400042],[126.9233625,37.3991301]]},"properties":{"edge_id":"OSM_E_380063838_203fbb3ff2","from_node":"OSM_N457319370","to_node":"OSM_N457319372","osm_u":"457319370","osm_v":"457319372","osm_key":"0","osm_way_ids":[380063838],"name":"장내로149번길","length":122.822,"stairs":false,"slope":null,"width":null,"curb_height":null,"surface":"unknown","elevator_required":false,"elevator_status":null,"blocked":false,"block_reason":null,"wheelchair_accessible":null,"accessibility_status":"unknown","source":"osm","accessibility_source":"osm_tags","confidence":0.7,"verified":false,"updated_at":null,"highway":["residential"],"raw_accessibility_tags":{},"crosswalk_samples":[],"approach_ids":[],"demo_editable":false,"feature_type":"edge"}},{"type":"Feature","geometry":{"type":"LineString","coordinates":[[126.9239691,37.3994753],[126.9233625,37.3991301]]},"properties":{"edge_id":"OSM_E_38608993_cddf33700d","from_node":"OSM_N457319371","to_node":"OSM_N457319372","osm_u":"457319371","osm_v":"457319372","osm_key":"0","osm_way_ids":[38608993],"name":"안양로292번길","length":65.914,"stairs":false,"slope":null,"width":null,"curb_height":null,"surface":"unknown","elevator_required":false,"elevator_status":null,"blocked":false,"block_reason":null,"wheelchair_accessible":null,"accessibility_status":"unknown","source":"osm","accessibility_source":"osm_tags","confidence":0.7,"verified":false,"updated_at":null,"highway":["residential"],"raw_accessibility_tags":{},"crosswalk_samples":[],"approach_ids":[],"demo_editable":false,"feature_type":"edge"}},{"type":"Feature","geometry":{"type":"LineString","coordinates":[[126.9239691,37.3994753],[126.9231419,37.4003266]]},"properties":{"edge_id":"OSM_E_318729248_3e52ffab14","from_node":"OSM_N457319371","to_node":"OSM_N11993432395","osm_u":"457319371","osm_v":"11993432395","osm_key":"0","osm_way_ids":[318729248],"name":"만안로","length":119.582,"stairs":false,"slope":null,"width":null,"curb_height":null,"surface":"unknown","elevator_required":false,"elevator_status":null,"blocked":false,"block_reason":null,"wheelchair_accessible":null,"accessibility_status":"unknown","source":"osm","accessibility_source":"osm_tags","confidence":0.7,"verified":false,"updated_at":null,"highway":["tertiary"],"raw_accessibility_tags":{},"crosswalk_samples":["CW14"],"approach_ids":["CW14-A","CW14-B"],"demo_editable":false,"feature_type":"edge"}},{"type":"Feature","geometry":{"type":"LineString","coordinates":[[126.9239691,37.3994753],[126.924444,37.3989891]]},"properties":{"edge_id":"OSM_E_318729248_181795ae88","from_node":"OSM_N457319371","to_node":"OSM_N3011394585","osm_u":"457319371","osm_v":"3011394585","osm_key":"0","osm_way_ids":[318729248],"name":"만안로","length":68.43,"stairs":false,"slope":null,"width":null,"curb_height":null,"surface":"unknown","elevator_required":false,"elevator_status":null,"blocked":false,"block_reason":null,"wheelchair_accessible":null,"accessibility_status":"unknown","source":"osm","accessibility_source":"osm_tags","confidence":0.7,"verified":false,"updated_at":null,"highway":["tertiary"],"raw_accessibility_tags":{},"crosswalk_samples":[],"approach_ids":[],"demo_editable":false,"feature_type":"edge"}},{"type":"Feature","geometry":{"type":"LineString","coordinates":[[126.9233625,37.3991301],[126.9228879,37.3988907]]},"properties":{"edge_id":"OSM_E_38608993_19bca7a6bb","from_node":"OSM_N457319372","to_node":"OSM_N457319377","osm_u":"457319372","osm_v":"457319377","osm_key":"0","osm_way_ids":[38608993],"name":"안양로292번길","length":49.662,"stairs":false,"slope":null,"width":null,"curb_height":null,"surface":"unknown","elevator_required":false,"elevator_status":null,"blocked":false,"block_reason":null,"wheelchair_accessible":null,"accessibility_status":"unknown","source":"osm","accessibility_source":"osm_tags","confidence":0.7,"verified":false,"updated_at":null,"highway":["residential"],"raw_accessibility_tags":{},"crosswalk_samples":[],"approach_ids":[],"demo_editable":false,"feature_type":"edge"}},{"type":"Feature","geometry":{"type":"LineString","coordinates":[[126.9233625,37.3991301],[126.9240936,37.3983755]]},"properties":{"edge_id":"OSM_E_380063838_e6c95c83ce","from_node":"OSM_N457319372","to_node":"OSM_N3834216034","osm_u":"457319372","osm_v":"3834216034","osm_key":"0","osm_way_ids":[380063838],"name":"장내로149번길","length":105.884,"stairs":false,"slope":null,"width":null,"curb_height":null,"surface":"unknown","elevator_required":false,"elevator_status":null,"blocked":false,"block_reason":null,"wheelchair_accessible":null,"accessibility_status":"unknown","source":"osm","accessibility_source":"osm_tags","confidence":0.7,"verified":false,"updated_at":null,"highway":["residential"],"raw_accessibility_tags":{},"crosswalk_samples":[],"approach_ids":[],"demo_editable":false,"feature_type":"edge"}},{"type":"Feature","geometry":{"type":"LineString","coordinates":[[126.9217873,37.3983458],[126.9210475,37.3992233]]},"properties":{"edge_id":"OSM_E_38609408_c9bd1fb90c","from_node":"OSM_N457319374","to_node":"OSM_N457319534","osm_u":"457319374","osm_v":"457319534","osm_key":"0","osm_way_ids":[38609408],"name":"안양로","length":117.437,"stairs":false,"slope":null,"width":null,"curb_height":null,"surface":"unknown","elevator_required":false,"elevator_status":null,"blocked":false,"block_reason":null,"wheelchair_accessible":null,"accessibility_status":"unknown","source":"osm","accessibility_source":"osm_tags","confidence":0.7,"verified":false,"updated_at":null,"highway":["tertiary"],"raw_accessibility_tags":{},"crosswalk_samples":[],"approach_ids":[],"demo_editable":false,"feature_type":"edge"}},{"type":"Feature","geometry":{"type":"LineString","coordinates":[[126.9217873,37.3983458],[126.9210444,37.3980181]]},"properties":{"edge_id":"OSM_E_380073436_a8f80bb324","from_node":"OSM_N457319374","to_node":"OSM_N3834216027","osm_u":"457319374","osm_v":"3834216027","osm_key":"0","osm_way_ids":[380073436],"name":"안양로291번길","length":75.063,"stairs":false,"slope":null,"width":null,"curb_height":null,"surface":"unknown","elevator_required":false,"elevator_status":null,"blocked":false,"block_reason":null,"wheelchair_accessible":null,"accessibility_status":"unknown","source":"osm","accessibility_source":"osm_tags","confidence":0.7,"verified":false,"updated_at":null,"highway":["residential"],"raw_accessibility_tags":{},"crosswalk_samples":[],"approach_ids":[],"demo_editable":false,"feature_type":"edge"}},{"type":"Feature","geometry":{"type":"LineString","coordinates":[[126.9217873,37.3983458],[126.9218638,37.3983858],[126.9224283,37.3986669]]},"properties":{"edge_id":"OSM_E_38608993_8a4caa252d","from_node":"OSM_N457319374","to_node":"OSM_N457319379","osm_u":"457319374","osm_v":"457319379","osm_key":"0","osm_way_ids":[38608993],"name":"안양로292번길","length":66.943,"stairs":false,"slope":null,"width":null,"curb_height":null,"surface":"unknown","elevator_required":false,"elevator_status":null,"blocked":false,"block_reason":null,"wheelchair_accessible":null,"accessibility_status":"unknown","source":"osm","accessibility_source":"osm_tags","confidence":0.7,"verified":false,"updated_at":null,"highway":["residential"],"raw_accessibility_tags":{},"crosswalk_samples":[],"approach_ids":[],"demo_editable":false,"feature_type":"edge"}},{"type":"Feature","geometry":{"type":"LineString","coordinates":[[126.9223424,37.3995577],[126.9225735,37.3992764]]},"properties":{"edge_id":"OSM_E_38608994_29f6d491cf","from_node":"OSM_N457319376","to_node":"OSM_N3834216033","osm_u":"457319376","osm_v":"3834216033","osm_key":"0","osm_way_ids":[38608994],"name":"장내로143번길","length":37.351,"stairs":false,"slope":null,"width":null,"curb_height":null,"surface":"unknown","elevator_required":false,"elevator_status":null,"blocked":false,"block_reason":null,"wheelchair_accessible":null,"accessibility_status":"unknown","source":"osm","accessibility_source":"osm_tags","confidence":0.7,"verified":false,"updated_at":null,"highway":["residential"],"raw_accessibility_tags":{},"crosswalk_samples":[],"approach_ids":[],"demo_editable":false,"feature_type":"edge"}},{"type":"Feature","geometry":{"type":"LineString","coordinates":[[126.9228879,37.3988907],[126.9224283,37.3986669]]},"properties":{"edge_id":"OSM_E_38608993_e10ff01fd5","from_node":"OSM_N457319377","to_node":"OSM_N457319379","osm_u":"457319377","osm_v":"457319379","osm_key":"0","osm_way_ids":[38608993],"name":"안양로292번길","length":47.619,"stairs":false,"slope":null,"width":null,"curb_height":null,"surface":"unknown","elevator_required":false,"elevator_status":null,"blocked":false,"block_reason":null,"wheelchair_accessible":null,"accessibility_status":"unknown","source":"osm","accessibility_source":"osm_tags","confidence":0.7,"verified":false,"updated_at":null,"highway":["residential"],"raw_accessibility_tags":{},"crosswalk_samples":[],"approach_ids":[],"demo_editable":false,"feature_type":"edge"}},{"type":"Feature","geometry":{"type":"LineString","coordinates":[[126.9228879,37.3988907],[126.9225735,37.3992764]]},"properties":{"edge_id":"OSM_E_38608994_5015b67c16","from_node":"OSM_N457319377","to_node":"OSM_N3834216033","osm_u":"457319377","osm_v":"3834216033","osm_key":"0","osm_way_ids":[38608994],"name":"장내로143번길","length":51.095,"stairs":false,"slope":null,"width":null,"curb_height":null,"surface":"unknown","elevator_required":false,"elevator_status":null,"blocked":false,"block_reason":null,"wheelchair_accessible":null,"accessibility_status":"unknown","source":"osm","accessibility_source":"osm_tags","confidence":0.7,"verified":false,"updated_at":null,"highway":["residential"],"raw_accessibility_tags":{},"crosswalk_samples":[],"approach_ids":[],"demo_editable":false,"feature_type":"edge"}},{"type":"Feature","geometry":{"type":"LineString","coordinates":[[126.9228879,37.3988907],[126.9235396,37.3980942]]},"properties":{"edge_id":"OSM_E_38608994_e414b3e4f4","from_node":"OSM_N457319377","to_node":"OSM_N457319378","osm_u":"457319377","osm_v":"457319378","osm_key":"0","osm_way_ids":[38608994],"name":"장내로143번길","length":105.633,"stairs":false,"slope":null,"width":null,"curb_height":null,"surface":"unknown","elevator_required":false,"elevator_status":null,"blocked":false,"block_reason":null,"wheelchair_accessible":null,"accessibility_status":"unknown","source":"osm","accessibility_source":"osm_tags","confidence":0.7,"verified":false,"updated_at":null,"highway":["residential"],"raw_accessibility_tags":{},"crosswalk_samples":[],"approach_ids":[],"demo_editable":false,"feature_type":"edge"}},{"type":"Feature","geometry":{"type":"LineString","coordinates":[[126.9235396,37.3980942],[126.9232825,37.3978691]]},"properties":{"edge_id":"OSM_E_380073442_548ccff9c1","from_node":"OSM_N457319378","to_node":"OSM_N3834216040","osm_u":"457319378","osm_v":"3834216040","osm_key":"0","osm_way_ids":[380073442],"name":"장내로","length":33.798,"stairs":false,"slope":null,"width":null,"curb_height":null,"surface":"unknown","elevator_required":false,"elevator_status":null,"blocked":false,"block_reason":null,"wheelchair_accessible":null,"accessibility_status":"unknown","source":"osm","accessibility_source":"osm_tags","confidence":0.7,"verified":false,"updated_at":null,"highway":["tertiary_link"],"raw_accessibility_tags":{},"crosswalk_samples":[],"approach_ids":[],"demo_editable":false,"feature_type":"edge"}},{"type":"Feature","geometry":{"type":"LineString","coordinates":[[126.9235396,37.3980942],[126.9240936,37.3983755]]},"properties":{"edge_id":"OSM_E_380073442_6c87628fe1","from_node":"OSM_N457319378","to_node":"OSM_N3834216034","osm_u":"457319378","osm_v":"3834216034","osm_key":"0","osm_way_ids":[380073442],"name":"장내로","length":58.081,"stairs":false,"slope":null,"width":null,"curb_height":null,"surface":"unknown","elevator_required":false,"elevator_status":null,"blocked":false,"block_reason":null,"wheelchair_accessible":null,"accessibility_status":"unknown","source":"osm","accessibility_source":"osm_tags","confidence":0.7,"verified":false,"updated_at":null,"highway":["tertiary_link"],"raw_accessibility_tags":{},"crosswalk_samples":[],"approach_ids":[],"demo_editable":false,"feature_type":"edge"}},{"type":"Feature","geometry":{"type":"LineString","coordinates":[[126.9224283,37.3986669],[126.9221134,37.3990521]]},"properties":{"edge_id":"OSM_E_380063839_a40f722823","from_node":"OSM_N457319379","to_node":"OSM_N3834216032","osm_u":"457319379","osm_v":"3834216032","osm_key":"0","osm_way_ids":[380063839],"name":"장내로139번길","length":51.073,"stairs":false,"slope":null,"width":null,"curb_height":null,"surface":"unknown","elevator_required":false,"elevator_status":null,"blocked":false,"block_reason":null,"wheelchair_accessible":null,"accessibility_status":"unknown","source":"osm","accessibility_source":"osm_tags","confidence":0.7,"verified":false,"updated_at":null,"highway":["residential"],"raw_accessibility_tags":{},"crosswalk_samples":[],"approach_ids":[],"demo_editable":false,"feature_type":"edge"}},{"type":"Feature","geometry":{"type":"LineString","coordinates":[[126.9224283,37.3986669],[126.923159,37.3978015]]},"properties":{"edge_id":"OSM_E_380063839_a166e6502f","from_node":"OSM_N457319379","to_node":"OSM_N3834106180","osm_u":"457319379","osm_v":"3834106180","osm_key":"0","osm_way_ids":[380063839],"name":"장내로139번길","length":115.872,"stairs":false,"slope":null,"width":null,"curb_height":null,"surface":"unknown","elevator_required":false,"elevator_status":null,"blocked":false,"block_reason":null,"wheelchair_accessible":null,"accessibility_status":"unknown","source":"osm","accessibility_source":"osm_tags","confidence":0.7,"verified":false,"updated_at":null,"highway":["residential"],"raw_accessibility_tags":{},"crosswalk_samples":[],"approach_ids":[],"demo_editable":false,"feature_type":"edge"}},{"type":"Feature","geometry":{"type":"LineString","coordinates":[[126.9210475,37.3992233],[126.9216779,37.3995506]]},"properties":{"edge_id":"OSM_E_38609001_186a05d57e","from_node":"OSM_N457319534","to_node":"OSM_N457319535","osm_u":"457319534","osm_v":"457319535","osm_key":"0","osm_way_ids":[38609001],"name":"안양로304번길","length":66.525,"stairs":false,"slope":null,"width":null,"curb_height":null,"surface":"unknown","elevator_required":false,"elevator_status":null,"blocked":false,"block_reason":null,"wheelchair_accessible":null,"accessibility_status":"unknown","source":"osm","accessibility_source":"osm_tags","confidence":0.7,"verified":false,"updated_at":null,"highway":["residential"],"raw_accessibility_tags":{},"crosswalk_samples":[],"approach_ids":[],"demo_editable":false,"feature_type":"edge"}},{"type":"Feature","geometry":{"type":"LineString","coordinates":[[126.9210475,37.3992233],[126.9203617,37.4000676]]},"properties":{"edge_id":"OSM_E_38609408_805d08ce89","from_node":"OSM_N457319534","to_node":"OSM_N7819267524","osm_u":"457319534","osm_v":"7819267524","osm_key":"0","osm_way_ids":[38609408],"name":"안양로","length":111.731,"stairs":false,"slope":null,"width":null,"curb_height":null,"surface":"unknown","elevator_required":false,"elevator_status":null,"blocked":false,"block_reason":null,"wheelchair_accessible":null,"accessibility_status":"unknown","source":"osm","accessibility_source":"osm_tags","confidence":0.7,"verified":false,"updated_at":null,"highway":["tertiary"],"raw_accessibility_tags":{},"crosswalk_samples":[],"approach_ids":[],"demo_editable":false,"feature_type":"edge"}},{"type":"Feature","geometry":{"type":"LineString","coordinates":[[126.9210475,37.3992233],[126.9203474,37.3988521]]},"properties":{"edge_id":"OSM_E_380073437_b7e43440fd","from_node":"OSM_N457319534","to_node":"OSM_N3834216028","osm_u":"457319534","osm_v":"3834216028","osm_key":"0","osm_way_ids":[380073437],"name":"안양로303번길","length":74.353,"stairs":false,"slope":null,"width":null,"curb_height":null,"surface":"unknown","elevator_required":false,"elevator_status":null,"blocked":false,"block_reason":null,"wheelchair_accessible":null,"accessibility_status":"unknown","source":"osm","accessibility_source":"osm_tags","confidence":0.7,"verified":false,"updated_at":null,"highway":["residential"],"raw_accessibility_tags":{},"crosswalk_samples":[],"approach_ids":[],"demo_editable":false,"feature_type":"edge"}},{"type":"Feature","geometry":{"type":"LineString","coordinates":[[126.9216779,37.3995506],[126.9213284,37.3999618]]},"properties":{"edge_id":"OSM_E_380063839_30943f6d96","from_node":"OSM_N457319535","to_node":"OSM_N3834216030","osm_u":"457319535","osm_v":"3834216030","osm_key":"0","osm_way_ids":[380063839],"name":"장내로139번길","length":55.171,"stairs":false,"slope":null,"width":null,"curb_height":null,"surface":"unknown","elevator_required":false,"elevator_status":null,"blocked":false,"block_reason":null,"wheelchair_accessible":null,"accessibility_status":"unknown","source":"osm","accessibility_source":"osm_tags","confidence":0.7,"verified":false,"updated_at":null,"highway":["residential"],"raw_accessibility_tags":{},"crosswalk_samples":[],"approach_ids":[],"demo_editable":false,"feature_type":"edge"}},{"type":"Feature","geometry":{"type":"LineString","coordinates":[[126.9216779,37.3995506],[126.9221134,37.3990521]]},"properties":{"edge_id":"OSM_E_380063839_4e95567cc2","from_node":"OSM_N457319535","to_node":"OSM_N3834216032","osm_u":"457319535","osm_v":"3834216032","osm_key":"0","osm_way_ids":[380063839],"name":"장내로139번길","length":67.472,"stairs":false,"slope":null,"width":null,"curb_height":null,"surface":"unknown","elevator_required":false,"elevator_status":null,"blocked":false,"block_reason":null,"wheelchair_accessible":null,"accessibility_status":"unknown","source":"osm","accessibility_source":"osm_tags","confidence":0.7,"verified":false,"updated_at":null,"highway":["residential"],"raw_accessibility_tags":{},"crosswalk_samples":[],"approach_ids":[],"demo_editable":false,"feature_type":"edge"}},{"type":"Feature","geometry":{"type":"LineString","coordinates":[[126.9230954,37.4003745],[126.9231419,37.4003266]]},"properties":{"edge_id":"OSM_E_318729248_3a257e8552","from_node":"OSM_N457319537","to_node":"OSM_N11993432395","osm_u":"457319537","osm_v":"11993432395","osm_key":"0","osm_way_ids":[318729248],"name":"만안로","length":6.726,"stairs":false,"slope":null,"width":null,"curb_height":null,"surface":"unknown","elevator_required":false,"elevator_status":null,"blocked":false,"block_reason":null,"wheelchair_accessible":null,"accessibility_status":"unknown","source":"osm","accessibility_source":"osm_tags","confidence":0.7,"verified":false,"updated_at":null,"highway":["tertiary"],"raw_accessibility_tags":{},"crosswalk_samples":[],"approach_ids":[],"demo_editable":false,"feature_type":"edge"}},{"type":"Feature","geometry":{"type":"LineString","coordinates":[[126.9230954,37.4003745],[126.923011,37.4005018],[126.9226938,37.4008358]]},"properties":{"edge_id":"OSM_E_318729250_1df78f77cc","from_node":"OSM_N457319537","to_node":"OSM_N7814723975","osm_u":"457319537","osm_v":"7814723975","osm_key":"0","osm_way_ids":[318729250],"name":"만안로","length":62.522,"stairs":false,"slope":null,"width":null,"curb_height":null,"surface":"unknown","elevator_required":false,"elevator_status":null,"blocked":false,"block_reason":null,"wheelchair_accessible":null,"accessibility_status":"unknown","source":"osm","accessibility_source":"osm_tags","confidence":0.7,"verified":false,"updated_at":null,"highway":["tertiary"],"raw_accessibility_tags":{},"crosswalk_samples":[],"approach_ids":[],"demo_editable":false,"feature_type":"edge"}},{"type":"Feature","geometry":{"type":"LineString","coordinates":[[126.9230954,37.4003745],[126.9228807,37.4005238],[126.9227879,37.4005828]]},"properties":{"edge_id":"OSM_E_318729251_8e7e63229a","from_node":"OSM_N457319537","to_node":"OSM_N7874349618","osm_u":"457319537","osm_v":"7874349618","osm_key":"0","osm_way_ids":[318729251],"name":"만안로223번길","length":35.704,"stairs":false,"slope":null,"width":null,"curb_height":null,"surface":"unknown","elevator_required":false,"elevator_status":null,"blocked":false,"block_reason":null,"wheelchair_accessible":null,"accessibility_status":"unknown","source":"osm","accessibility_source":"osm_tags","confidence":0.7,"verified":false,"updated_at":null,"highway":["tertiary"],"raw_accessibility_tags":{},"crosswalk_samples":[],"approach_ids":[],"demo_editable":false,"feature_type":"edge"}},{"type":"Feature","geometry":{"type":"LineString","coordinates":[[126.9252795,37.3941804],[126.9245831,37.3938064]]},"properties":{"edge_id":"OSM_E_38609292_2420573fa1","from_node":"OSM_N457320253","to_node":"OSM_N964927260","osm_u":"457320253","osm_v":"964927260","osm_key":"0","osm_way_ids":[38609292],"name":"삼덕로","length":74.259,"stairs":false,"slope":null,"width":null,"curb_height":null,"surface":"unknown","elevator_required":false,"elevator_status":null,"blocked":false,"block_reason":null,"wheelchair_accessible":null,"accessibility_status":"unknown","source":"osm","accessibility_source":"osm_tags","confidence":0.7,"verified":false,"updated_at":null,"highway":["tertiary"],"raw_accessibility_tags":{},"crosswalk_samples":[],"approach_ids":[],"demo_editable":false,"feature_type":"edge"}},{"type":"Feature","geometry":{"type":"LineString","coordinates":[[126.9252795,37.3941804],[126.9245579,37.3950445]]},"properties":{"edge_id":"OSM_E_38609408_f068e9c4d0","from_node":"OSM_N457320253","to_node":"OSM_N3833822413","osm_u":"457320253","osm_v":"3833822413","osm_key":"0","osm_way_ids":[38609408],"name":"안양로","length":115.307,"stairs":false,"slope":null,"width":null,"curb_height":null,"surface":"unknown","elevator_required":false,"elevator_status":null,"blocked":false,"block_reason":null,"wheelchair_accessible":null,"accessibility_status":"unknown","source":"osm","accessibility_source":"osm_tags","confidence":0.7,"verified":false,"updated_at":null,"highway":["tertiary"],"raw_accessibility_tags":{},"crosswalk_samples":["CW20"],"approach_ids":["CW20-A","CW20-B"],"demo_editable":false,"feature_type":"edge"}},{"type":"Feature","geometry":{"type":"LineString","coordinates":[[126.9252795,37.3941804],[126.9259031,37.3944919]]},"properties":{"edge_id":"OSM_E_286266781_c94d4825d3","from_node":"OSM_N457320253","to_node":"OSM_N3832542009","osm_u":"457320253","osm_v":"3832542009","osm_key":"0","osm_way_ids":[286266781],"name":"관악대로","length":65.074,"stairs":false,"slope":null,"width":null,"curb_height":null,"surface":"asphalt","elevator_required":false,"elevator_status":null,"blocked":false,"block_reason":null,"wheelchair_accessible":null,"accessibility_status":"unknown","source":"osm","accessibility_source":"osm_tags","confidence":0.7,"verified":false,"updated_at":null,"highway":["tertiary"],"raw_accessibility_tags":{},"crosswalk_samples":[],"approach_ids":[],"demo_editable":false,"feature_type":"edge"}},{"type":"Feature","geometry":{"type":"LineString","coordinates":[[126.9252795,37.3941804],[126.9260198,37.3932877]]},"properties":{"edge_id":"OSM_E_576208626_cede4e9eaa","from_node":"OSM_N457320253","to_node":"OSM_N3832541994","osm_u":"457320253","osm_v":"3832541994","osm_key":"0","osm_way_ids":[576208626],"name":"안양로","length":118.872,"stairs":false,"slope":null,"width":null,"curb_height":null,"surface":"unknown","elevator_required":false,"elevator_status":null,"blocked":false,"block_reason":null,"wheelchair_accessible":null,"accessibility_status":"unknown","source":"osm","accessibility_source":"osm_tags","confidence":0.7,"verified":false,"updated_at":null,"highway":["tertiary"],"raw_accessibility_tags":{},"crosswalk_samples":[],"approach_ids":[],"demo_editable":false,"feature_type":"edge"}},{"type":"Feature","geometry":{"type":"LineString","coordinates":[[126.9300825,37.3884143],[126.9305682,37.3886547]]},"properties":{"edge_id":"OSM_E_318577513_268f213849","from_node":"OSM_N457320539","to_node":"OSM_N3832488876","osm_u":"457320539","osm_v":"3832488876","osm_key":"0","osm_way_ids":[318577513],"name":"수리산로","length":50.556,"stairs":false,"slope":null,"width":null,"curb_height":null,"surface":"unknown","elevator_required":false,"elevator_status":null,"blocked":false,"block_reason":null,"wheelchair_accessible":null,"accessibility_status":"unknown","source":"osm","accessibility_source":"osm_tags","confidence":0.7,"verified":false,"updated_at":null,"highway":["tertiary"],"raw_accessibility_tags":{},"crosswalk_samples":[],"approach_ids":[],"demo_editable":false,"feature_type":"edge"}},{"type":"Feature","geometry":{"type":"LineString","coordinates":[[126.9300825,37.3884143],[126.9295483,37.3890619]]},"properties":{"edge_id":"OSM_E_576208626_b1685e4b88","from_node":"OSM_N457320539","to_node":"OSM_N3832488883","osm_u":"457320539","osm_v":"3832488883","osm_key":"0","osm_way_ids":[576208626],"name":"안양로","length":86.098,"stairs":false,"slope":null,"width":null,"curb_height":null,"surface":"unknown","elevator_required":false,"elevator_status":null,"blocked":false,"block_reason":null,"wheelchair_accessible":null,"accessibility_status":"unknown","source":"osm","accessibility_source":"osm_tags","confidence":0.7,"verified":false,"updated_at":null,"highway":["tertiary"],"raw_accessibility_tags":{},"crosswalk_samples":[],"approach_ids":[],"demo_editable":false,"feature_type":"edge"}},{"type":"Feature","geometry":{"type":"LineString","coordinates":[[126.9255973,37.3895641],[126.9264582,37.3876492]]},"properties":{"edge_id":"OSM_E_38609097_9fdc599159","from_node":"OSM_N457321111","to_node":"OSM_N964928106","osm_u":"457321111","osm_v":"964928106","osm_key":"0","osm_way_ids":[38609097],"name":"냉천로","length":226.104,"stairs":false,"slope":null,"width":null,"curb_height":null,"surface":"unknown","elevator_required":false,"elevator_status":null,"blocked":false,"block_reason":null,"wheelchair_accessible":null,"accessibility_status":"unknown","source":"osm","accessibility_source":"osm_tags","confidence":0.7,"verified":false,"updated_at":null,"highway":["tertiary"],"raw_accessibility_tags":{},"crosswalk_samples":["CW37"],"approach_ids":["CW37-A","CW37-B"],"demo_editable":false,"feature_type":"edge"}},{"type":"Feature","geometry":{"type":"LineString","coordinates":[[126.9255973,37.3895641],[126.9266245,37.3899592]]},"properties":{"edge_id":"OSM_E_38609212_b91ebb3637","from_node":"OSM_N457321111","to_node":"OSM_N3832541733","osm_u":"457321111","osm_v":"3832541733","osm_key":"0","osm_way_ids":[38609212],"name":"소곡로","length":100.825,"stairs":false,"slope":null,"width":null,"curb_height":null,"surface":"unknown","elevator_required":false,"elevator_status":null,"blocked":false,"block_reason":null,"wheelchair_accessible":null,"accessibility_status":"unknown","source":"osm","accessibility_source":"osm_tags","confidence":0.7,"verified":false,"updated_at":null,"highway":["tertiary"],"raw_accessibility_tags":{},"crosswalk_samples":["CW35"],"approach_ids":["CW35-A","CW35-B"],"demo_editable":false,"feature_type":"edge"}},{"type":"Feature","geometry":{"type":"LineString","coordinates":[[126.9255973,37.3895641],[126.924681,37.3888598]]},"properties":{"edge_id":"OSM_E_814055256_2a93e9941a","from_node":"OSM_N457321111","to_node":"OSM_N8603159952","osm_u":"457321111","osm_v":"8603159952","osm_key":"0","osm_way_ids":[814055256],"name":"소곡로","length":112.635,"stairs":false,"slope":null,"width":null,"curb_height":null,"surface":"unknown","elevator_required":false,"elevator_status":null,"blocked":false,"block_reason":null,"wheelchair_accessible":null,"accessibility_status":"unknown","source":"osm","accessibility_source":"osm_tags","confidence":0.7,"verified":false,"updated_at":null,"highway":["residential"],"raw_accessibility_tags":{},"crosswalk_samples":["CW36","CW38","CW39","CW40"],"approach_ids":["CW36-A","CW36-B","CW38-A","CW38-B","CW39-A","CW39-B","CW40-A","CW40-B"],"demo_editable":false,"feature_type":"edge"}},{"type":"Feature","geometry":{"type":"LineString","coordinates":[[126.9255973,37.3895641],[126.9254587,37.3898923],[126.9254284,37.3899643]]},"properties":{"edge_id":"OSM_E_38609097_0e310cdf45","from_node":"OSM_N457321111","to_node":"OSM_N3832541730","osm_u":"457321111","osm_v":"3832541730","osm_key":"0","osm_way_ids":[38609097],"name":"냉천로","length":46.935,"stairs":false,"slope":null,"width":null,"curb_height":null,"surface":"unknown","elevator_required":false,"elevator_status":null,"blocked":false,"block_reason":null,"wheelchair_accessible":null,"accessibility_status":"unknown","source":"osm","accessibility_source":"osm_tags","confidence":0.7,"verified":false,"updated_at":null,"highway":["tertiary"],"raw_accessibility_tags":{},"crosswalk_samples":["CW34"],"approach_ids":["CW34-A","CW34-B"],"demo_editable":false,"feature_type":"edge"}},{"type":"Feature","geometry":{"type":"LineString","coordinates":[[126.9230706,37.3930088],[126.9226828,37.393462]]},"properties":{"edge_id":"OSM_E_38609097_ecc23eb95e","from_node":"OSM_N457321137","to_node":"OSM_N3833822411","osm_u":"457321137","osm_v":"3833822411","osm_key":"0","osm_way_ids":[38609097],"name":"냉천로","length":60.936,"stairs":false,"slope":null,"width":null,"curb_height":null,"surface":"unknown","elevator_required":false,"elevator_status":null,"blocked":false,"block_reason":null,"wheelchair_accessible":null,"accessibility_status":"unknown","source":"osm","accessibility_source":"osm_tags","confidence":0.7,"verified":false,"updated_at":null,"highway":["tertiary"],"raw_accessibility_tags":{},"crosswalk_samples":[],"approach_ids":[],"demo_editable":false,"feature_type":"edge"}},{"type":"Feature","geometry":{"type":"LineString","coordinates":[[126.9230706,37.3930088],[126.9239894,37.3934846]]},"properties":{"edge_id":"OSM_E_38609292_5ee0b36cc3","from_node":"OSM_N457321137","to_node":"OSM_N964926878","osm_u":"457321137","osm_v":"964926878","osm_key":"0","osm_way_ids":[38609292],"name":"삼덕로","length":96.89,"stairs":false,"slope":null,"width":null,"curb_height":null,"surface":"unknown","elevator_required":false,"elevator_status":null,"blocked":false,"block_reason":null,"wheelchair_accessible":null,"accessibility_status":"unknown","source":"osm","accessibility_source":"osm_tags","confidence":0.7,"verified":false,"updated_at":null,"highway":["tertiary"],"raw_accessibility_tags":{},"crosswalk_samples":["CW21"],"approach_ids":["CW21-A","CW21-B"],"demo_editable":false,"feature_type":"edge"}},{"type":"Feature","geometry":{"type":"LineString","coordinates":[[126.9230706,37.3930088],[126.9232679,37.3927772],[126.9234547,37.3925426]]},"properties":{"edge_id":"OSM_E_38609097_a7e7da570f","from_node":"OSM_N457321137","to_node":"OSM_N3832541998","osm_u":"457321137","osm_v":"3832541998","osm_key":"0","osm_way_ids":[38609097],"name":"냉천로","length":61.965,"stairs":false,"slope":null,"width":null,"curb_height":null,"surface":"unknown","elevator_required":false,"elevator_status":null,"blocked":false,"block_reason":null,"wheelchair_accessible":null,"accessibility_status":"unknown","source":"osm","accessibility_source":"osm_tags","confidence":0.7,"verified":false,"updated_at":null,"highway":["tertiary"],"raw_accessibility_tags":{},"crosswalk_samples":[],"approach_ids":[],"demo_editable":false,"feature_type":"edge"}},{"type":"Feature","geometry":{"type":"LineString","coordinates":[[126.9230706,37.3930088],[126.9228367,37.3929058],[126.9225957,37.392864],[126.9224378,37.3928625],[126.922235,37.3928749],[126.9221236,37.3928949]]},"properties":{"edge_id":"OSM_E_38609292_a39d5994bc","from_node":"OSM_N457321137","to_node":"OSM_N3832541821","osm_u":"457321137","osm_v":"3832541821","osm_key":"0","osm_way_ids":[38609292],"name":"삼덕로","length":87.427,"stairs":false,"slope":null,"width":null,"curb_height":null,"surface":"unknown","elevator_required":false,"elevator_status":null,"blocked":false,"block_reason":null,"wheelchair_accessible":null,"accessibility_status":"unknown","source":"osm","accessibility_source":"osm_tags","confidence":0.7,"verified":false,"updated_at":null,"highway":["tertiary"],"raw_accessibility_tags":{},"crosswalk_samples":[],"approach_ids":[],"demo_editable":false,"feature_type":"edge"}},{"type":"Feature","geometry":{"type":"LineString","coordinates":[[126.925232,37.3904032],[126.9257011,37.3906492]]},"properties":{"edge_id":"OSM_E_38609193_c4706d2a2b","from_node":"OSM_N457321139","to_node":"OSM_N3832542000","osm_u":"457321139","osm_v":"3832542000","osm_key":"0","osm_way_ids":[38609193],"name":"현충로","length":49.657,"stairs":false,"slope":null,"width":null,"curb_height":null,"surface":"unknown","elevator_required":false,"elevator_status":null,"blocked":false,"block_reason":null,"wheelchair_accessible":null,"accessibility_status":"unknown","source":"osm","accessibility_source":"osm_tags","confidence":0.7,"verified":false,"updated_at":null,"highway":["tertiary"],"raw_accessibility_tags":{},"crosswalk_samples":["CW28"],"approach_ids":["CW28-A","CW28-B"],"demo_editable":false,"feature_type":"edge"}},{"type":"Feature","geometry":{"type":"LineString","coordinates":[[126.925232,37.3904032],[126.9241707,37.3900653]]},"properties":{"edge_id":"OSM_E_82908648_e430c80696","from_node":"OSM_N457321139","to_node":"OSM_N964926008","osm_u":"457321139","osm_v":"964926008","osm_key":"0","osm_way_ids":[82908648],"name":"현충로","length":101.01,"stairs":false,"slope":null,"width":null,"curb_height":null,"surface":"unknown","elevator_required":false,"elevator_status":null,"blocked":false,"block_reason":null,"wheelchair_accessible":null,"accessibility_status":"unknown","source":"osm","accessibility_source":"osm_tags","confidence":0.7,"verified":false,"updated_at":null,"highway":["service"],"raw_accessibility_tags":{},"crosswalk_samples":["CW29","CW32"],"approach_ids":["CW29-A","CW29-B","CW32-A","CW32-B"],"demo_editable":false,"feature_type":"edge"}},{"type":"Feature","geometry":{"type":"LineString","coordinates":[[126.925232,37.3904032],[126.9250613,37.3906071],[126.924989,37.3906933]]},"properties":{"edge_id":"OSM_E_38609097_c3df6eaf42","from_node":"OSM_N457321139","to_node":"OSM_N7560864756","osm_u":"457321139","osm_v":"7560864756","osm_key":"0","osm_way_ids":[38609097],"name":"냉천로","length":38.748,"stairs":false,"slope":null,"width":null,"curb_height":null,"surface":"unknown","elevator_required":false,"elevator_status":null,"blocked":false,"block_reason":null,"wheelchair_accessible":null,"accessibility_status":"unknown","source":"osm","accessibility_source":"osm_tags","confidence":0.7,"verified":false,"updated_at":null,"highway":["tertiary"],"raw_accessibility_tags":{},"crosswalk_samples":["CW27"],"approach_ids":["CW27-A","CW27-B"],"demo_editable":false,"feature_type":"edge"}},{"type":"Feature","geometry":{"type":"LineString","coordinates":[[126.925232,37.3904032],[126.9253193,37.3902148],[126.925356,37.3901304],[126.9254284,37.3899643]]},"properties":{"edge_id":"OSM_E_38609097_9893769d40","from_node":"OSM_N457321139","to_node":"OSM_N3832541730","osm_u":"457321139","osm_v":"3832541730","osm_key":"0","osm_way_ids":[38609097],"name":"냉천로","length":51.799,"stairs":false,"slope":null,"width":null,"curb_height":null,"surface":"unknown","elevator_required":false,"elevator_status":null,"blocked":false,"block_reason":null,"wheelchair_accessible":null,"accessibility_status":"unknown","source":"osm","accessibility_source":"osm_tags","confidence":0.7,"verified":false,"updated_at":null,"highway":["tertiary"],"raw_accessibility_tags":{},"crosswalk_samples":["CW31"],"approach_ids":["CW31-A","CW31-B"],"demo_editable":false,"feature_type":"edge"}},{"type":"Feature","geometry":{"type":"LineString","coordinates":[[126.9286243,37.3922018],[126.9290499,37.3917065]]},"properties":{"edge_id":"OSM_E_38609094_10bfe58df0","from_node":"OSM_N457321162","to_node":"OSM_N3832541739","osm_u":"457321162","osm_v":"3832541739","osm_key":"0","osm_way_ids":[38609094],"name":"소곡로20번길","length":66.686,"stairs":false,"slope":null,"width":null,"curb_height":null,"surface":"unknown","elevator_required":false,"elevator_status":null,"blocked":false,"block_reason":null,"wheelchair_accessible":null,"accessibility_status":"unknown","source":"osm","accessibility_source":"osm_tags","confidence":0.7,"verified":false,"updated_at":null,"highway":["residential"],"raw_accessibility_tags":{},"crosswalk_samples":[],"approach_ids":[],"demo_editable":false,"feature_type":"edge"}},{"type":"Feature","geometry":{"type":"LineString","coordinates":[[126.9286243,37.3922018],[126.9284632,37.3921132]]},"properties":{"edge_id":"OSM_E_38609193_a8090a6516","from_node":"OSM_N457321162","to_node":"OSM_N3832542011","osm_u":"457321162","osm_v":"3832542011","osm_key":"0","osm_way_ids":[38609193],"name":"현충로","length":17.309,"stairs":false,"slope":null,"width":null,"curb_height":null,"surface":"unknown","elevator_required":false,"elevator_status":null,"blocked":false,"block_reason":null,"wheelchair_accessible":null,"accessibility_status":"unknown","source":"osm","accessibility_source":"osm_tags","confidence":0.7,"verified":false,"updated_at":null,"highway":["tertiary"],"raw_accessibility_tags":{},"crosswalk_samples":[],"approach_ids":[],"demo_editable":false,"feature_type":"edge"}},{"type":"Feature","geometry":{"type":"LineString","coordinates":[[126.9286243,37.3922018],[126.9290961,37.3924473]]},"properties":{"edge_id":"OSM_E_38609193_cf0ab8d61b","from_node":"OSM_N457321162","to_node":"OSM_N3832542014","osm_u":"457321162","osm_v":"3832542014","osm_key":"0","osm_way_ids":[38609193],"name":"현충로","length":49.825,"stairs":false,"slope":null,"width":null,"curb_height":null,"surface":"unknown","elevator_required":false,"elevator_status":null,"blocked":false,"block_reason":null,"wheelchair_accessible":null,"accessibility_status":"unknown","source":"osm","accessibility_source":"osm_tags","confidence":0.7,"verified":false,"updated_at":null,"highway":["tertiary"],"raw_accessibility_tags":{},"crosswalk_samples":[],"approach_ids":[],"demo_editable":false,"feature_type":"edge"}},{"type":"Feature","geometry":{"type":"LineString","coordinates":[[126.9306474,37.3932769],[126.9294811,37.3926548]]},"properties":{"edge_id":"OSM_E_38609193_35971933d3","from_node":"OSM_N457321236","to_node":"OSM_N457321553","osm_u":"457321236","osm_v":"457321553","osm_key":"0","osm_way_ids":[38609193],"name":"현충로","length":124.102,"stairs":false,"slope":null,"width":null,"curb_height":null,"surface":"unknown","elevator_required":false,"elevator_status":null,"blocked":false,"block_reason":null,"wheelchair_accessible":null,"accessibility_status":"unknown","source":"osm","accessibility_source":"osm_tags","confidence":0.7,"verified":false,"updated_at":null,"highway":["tertiary"],"raw_accessibility_tags":{},"crosswalk_samples":[],"approach_ids":[],"demo_editable":false,"feature_type":"edge"}},{"type":"Feature","geometry":{"type":"LineString","coordinates":[[126.9306474,37.3932769],[126.9302316,37.3937234]]},"properties":{"edge_id":"OSM_E_318729248_f20d8d353a","from_node":"OSM_N457321236","to_node":"OSM_N3832542017","osm_u":"457321236","osm_v":"3832542017","osm_key":"0","osm_way_ids":[318729248],"name":"만안로","length":61.76,"stairs":false,"slope":null,"width":null,"curb_height":null,"surface":"unknown","elevator_required":false,"elevator_status":null,"blocked":false,"block_reason":null,"wheelchair_accessible":null,"accessibility_status":"unknown","source":"osm","accessibility_source":"osm_tags","confidence":0.7,"verified":false,"updated_at":null,"highway":["tertiary"],"raw_accessibility_tags":{},"crosswalk_samples":[],"approach_ids":[],"demo_editable":false,"feature_type":"edge"}},{"type":"Feature","geometry":{"type":"LineString","coordinates":[[126.9306474,37.3932769],[126.9310604,37.392752]]},"properties":{"edge_id":"OSM_E_318729248_47ad1d7792","from_node":"OSM_N457321236","to_node":"OSM_N3832541737","osm_u":"457321236","osm_v":"3832541737","osm_key":"0","osm_way_ids":[318729248],"name":"만안로","length":68.832,"stairs":false,"slope":null,"width":null,"curb_height":null,"surface":"unknown","elevator_required":false,"elevator_status":null,"blocked":false,"block_reason":null,"wheelchair_accessible":null,"accessibility_status":"unknown","source":"osm","accessibility_source":"osm_tags","confidence":0.7,"verified":false,"updated_at":null,"highway":["tertiary"],"raw_accessibility_tags":{},"crosswalk_samples":[],"approach_ids":[],"demo_editable":false,"feature_type":"edge"}},{"type":"Feature","geometry":{"type":"LineString","coordinates":[[126.9257308,37.3967214],[126.9253209,37.3971402]]},"properties":{"edge_id":"OSM_E_38608991_8eebbe6b67","from_node":"OSM_N457321353","to_node":"OSM_N3834106182","osm_u":"457321353","osm_v":"3834106182","osm_key":"0","osm_way_ids":[38608991],"name":"장내로150번길","length":58.99,"stairs":false,"slope":null,"width":null,"curb_height":null,"surface":"unknown","elevator_required":false,"elevator_status":null,"blocked":false,"block_reason":null,"wheelchair_accessible":null,"accessibility_status":"unknown","source":"osm","accessibility_source":"osm_tags","confidence":0.7,"verified":false,"updated_at":null,"highway":["residential"],"raw_accessibility_tags":{},"crosswalk_samples":[],"approach_ids":[],"demo_editable":false,"feature_type":"edge"}},{"type":"Feature","geometry":{"type":"LineString","coordinates":[[126.9257308,37.3967214],[126.926371,37.3970611]]},"properties":{"edge_id":"OSM_E_38609253_24bd57796e","from_node":"OSM_N457321353","to_node":"OSM_N457321802","osm_u":"457321353","osm_v":"457321802","osm_key":"0","osm_way_ids":[38609253],"name":"안양로258번길","length":68.009,"stairs":false,"slope":null,"width":null,"curb_height":null,"surface":"unknown","elevator_required":false,"elevator_status":null,"blocked":false,"block_reason":null,"wheelchair_accessible":null,"accessibility_status":"unknown","source":"osm","accessibility_source":"osm_tags","confidence":0.7,"verified":false,"updated_at":null,"highway":["residential"],"raw_accessibility_tags":{},"crosswalk_samples":[],"approach_ids":[],"demo_editable":false,"feature_type":"edge"}},{"type":"Feature","geometry":{"type":"LineString","coordinates":[[126.9257308,37.3967214],[126.9249764,37.3963196]]},"properties":{"edge_id":"OSM_E_38609253_287e687b2c","from_node":"OSM_N457321353","to_node":"OSM_N3834106178","osm_u":"457321353","osm_v":"3834106178","osm_key":"0","osm_way_ids":[38609253],"name":"안양로258번길","length":80.234,"stairs":false,"slope":null,"width":null,"curb_height":null,"surface":"unknown","elevator_required":false,"elevator_status":null,"blocked":false,"block_reason":null,"wheelchair_accessible":null,"accessibility_status":"unknown","source":"osm","accessibility_source":"osm_tags","confidence":0.7,"verified":false,"updated_at":null,"highway":["residential"],"raw_accessibility_tags":{},"crosswalk_samples":[],"approach_ids":[],"demo_editable":false,"feature_type":"edge"}},{"type":"Feature","geometry":{"type":"LineString","coordinates":[[126.9257308,37.3967214],[126.9260482,37.3963691],[126.9263444,37.3959967]]},"properties":{"edge_id":"OSM_E_38608991_24b68eae76","from_node":"OSM_N457321353","to_node":"OSM_N3834106172","osm_u":"457321353","osm_v":"3834106172","osm_key":"0","osm_way_ids":[38608991],"name":"장내로150번길","length":97.158,"stairs":false,"slope":null,"width":null,"curb_height":null,"surface":"unknown","elevator_required":false,"elevator_status":null,"blocked":false,"block_reason":null,"wheelchair_accessible":null,"accessibility_status":"unknown","source":"osm","accessibility_source":"osm_tags","confidence":0.7,"verified":false,"updated_at":null,"highway":["residential"],"raw_accessibility_tags":{},"crosswalk_samples":[],"approach_ids":[],"demo_editable":false,"feature_type":"edge"}},{"type":"Feature","geometry":{"type":"LineString","coordinates":[[126.9270679,37.3951128],[126.9266703,37.3956202]]},"properties":{"edge_id":"OSM_E_38608991_7d2a129e51","from_node":"OSM_N457321358","to_node":"OSM_N3834106175","osm_u":"457321358","osm_v":"3834106175","osm_key":"0","osm_way_ids":[38608991],"name":"장내로150번길","length":66.46,"stairs":false,"slope":null,"width":null,"curb_height":null,"surface":"unknown","elevator_required":false,"elevator_status":null,"blocked":false,"block_reason":null,"wheelchair_accessible":null,"accessibility_status":"unknown","source":"osm","accessibility_source":"osm_tags","confidence":0.7,"verified":false,"updated_at":null,"highway":["residential"],"raw_accessibility_tags":{},"crosswalk_samples":[],"approach_ids":[],"demo_editable":false,"feature_type":"edge"}},{"type":"Feature","geometry":{"type":"LineString","coordinates":[[126.9270679,37.3951128],[126.9272646,37.3952251]]},"properties":{"edge_id":"OSM_E_286266781_25cc5041c9","from_node":"OSM_N457321358","to_node":"OSM_N9212507169","osm_u":"457321358","osm_v":"9212507169","osm_key":"0","osm_way_ids":[286266781],"name":"관악대로","length":21.398,"stairs":false,"slope":null,"width":null,"curb_height":null,"surface":"asphalt","elevator_required":false,"elevator_status":null,"blocked":false,"block_reason":null,"wheelchair_accessible":null,"accessibility_status":"unknown","source":"osm","accessibility_source":"osm_tags","confidence":0.7,"verified":false,"updated_at":null,"highway":["tertiary"],"raw_accessibility_tags":{},"crosswalk_samples":[],"approach_ids":[],"demo_editable":false,"feature_type":"edge"}},{"type":"Feature","geometry":{"type":"LineString","coordinates":[[126.9270679,37.3951128],[126.9259031,37.3944919]]},"properties":{"edge_id":"OSM_E_286266781_003a9d640d","from_node":"OSM_N457321358","to_node":"OSM_N3832542009","osm_u":"457321358","osm_v":"3832542009","osm_key":"0","osm_way_ids":[286266781],"name":"관악대로","length":123.915,"stairs":false,"slope":null,"width":null,"curb_height":null,"surface":"asphalt","elevator_required":false,"elevator_status":null,"blocked":false,"block_reason":null,"wheelchair_accessible":null,"accessibility_status":"unknown","source":"osm","accessibility_source":"osm_tags","confidence":0.7,"verified":false,"updated_at":null,"highway":["tertiary"],"raw_accessibility_tags":{},"crosswalk_samples":[],"approach_ids":[],"demo_editable":false,"feature_type":"edge"}},{"type":"Feature","geometry":{"type":"LineString","coordinates":[[126.9282481,37.3906053],[126.927501,37.3902972]]},"properties":{"edge_id":"OSM_E_38609212_9c63dfe7fb","from_node":"OSM_N457321367","to_node":"OSM_N964927923","osm_u":"457321367","osm_v":"964927923","osm_key":"0","osm_way_ids":[38609212],"name":"소곡로","length":74.365,"stairs":false,"slope":null,"width":null,"curb_height":null,"surface":"unknown","elevator_required":false,"elevator_status":null,"blocked":false,"block_reason":null,"wheelchair_accessible":null,"accessibility_status":"unknown","source":"osm","accessibility_source":"osm_tags","confidence":0.7,"verified":false,"updated_at":null,"highway":["tertiary"],"raw_accessibility_tags":{},"crosswalk_samples":[],"approach_ids":[],"demo_editable":false,"feature_type":"edge"}},{"type":"Feature","geometry":{"type":"LineString","coordinates":[[126.9282481,37.3906053],[126.9288835,37.3909177]]},"properties":{"edge_id":"OSM_E_38609212_e537583772","from_node":"OSM_N457321367","to_node":"OSM_N457321601","osm_u":"457321367","osm_v":"457321601","osm_key":"0","osm_way_ids":[38609212],"name":"소곡로","length":66.014,"stairs":false,"slope":null,"width":null,"curb_height":null,"surface":"unknown","elevator_required":false,"elevator_status":null,"blocked":false,"block_reason":null,"wheelchair_accessible":null,"accessibility_status":"unknown","source":"osm","accessibility_source":"osm_tags","confidence":0.7,"verified":false,"updated_at":null,"highway":["tertiary"],"raw_accessibility_tags":{},"crosswalk_samples":[],"approach_ids":[],"demo_editable":false,"feature_type":"edge"}},{"type":"Feature","geometry":{"type":"LineString","coordinates":[[126.9282481,37.3906053],[126.9286259,37.3901586]]},"properties":{"edge_id":"OSM_E_576208626_b9774731bc","from_node":"OSM_N457321367","to_node":"OSM_N9212485627","osm_u":"457321367","osm_v":"9212485627","osm_key":"0","osm_way_ids":[576208626],"name":"안양로","length":59.843,"stairs":false,"slope":null,"width":null,"curb_height":null,"surface":"unknown","elevator_required":false,"elevator_status":null,"blocked":false,"block_reason":null,"wheelchair_accessible":null,"accessibility_status":"unknown","source":"osm","accessibility_source":"osm_tags","confidence":0.7,"verified":false,"updated_at":null,"highway":["tertiary"],"raw_accessibility_tags":{},"crosswalk_samples":[],"approach_ids":[],"demo_editable":false,"feature_type":"edge"}},{"type":"Feature","geometry":{"type":"LineString","coordinates":[[126.9314117,37.3922452],[126.9303197,37.3916597]]},"properties":{"edge_id":"OSM_E_38609212_9c8cd402d5","from_node":"OSM_N457321369","to_node":"OSM_N3832541746","osm_u":"457321369","osm_v":"3832541746","osm_key":"0","osm_way_ids":[38609212],"name":"소곡로","length":116.385,"stairs":false,"slope":null,"width":null,"curb_height":null,"surface":"unknown","elevator_required":false,"elevator_status":null,"blocked":false,"block_reason":null,"wheelchair_accessible":null,"accessibility_status":"unknown","source":"osm","accessibility_source":"osm_tags","confidence":0.7,"verified":false,"updated_at":null,"highway":["tertiary"],"raw_accessibility_tags":{},"crosswalk_samples":[],"approach_ids":[],"demo_editable":false,"feature_type":"edge"}},{"type":"Feature","geometry":{"type":"LineString","coordinates":[[126.9314117,37.3922452],[126.9310604,37.392752]]},"properties":{"edge_id":"OSM_E_318729248_f74a29f5f0","from_node":"OSM_N457321369","to_node":"OSM_N3832541737","osm_u":"457321369","osm_v":"3832541737","osm_key":"0","osm_way_ids":[318729248],"name":"만안로","length":64.334,"stairs":false,"slope":null,"width":null,"curb_height":null,"surface":"unknown","elevator_required":false,"elevator_status":null,"blocked":false,"block_reason":null,"wheelchair_accessible":null,"accessibility_status":"unknown","source":"osm","accessibility_source":"osm_tags","confidence":0.7,"verified":false,"updated_at":null,"highway":["tertiary"],"raw_accessibility_tags":{},"crosswalk_samples":[],"approach_ids":[],"demo_editable":false,"feature_type":"edge"}},{"type":"Feature","geometry":{"type":"LineString","coordinates":[[126.9314117,37.3922452],[126.931708,37.3918091]]},"properties":{"edge_id":"OSM_E_318729248_b357d71fcb","from_node":"OSM_N457321369","to_node":"OSM_N3832541743","osm_u":"457321369","osm_v":"3832541743","osm_key":"0","osm_way_ids":[318729248],"name":"만안로","length":55.106,"stairs":false,"slope":null,"width":null,"curb_height":null,"surface":"unknown","elevator_required":false,"elevator_status":null,"blocked":false,"block_reason":null,"wheelchair_accessible":null,"accessibility_status":"unknown","source":"osm","accessibility_source":"osm_tags","confidence":0.7,"verified":false,"updated_at":null,"highway":["tertiary"],"raw_accessibility_tags":{},"crosswalk_samples":[],"approach_ids":[],"demo_editable":false,"feature_type":"edge"}},{"type":"Feature","geometry":{"type":"LineString","coordinates":[[126.9313344,37.3902156],[126.931454,37.3902799]]},"properties":{"edge_id":"OSM_E_38609230_d25a5cf1d6","from_node":"OSM_N457321537","to_node":"OSM_N457321554","osm_u":"457321537","osm_v":"457321554","osm_key":"0","osm_way_ids":[38609230],"name":"안양로170번길","length":12.758,"stairs":false,"slope":null,"width":null,"curb_height":null,"surface":"unknown","elevator_required":false,"elevator_status":null,"blocked":false,"block_reason":null,"wheelchair_accessible":null,"accessibility_status":"unknown","source":"osm","accessibility_source":"osm_tags","confidence":0.7,"verified":false,"updated_at":null,"highway":["residential"],"raw_accessibility_tags":{},"crosswalk_samples":[],"approach_ids":[],"demo_editable":false,"feature_type":"edge"}},{"type":"Feature","geometry":{"type":"LineString","coordinates":[[126.9313344,37.3902156],[126.9305977,37.3898346]]},"properties":{"edge_id":"OSM_E_38609230_4f746fe5e4","from_node":"OSM_N457321537","to_node":"OSM_N457321543","osm_u":"457321537","osm_v":"457321543","osm_key":"0","osm_way_ids":[38609230],"name":"안양로170번길","length":77.659,"stairs":false,"slope":null,"width":null,"curb_height":null,"surface":"unknown","elevator_required":false,"elevator_status":null,"blocked":false,"block_reason":null,"wheelchair_accessible":null,"accessibility_status":"unknown","source":"osm","accessibility_source":"osm_tags","confidence":0.7,"verified":false,"updated_at":null,"highway":["residential"],"raw_accessibility_tags":{},"crosswalk_samples":[],"approach_ids":[],"demo_editable":false,"feature_type":"edge"}},{"type":"Feature","geometry":{"type":"LineString","coordinates":[[126.9313344,37.3902156],[126.9315436,37.3899584]]},"properties":{"edge_id":"OSM_E_379897522_06ace678c9","from_node":"OSM_N457321537","to_node":"OSM_N3832488889","osm_u":"457321537","osm_v":"3832488889","osm_key":"0","osm_way_ids":[379897522],"name":"수리산로55번길","length":34.052,"stairs":false,"slope":null,"width":null,"curb_height":null,"surface":"unknown","elevator_required":false,"elevator_status":null,"blocked":false,"block_reason":null,"wheelchair_accessible":null,"accessibility_status":"unknown","source":"osm","accessibility_source":"osm_tags","confidence":0.7,"verified":false,"updated_at":null,"highway":["residential"],"raw_accessibility_tags":{},"crosswalk_samples":[],"approach_ids":[],"demo_editable":false,"feature_type":"edge"}},{"type":"Feature","geometry":{"type":"LineString","coordinates":[[126.9305977,37.3898346],[126.9294292,37.3892049]]},"properties":{"edge_id":"OSM_E_38609230_077fa5839e","from_node":"OSM_N457321543","to_node":"OSM_N457321544","osm_u":"457321543","osm_v":"457321544","osm_key":"0","osm_way_ids":[38609230],"name":"안양로170번길","length":124.74,"stairs":false,"slope":null,"width":null,"curb_height":null,"surface":"unknown","elevator_required":false,"elevator_status":null,"blocked":false,"block_reason":null,"wheelchair_accessible":null,"accessibility_status":"unknown","source":"osm","accessibility_source":"osm_tags","confidence":0.7,"verified":false,"updated_at":null,"highway":["residential"],"raw_accessibility_tags":{},"crosswalk_samples":[],"approach_ids":[],"demo_editable":false,"feature_type":"edge"}},{"type":"Feature","geometry":{"type":"LineString","coordinates":[[126.9305977,37.3898346],[126.9302516,37.3902317]]},"properties":{"edge_id":"OSM_E_379904043_5c179cf6dc","from_node":"OSM_N457321543","to_node":"OSM_N3832541742","osm_u":"457321543","osm_v":"3832541742","osm_key":"0","osm_way_ids":[379904043],"name":"수리산로47번길","length":53.709,"stairs":false,"slope":null,"width":null,"curb_height":null,"surface":"unknown","elevator_required":false,"elevator_status":null,"blocked":false,"block_reason":null,"wheelchair_accessible":null,"accessibility_status":"unknown","source":"osm","accessibility_source":"osm_tags","confidence":0.7,"verified":false,"updated_at":null,"highway":["residential"],"raw_accessibility_tags":{},"crosswalk_samples":[],"approach_ids":[],"demo_editable":false,"feature_type":"edge"}},{"type":"Feature","geometry":{"type":"LineString","coordinates":[[126.9305977,37.3898346],[126.9308562,37.3895308]]},"properties":{"edge_id":"OSM_E_379904043_b9cab2abeb","from_node":"OSM_N457321543","to_node":"OSM_N3832488895","osm_u":"457321543","osm_v":"3832488895","osm_key":"0","osm_way_ids":[379904043],"name":"수리산로47번길","length":40.776,"stairs":false,"slope":null,"width":null,"curb_height":null,"surface":"unknown","elevator_required":false,"elevator_status":null,"blocked":false,"block_reason":null,"wheelchair_accessible":null,"accessibility_status":"unknown","source":"osm","accessibility_source":"osm_tags","confidence":0.7,"verified":false,"updated_at":null,"highway":["residential"],"raw_accessibility_tags":{},"crosswalk_samples":[],"approach_ids":[],"demo_editable":false,"feature_type":"edge"}},{"type":"Feature","geometry":{"type":"LineString","coordinates":[[126.9305977,37.3898346],[126.9308544,37.3898647],[126.9315436,37.3899584]]},"properties":{"edge_id":"OSM_E_379897521_acfe0619ed","from_node":"OSM_N457321543","to_node":"OSM_N3832488889","osm_u":"457321543","osm_v":"3832488889","osm_key":"0","osm_way_ids":[379897521],"name":"만안로77번길","length":84.698,"stairs":false,"slope":null,"width":null,"curb_height":null,"surface":"unknown","elevator_required":false,"elevator_status":null,"blocked":false,"block_reason":null,"wheelchair_accessible":null,"accessibility_status":"unknown","source":"osm","accessibility_source":"osm_tags","confidence":0.7,"verified":false,"updated_at":null,"highway":["residential"],"raw_accessibility_tags":{},"crosswalk_samples":[],"approach_ids":[],"demo_editable":false,"feature_type":"edge"}},{"type":"Feature","geometry":{"type":"LineString","coordinates":[[126.9294292,37.3892049],[126.9295483,37.3890619]]},"properties":{"edge_id":"OSM_E_576208626_0a81b71f83","from_node":"OSM_N457321544","to_node":"OSM_N3832488883","osm_u":"457321544","osm_v":"3832488883","osm_key":"0","osm_way_ids":[576208626],"name":"안양로","length":19.067,"stairs":false,"slope":null,"width":null,"curb_height":null,"surface":"unknown","elevator_required":false,"elevator_status":null,"blocked":false,"block_reason":null,"wheelchair_accessible":null,"accessibility_status":"unknown","source":"osm","accessibility_source":"osm_tags","confidence":0.7,"verified":false,"updated_at":null,"highway":["tertiary"],"raw_accessibility_tags":{},"crosswalk_samples":[],"approach_ids":[],"demo_editable":false,"feature_type":"edge"}},{"type":"Feature","geometry":{"type":"LineString","coordinates":[[126.9294292,37.3892049],[126.9290185,37.3896926]]},"properties":{"edge_id":"OSM_E_576208626_7a33cf563c","from_node":"OSM_N457321544","to_node":"OSM_N9212485629","osm_u":"457321544","osm_v":"9212485629","osm_key":"0","osm_way_ids":[576208626],"name":"안양로","length":65.249,"stairs":false,"slope":null,"width":null,"curb_height":null,"surface":"unknown","elevator_required":false,"elevator_status":null,"blocked":false,"block_reason":null,"wheelchair_accessible":null,"accessibility_status":"unknown","source":"osm","accessibility_source":"osm_tags","confidence":0.7,"verified":false,"updated_at":null,"highway":["tertiary"],"raw_accessibility_tags":{},"crosswalk_samples":[],"approach_ids":[],"demo_editable":false,"feature_type":"edge"}},{"type":"Feature","geometry":{"type":"LineString","coordinates":[[126.9294811,37.3926548],[126.9290961,37.3924473]]},"properties":{"edge_id":"OSM_E_38609193_25b59a8fe8","from_node":"OSM_N457321553","to_node":"OSM_N3832542014","osm_u":"457321553","osm_v":"3832542014","osm_key":"0","osm_way_ids":[38609193],"name":"현충로","length":41.1,"stairs":false,"slope":null,"width":null,"curb_height":null,"surface":"unknown","elevator_required":false,"elevator_status":null,"blocked":false,"block_reason":null,"wheelchair_accessible":null,"accessibility_status":"unknown","source":"osm","accessibility_source":"osm_tags","confidence":0.7,"verified":false,"updated_at":null,"highway":["tertiary"],"raw_accessibility_tags":{},"crosswalk_samples":[],"approach_ids":[],"demo_editable":false,"feature_type":"edge"}},{"type":"Feature","geometry":{"type":"LineString","coordinates":[[126.9294811,37.3926548],[126.9298999,37.3921508]]},"properties":{"edge_id":"OSM_E_38609231_d063deb7ec","from_node":"OSM_N457321553","to_node":"OSM_N3832541738","osm_u":"457321553","osm_v":"3832541738","osm_key":"0","osm_way_ids":[38609231],"name":"소곡로12번길","length":67.154,"stairs":false,"slope":null,"width":null,"curb_height":null,"surface":"unknown","elevator_required":false,"elevator_status":null,"blocked":false,"block_reason":null,"wheelchair_accessible":null,"accessibility_status":"unknown","source":"osm","accessibility_source":"osm_tags","confidence":0.7,"verified":false,"updated_at":null,"highway":["residential"],"raw_accessibility_tags":{},"crosswalk_samples":[],"approach_ids":[],"demo_editable":false,"feature_type":"edge"}},{"type":"Feature","geometry":{"type":"LineString","coordinates":[[126.9294811,37.3926548],[126.9290955,37.3931091]]},"properties":{"edge_id":"OSM_E_379904083_dc03a3564a","from_node":"OSM_N457321553","to_node":"OSM_N3832542018","osm_u":"457321553","osm_v":"3832542018","osm_key":"0","osm_way_ids":[379904083],"name":"현충로12번길","length":60.929,"stairs":false,"slope":null,"width":null,"curb_height":null,"surface":"unknown","elevator_required":false,"elevator_status":null,"blocked":false,"block_reason":null,"wheelchair_accessible":null,"accessibility_status":"unknown","source":"osm","accessibility_source":"osm_tags","confidence":0.7,"verified":false,"updated_at":null,"highway":["residential"],"raw_accessibility_tags":{},"crosswalk_samples":[],"approach_ids":[],"demo_editable":false,"feature_type":"edge"}},{"type":"Feature","geometry":{"type":"LineString","coordinates":[[126.931454,37.3902799],[126.931111,37.3906935]]},"properties":{"edge_id":"OSM_E_379904048_3f98fa5e74","from_node":"OSM_N457321554","to_node":"OSM_N3832541741","osm_u":"457321554","osm_v":"3832541741","osm_key":"0","osm_way_ids":[379904048],"name":"수리산로55번길","length":55.076,"stairs":false,"slope":null,"width":null,"curb_height":null,"surface":"unknown","elevator_required":false,"elevator_status":null,"blocked":false,"block_reason":null,"wheelchair_accessible":null,"accessibility_status":"unknown","source":"osm","accessibility_source":"osm_tags","confidence":0.7,"verified":false,"updated_at":null,"highway":["residential"],"raw_accessibility_tags":{},"crosswalk_samples":[],"approach_ids":[],"demo_editable":false,"feature_type":"edge"}},{"type":"Feature","geometry":{"type":"LineString","coordinates":[[126.9288835,37.3909177],[126.9280608,37.391893]]},"properties":{"edge_id":"OSM_E_38608981_00704d217f","from_node":"OSM_N457321601","to_node":"OSM_N3832541735","osm_u":"457321601","osm_v":"3832541735","osm_key":"0","osm_way_ids":[38608981],"name":"소곡로26번길","length":130.552,"stairs":false,"slope":null,"width":null,"curb_height":null,"surface":"unknown","elevator_required":false,"elevator_status":null,"blocked":false,"block_reason":null,"wheelchair_accessible":null,"accessibility_status":"unknown","source":"osm","accessibility_source":"osm_tags","confidence":0.7,"verified":false,"updated_at":null,"highway":["residential"],"raw_accessibility_tags":{},"crosswalk_samples":[],"approach_ids":[],"demo_editable":false,"feature_type":"edge"}},{"type":"Feature","geometry":{"type":"LineString","coordinates":[[126.9288835,37.3909177],[126.9294584,37.3911962]]},"properties":{"edge_id":"OSM_E_38609212_3ec02c3637","from_node":"OSM_N457321601","to_node":"OSM_N3832541736","osm_u":"457321601","osm_v":"3832541736","osm_key":"0","osm_way_ids":[38609212],"name":"소곡로","length":59.486,"stairs":false,"slope":null,"width":null,"curb_height":null,"surface":"unknown","elevator_required":false,"elevator_status":null,"blocked":false,"block_reason":null,"wheelchair_accessible":null,"accessibility_status":"unknown","source":"osm","accessibility_source":"osm_tags","confidence":0.7,"verified":false,"updated_at":null,"highway":["tertiary"],"raw_accessibility_tags":{},"crosswalk_samples":[],"approach_ids":[],"demo_editable":false,"feature_type":"edge"}},{"type":"Feature","geometry":{"type":"LineString","coordinates":[[126.9239527,37.3957781],[126.9245666,37.3961067]]},"properties":{"edge_id":"OSM_E_38609253_e2d86b37f3","from_node":"OSM_N457321798","to_node":"OSM_N457321799","osm_u":"457321798","osm_v":"457321799","osm_key":"0","osm_way_ids":[38609253],"name":"안양로258번길","length":65.392,"stairs":false,"slope":null,"width":null,"curb_height":null,"surface":"unknown","elevator_required":false,"elevator_status":null,"blocked":false,"block_reason":null,"wheelchair_accessible":null,"accessibility_status":"unknown","source":"osm","accessibility_source":"osm_tags","confidence":0.7,"verified":false,"updated_at":null,"highway":["residential"],"raw_accessibility_tags":{},"crosswalk_samples":["CW18"],"approach_ids":["CW18-A","CW18-B"],"demo_editable":false,"feature_type":"edge"}},{"type":"Feature","geometry":{"type":"LineString","coordinates":[[126.9239527,37.3957781],[126.9245579,37.3950445]]},"properties":{"edge_id":"OSM_E_38609408_86a52fcf94","from_node":"OSM_N457321798","to_node":"OSM_N3833822413","osm_u":"457321798","osm_v":"3833822413","osm_key":"0","osm_way_ids":[38609408],"name":"안양로","length":97.532,"stairs":false,"slope":null,"width":null,"curb_height":null,"surface":"unknown","elevator_required":false,"elevator_status":null,"blocked":false,"block_reason":null,"wheelchair_accessible":null,"accessibility_status":"unknown","source":"osm","accessibility_source":"osm_tags","confidence":0.7,"verified":false,"updated_at":null,"highway":["tertiary"],"raw_accessibility_tags":{},"crosswalk_samples":["CW19"],"approach_ids":["CW19-A","CW19-B"],"demo_editable":false,"feature_type":"edge"}},{"type":"Feature","geometry":{"type":"LineString","coordinates":[[126.9239527,37.3957781],[126.9232531,37.3954063]]},"properties":{"edge_id":"OSM_E_82909600_aff0a66896","from_node":"OSM_N457321798","to_node":"OSM_N964927187","osm_u":"457321798","osm_v":"964927187","osm_key":"0","osm_way_ids":[82909600],"name":"안양로257번길","length":74.356,"stairs":false,"slope":null,"width":null,"curb_height":null,"surface":"unknown","elevator_required":false,"elevator_status":null,"blocked":false,"block_reason":null,"wheelchair_accessible":null,"accessibility_status":"unknown","source":"osm","accessibility_source":"osm_tags","confidence":0.7,"verified":false,"updated_at":null,"highway":["residential"],"raw_accessibility_tags":{},"crosswalk_samples":[],"approach_ids":[],"demo_editable":false,"feature_type":"edge"}},{"type":"Feature","geometry":{"type":"LineString","coordinates":[[126.9239527,37.3957781],[126.9237404,37.396034],[126.9236105,37.3961905]]},"properties":{"edge_id":"OSM_E_38609408_bcd6e4b0ab","from_node":"OSM_N457321798","to_node":"OSM_N3833822416","osm_u":"457321798","osm_v":"3833822416","osm_key":"0","osm_way_ids":[38609408],"name":"안양로","length":54.924,"stairs":false,"slope":null,"width":null,"curb_height":null,"surface":"unknown","elevator_required":false,"elevator_status":null,"blocked":false,"block_reason":null,"wheelchair_accessible":null,"accessibility_status":"unknown","source":"osm","accessibility_source":"osm_tags","confidence":0.7,"verified":false,"updated_at":null,"highway":["tertiary"],"raw_accessibility_tags":{},"crosswalk_samples":[],"approach_ids":[],"demo_editable":false,"feature_type":"edge"}},{"type":"Feature","geometry":{"type":"LineString","coordinates":[[126.9245666,37.3961067],[126.9249764,37.3963196]]},"properties":{"edge_id":"OSM_E_38609253_d679095511","from_node":"OSM_N457321799","to_node":"OSM_N3834106178","osm_u":"457321799","osm_v":"3834106178","osm_key":"0","osm_way_ids":[38609253],"name":"안양로258번길","length":43.255,"stairs":false,"slope":null,"width":null,"curb_height":null,"surface":"unknown","elevator_required":false,"elevator_status":null,"blocked":false,"block_reason":null,"wheelchair_accessible":null,"accessibility_status":"unknown","source":"osm","accessibility_source":"osm_tags","confidence":0.7,"verified":false,"updated_at":null,"highway":["residential"],"raw_accessibility_tags":{},"crosswalk_samples":[],"approach_ids":[],"demo_editable":false,"feature_type":"edge"}},{"type":"Feature","geometry":{"type":"LineString","coordinates":[[126.9245666,37.3961067],[126.9251636,37.3953758]]},"properties":{"edge_id":"OSM_E_379904080_f4fc2a050c","from_node":"OSM_N457321799","to_node":"OSM_N3834106171","osm_u":"457321799","osm_v":"3834106171","osm_key":"0","osm_way_ids":[379904080],"name":"장내로140번길","length":96.885,"stairs":false,"slope":null,"width":null,"curb_height":null,"surface":"unknown","elevator_required":false,"elevator_status":null,"blocked":false,"block_reason":null,"wheelchair_accessible":null,"accessibility_status":"unknown","source":"osm","accessibility_source":"osm_tags","confidence":0.7,"verified":false,"updated_at":null,"highway":["residential"],"raw_accessibility_tags":{},"crosswalk_samples":[],"approach_ids":[],"demo_editable":false,"feature_type":"edge"}},{"type":"Feature","geometry":{"type":"LineString","coordinates":[[126.9245666,37.3961067],[126.9241871,37.3965494]]},"properties":{"edge_id":"OSM_E_379904080_4b0b93b48f","from_node":"OSM_N457321799","to_node":"OSM_N3834106181","osm_u":"457321799","osm_v":"3834106181","osm_key":"0","osm_way_ids":[379904080],"name":"장내로140번길","length":59.558,"stairs":false,"slope":null,"width":null,"curb_height":null,"surface":"unknown","elevator_required":false,"elevator_status":null,"blocked":false,"block_reason":null,"wheelchair_accessible":null,"accessibility_status":"unknown","source":"osm","accessibility_source":"osm_tags","confidence":0.7,"verified":false,"updated_at":null,"highway":["residential"],"raw_accessibility_tags":{},"crosswalk_samples":[],"approach_ids":[],"demo_editable":false,"feature_type":"edge"}},{"type":"Feature","geometry":{"type":"LineString","coordinates":[[126.926371,37.3970611],[126.9255523,37.3978599]]},"properties":{"edge_id":"OSM_E_318729248_045ce77b13","from_node":"OSM_N457321802","to_node":"OSM_N3834106186","osm_u":"457321802","osm_v":"3834106186","osm_key":"0","osm_way_ids":[318729248],"name":"만안로","length":114.542,"stairs":false,"slope":null,"width":null,"curb_height":null,"surface":"unknown","elevator_required":false,"elevator_status":null,"blocked":false,"block_reason":null,"wheelchair_accessible":null,"accessibility_status":"unknown","source":"osm","accessibility_source":"osm_tags","confidence":0.7,"verified":false,"updated_at":null,"highway":["tertiary"],"raw_accessibility_tags":{},"crosswalk_samples":[],"approach_ids":[],"demo_editable":false,"feature_type":"edge"}},{"type":"Feature","geometry":{"type":"LineString","coordinates":[[126.926371,37.3970611],[126.9271295,37.3964098]]},"properties":{"edge_id":"OSM_E_318729248_b9f7c3b029","from_node":"OSM_N457321802","to_node":"OSM_N3834106173","osm_u":"457321802","osm_v":"3834106173","osm_key":"0","osm_way_ids":[318729248],"name":"만안로","length":98.664,"stairs":false,"slope":null,"width":null,"curb_height":null,"surface":"unknown","elevator_required":false,"elevator_status":null,"blocked":false,"block_reason":null,"wheelchair_accessible":null,"accessibility_status":"unknown","source":"osm","accessibility_source":"osm_tags","confidence":0.7,"verified":false,"updated_at":null,"highway":["tertiary"],"raw_accessibility_tags":{},"crosswalk_samples":[],"approach_ids":[],"demo_editable":false,"feature_type":"edge"}},{"type":"Feature","geometry":{"type":"LineString","coordinates":[[126.9180329,37.3950823],[126.9185004,37.3953321]]},"properties":{"edge_id":"OSM_E_863717799_e02094f217","from_node":"OSM_N457321810","to_node":"OSM_N3833822392","osm_u":"457321810","osm_v":"3833822392","osm_key":"0","osm_way_ids":[863717799],"name":"장내로","length":49.771,"stairs":false,"slope":null,"width":null,"curb_height":null,"surface":"unknown","elevator_required":false,"elevator_status":null,"blocked":false,"block_reason":null,"wheelchair_accessible":null,"accessibility_status":"unknown","source":"osm","accessibility_source":"osm_tags","confidence":0.7,"verified":false,"updated_at":null,"highway":["tertiary"],"raw_accessibility_tags":{},"crosswalk_samples":[],"approach_ids":[],"demo_editable":false,"feature_type":"edge"}},{"type":"Feature","geometry":{"type":"LineString","coordinates":[[126.9180329,37.3950823],[126.9182705,37.3948329],[126.9184697,37.3946973]]},"properties":{"edge_id":"OSM_E_38609292_00d0421666","from_node":"OSM_N457321810","to_node":"OSM_N3833822391","osm_u":"457321810","osm_v":"3833822391","osm_key":"0","osm_way_ids":[38609292],"name":"삼덕로","length":57.954,"stairs":false,"slope":null,"width":null,"curb_height":null,"surface":"unknown","elevator_required":false,"elevator_status":null,"blocked":false,"block_reason":null,"wheelchair_accessible":null,"accessibility_status":"unknown","source":"osm","accessibility_source":"osm_tags","confidence":0.7,"verified":false,"updated_at":null,"highway":["tertiary"],"raw_accessibility_tags":{},"crosswalk_samples":[],"approach_ids":[],"demo_editable":false,"feature_type":"edge"}},{"type":"Feature","geometry":{"type":"LineString","coordinates":[[126.9203324,37.3962937],[126.9206787,37.3958674]]},"properties":{"edge_id":"OSM_E_38609097_eaa60c85ce","from_node":"OSM_N457321898","to_node":"OSM_N3833822390","osm_u":"457321898","osm_v":"3833822390","osm_key":"0","osm_way_ids":[38609097],"name":"냉천로","length":56.417,"stairs":false,"slope":null,"width":null,"curb_height":null,"surface":"unknown","elevator_required":false,"elevator_status":null,"blocked":false,"block_reason":null,"wheelchair_accessible":null,"accessibility_status":"unknown","source":"osm","accessibility_source":"osm_tags","confidence":0.7,"verified":false,"updated_at":null,"highway":["tertiary"],"raw_accessibility_tags":{},"crosswalk_samples":[],"approach_ids":[],"demo_editable":false,"feature_type":"edge"}},{"type":"Feature","geometry":{"type":"LineString","coordinates":[[126.9203324,37.3962937],[126.9200287,37.3966409]]},"properties":{"edge_id":"OSM_E_814338816_93346b0454","from_node":"OSM_N457321898","to_node":"OSM_N3834216016","osm_u":"457321898","osm_v":"3834216016","osm_key":"0","osm_way_ids":[814338816],"name":"냉천로","length":47.014,"stairs":false,"slope":null,"width":null,"curb_height":null,"surface":"unknown","elevator_required":false,"elevator_status":null,"blocked":false,"block_reason":null,"wheelchair_accessible":null,"accessibility_status":"unknown","source":"osm","accessibility_source":"osm_tags","confidence":0.7,"verified":false,"updated_at":null,"highway":["tertiary"],"raw_accessibility_tags":{},"crosswalk_samples":[],"approach_ids":[],"demo_editable":false,"feature_type":"edge"}},{"type":"Feature","geometry":{"type":"LineString","coordinates":[[126.9203324,37.3962937],[126.9212618,37.3967808]]},"properties":{"edge_id":"OSM_E_863717799_142610fbb7","from_node":"OSM_N457321898","to_node":"OSM_N964926690","osm_u":"457321898","osm_v":"964926690","osm_key":"0","osm_way_ids":[863717799],"name":"장내로","length":98.359,"stairs":false,"slope":null,"width":null,"curb_height":null,"surface":"unknown","elevator_required":false,"elevator_status":null,"blocked":false,"block_reason":null,"wheelchair_accessible":null,"accessibility_status":"unknown","source":"osm","accessibility_source":"osm_tags","confidence":0.7,"verified":false,"updated_at":null,"highway":["tertiary"],"raw_accessibility_tags":{},"crosswalk_samples":[],"approach_ids":[],"demo_editable":false,"feature_type":"edge"}},{"type":"Feature","geometry":{"type":"LineString","coordinates":[[126.9203324,37.3962937],[126.9193426,37.3957763]]},"properties":{"edge_id":"OSM_E_863717799_b143cc8e92","from_node":"OSM_N457321898","to_node":"OSM_N3833822403","osm_u":"457321898","osm_v":"3833822403","osm_key":"0","osm_way_ids":[863717799],"name":"장내로","length":104.668,"stairs":false,"slope":null,"width":null,"curb_height":null,"surface":"unknown","elevator_required":false,"elevator_status":null,"blocked":false,"block_reason":null,"wheelchair_accessible":null,"accessibility_status":"unknown","source":"osm","accessibility_source":"osm_tags","confidence":0.7,"verified":false,"updated_at":null,"highway":["tertiary"],"raw_accessibility_tags":{},"crosswalk_samples":[],"approach_ids":[],"demo_editable":false,"feature_type":"edge"}},{"type":"Feature","geometry":{"type":"LineString","coordinates":[[126.9180288,37.3990419],[126.9183771,37.3986291]]},"properties":{"edge_id":"OSM_E_814338815_d50218b4bf","from_node":"OSM_N457321910","to_node":"OSM_N457323821","osm_u":"457321910","osm_v":"457323821","osm_key":"0","osm_way_ids":[814338815],"name":"냉천로","length":55.259,"stairs":false,"slope":null,"width":null,"curb_height":null,"surface":"unknown","elevator_required":false,"elevator_status":null,"blocked":false,"block_reason":null,"wheelchair_accessible":null,"accessibility_status":"unknown","source":"osm","accessibility_source":"osm_tags","confidence":0.7,"verified":false,"updated_at":null,"highway":["tertiary"],"raw_accessibility_tags":{},"crosswalk_samples":[],"approach_ids":[],"demo_editable":false,"feature_type":"edge"}},{"type":"Feature","geometry":{"type":"LineString","coordinates":[[126.9180288,37.3990419],[126.9186657,37.3993271],[126.9190267,37.3995464],[126.9193984,37.3998281],[126.9200666,37.4003996]]},"properties":{"edge_id":"OSM_E_380184680_343701c1df","from_node":"OSM_N457321910","to_node":"OSM_N3835239886","osm_u":"457321910","osm_v":"3835239886","osm_key":"0","osm_way_ids":[380184680],"name":"안양로319번길","length":236.838,"stairs":false,"slope":null,"width":null,"curb_height":null,"surface":"unknown","elevator_required":false,"elevator_status":null,"blocked":false,"block_reason":null,"wheelchair_accessible":null,"accessibility_status":"unknown","source":"osm","accessibility_source":"osm_tags","confidence":0.7,"verified":false,"updated_at":null,"highway":["residential"],"raw_accessibility_tags":{},"crosswalk_samples":[],"approach_ids":[],"demo_editable":false,"feature_type":"edge"}},{"type":"Feature","geometry":{"type":"LineString","coordinates":[[126.9180288,37.3990419],[126.9179415,37.3991588],[126.9177909,37.3993426],[126.9177286,37.3994183]]},"properties":{"edge_id":"OSM_E_499414489-499414490-810367557_999add9fc5","from_node":"OSM_N457321910","to_node":"OSM_N3835239873","osm_u":"457321910","osm_v":"3835239873","osm_key":"0","osm_way_ids":[499414489,499414490,810367557],"name":"양화로72번길","length":49.557,"stairs":false,"slope":null,"width":null,"curb_height":null,"surface":"unknown","elevator_required":false,"elevator_status":null,"blocked":false,"block_reason":null,"wheelchair_accessible":null,"accessibility_status":"unknown","source":"osm","accessibility_source":"osm_tags","confidence":0.7,"verified":false,"updated_at":null,"highway":["residential"],"raw_accessibility_tags":{},"crosswalk_samples":[],"approach_ids":[],"demo_editable":false,"feature_type":"edge"}},{"type":"Feature","geometry":{"type":"LineString","coordinates":[[126.9200689,37.4037811],[126.9195756,37.4035196]]},"properties":{"edge_id":"OSM_E_915477945_e42578c6c3","from_node":"OSM_N457323362","to_node":"OSM_N13168924057","osm_u":"457323362","osm_v":"13168924057","osm_key":"0","osm_way_ids":[915477945],"name":"박달로","length":52.385,"stairs":false,"slope":null,"width":null,"curb_height":null,"surface":"unknown","elevator_required":false,"elevator_status":null,"blocked":false,"block_reason":null,"wheelchair_accessible":null,"accessibility_status":"unknown","source":"osm","accessibility_source":"osm_tags","confidence":0.7,"verified":false,"updated_at":null,"highway":["tertiary"],"raw_accessibility_tags":{},"crosswalk_samples":[],"approach_ids":[],"demo_editable":false,"feature_type":"edge"}},{"type":"Feature","geometry":{"type":"LineString","coordinates":[[126.9200689,37.4037811],[126.9202525,37.4035646],[126.9206307,37.4031188]]},"properties":{"edge_id":"OSM_E_915477947_2499a5a0fa","from_node":"OSM_N457323362","to_node":"OSM_N3835239902","osm_u":"457323362","osm_v":"3835239902","osm_key":"0","osm_way_ids":[915477947],"name":"만안로","length":88.804,"stairs":false,"slope":null,"width":null,"curb_height":null,"surface":"unknown","elevator_required":false,"elevator_status":null,"blocked":false,"block_reason":null,"wheelchair_accessible":null,"accessibility_status":"unknown","source":"osm","accessibility_source":"osm_tags","confidence":0.7,"verified":false,"updated_at":null,"highway":["tertiary"],"raw_accessibility_tags":{},"crosswalk_samples":[],"approach_ids":[],"demo_editable":false,"feature_type":"edge"}},{"type":"Feature","geometry":{"type":"LineString","coordinates":[[126.9180802,37.4028127],[126.9185183,37.4022797]]},"properties":{"edge_id":"OSM_E_915477950_12db9bf2d0","from_node":"OSM_N457323363","to_node":"OSM_N3835279855","osm_u":"457323363","osm_v":"3835279855","osm_key":"0","osm_way_ids":[915477950],"name":"안양로","length":70.782,"stairs":false,"slope":null,"width":null,"curb_height":null,"surface":"asphalt","elevator_required":false,"elevator_status":null,"blocked":false,"block_reason":null,"wheelchair_accessible":null,"accessibility_status":"unknown","source":"osm","accessibility_source":"osm_tags","confidence":0.7,"verified":false,"updated_at":null,"highway":["tertiary"],"raw_accessibility_tags":{},"crosswalk_samples":[],"approach_ids":[],"demo_editable":false,"feature_type":"edge"}},{"type":"Feature","geometry":{"type":"LineString","coordinates":[[126.9180802,37.4028127],[126.918356,37.4028741],[126.9187015,37.4030563]]},"properties":{"edge_id":"OSM_E_915477945_a964c69b73","from_node":"OSM_N457323363","to_node":"OSM_N3835280050","osm_u":"457323363","osm_v":"3835280050","osm_key":"0","osm_way_ids":[915477945],"name":"박달로","length":61.932,"stairs":false,"slope":null,"width":null,"curb_height":null,"surface":"unknown","elevator_required":false,"elevator_status":null,"blocked":false,"block_reason":null,"wheelchair_accessible":null,"accessibility_status":"unknown","source":"osm","accessibility_source":"osm_tags","confidence":0.7,"verified":false,"updated_at":null,"highway":["tertiary"],"raw_accessibility_tags":{},"crosswalk_samples":[],"approach_ids":[],"demo_editable":false,"feature_type":"edge"}},{"type":"Feature","geometry":{"type":"LineString","coordinates":[[126.9183771,37.3986291],[126.9192098,37.3992315]]},"properties":{"edge_id":"OSM_E_38609547_97edfbd93f","from_node":"OSM_N457323821","to_node":"OSM_N3834216022","osm_u":"457323821","osm_v":"3834216022","osm_key":"0","osm_way_ids":[38609547],"name":"병목안로","length":99.487,"stairs":false,"slope":null,"width":null,"curb_height":null,"surface":"unknown","elevator_required":false,"elevator_status":null,"blocked":false,"block_reason":null,"wheelchair_accessible":null,"accessibility_status":"unknown","source":"osm","accessibility_source":"osm_tags","confidence":0.7,"verified":false,"updated_at":null,"highway":["tertiary"],"raw_accessibility_tags":{},"crosswalk_samples":[],"approach_ids":[],"demo_editable":false,"feature_type":"edge"}},{"type":"Feature","geometry":{"type":"LineString","coordinates":[[126.9183771,37.3986291],[126.9188453,37.3980597]]},"properties":{"edge_id":"OSM_E_814338816_d71b823ada","from_node":"OSM_N457323821","to_node":"OSM_N3834216021","osm_u":"457323821","osm_v":"3834216021","osm_key":"0","osm_way_ids":[814338816],"name":"냉천로","length":75.626,"stairs":false,"slope":null,"width":null,"curb_height":null,"surface":"unknown","elevator_required":false,"elevator_status":null,"blocked":false,"block_reason":null,"wheelchair_accessible":null,"accessibility_status":"unknown","source":"osm","accessibility_source":"osm_tags","confidence":0.7,"verified":false,"updated_at":null,"highway":["tertiary"],"raw_accessibility_tags":{},"crosswalk_samples":[],"approach_ids":[],"demo_editable":false,"feature_type":"edge"}},{"type":"Feature","geometry":{"type":"LineString","coordinates":[[126.9241707,37.3900653],[126.9239783,37.3901187],[126.9236195,37.3901496],[126.9232615,37.3902378],[126.9229943,37.3902558],[126.9226036,37.3902138],[126.9223286,37.3901596],[126.921728,37.3899637],[126.9215448,37.3899404],[126.9209264,37.3898703],[126.9202794,37.3897894]]},"properties":{"edge_id":"OSM_E_82908648_dd41f861af","from_node":"OSM_N964926008","to_node":"OSM_N3250697886","osm_u":"964926008","osm_v":"3250697886","osm_key":"0","osm_way_ids":[82908648],"name":"현충로","length":353.358,"stairs":false,"slope":null,"width":null,"curb_height":null,"surface":"unknown","elevator_required":false,"elevator_status":null,"blocked":false,"block_reason":null,"wheelchair_accessible":null,"accessibility_status":"unknown","source":"osm","accessibility_source":"osm_tags","confidence":0.7,"verified":false,"updated_at":null,"highway":["service"],"raw_accessibility_tags":{},"crosswalk_samples":["CW30"],"approach_ids":["CW30-A","CW30-B"],"demo_editable":false,"feature_type":"edge"}},{"type":"Feature","geometry":{"type":"LineString","coordinates":[[126.9241707,37.3900653],[126.9240775,37.3898871],[126.9239894,37.3894543]]},"properties":{"edge_id":"OSM_E_814055254_79ab7e0305","from_node":"OSM_N964926008","to_node":"OSM_N964926010","osm_u":"964926008","osm_v":"964926010","osm_key":"0","osm_way_ids":[814055254],"name":"소곡로","length":70.208,"stairs":false,"slope":null,"width":null,"curb_height":null,"surface":"unknown","elevator_required":false,"elevator_status":null,"blocked":false,"block_reason":null,"wheelchair_accessible":null,"accessibility_status":"unknown","source":"osm","accessibility_source":"osm_tags","confidence":0.7,"verified":false,"updated_at":null,"highway":["residential"],"raw_accessibility_tags":{},"crosswalk_samples":[],"approach_ids":[],"demo_editable":false,"feature_type":"edge"}},{"type":"Feature","geometry":{"type":"LineString","coordinates":[[126.9239894,37.3894543],[126.9244218,37.3890998],[126.924681,37.3888598]]},"properties":{"edge_id":"OSM_E_635933054_acccb33611","from_node":"OSM_N964926010","to_node":"OSM_N8603159952","osm_u":"964926010","osm_v":"8603159952","osm_key":"0","osm_way_ids":[635933054],"name":"OSM 보행 구간","length":90.058,"stairs":false,"slope":null,"width":null,"curb_height":null,"surface":"unknown","elevator_required":false,"elevator_status":null,"blocked":false,"block_reason":null,"wheelchair_accessible":null,"accessibility_status":"unknown","source":"osm","accessibility_source":"osm_tags","confidence":0.7,"verified":false,"updated_at":null,"highway":["residential"],"raw_accessibility_tags":{},"crosswalk_samples":[],"approach_ids":[],"demo_editable":false,"feature_type":"edge"}},{"type":"Feature","geometry":{"type":"LineString","coordinates":[[126.9239894,37.3894543],[126.9239013,37.389342],[126.92371,37.3891297],[126.9234644,37.3889129],[126.9232088,37.3887299],[126.9230454,37.3885264]]},"properties":{"edge_id":"OSM_E_814055254_472f20a0dd","from_node":"OSM_N964926010","to_node":"OSM_N8603159950","osm_u":"964926010","osm_v":"8603159950","osm_key":"0","osm_way_ids":[814055254],"name":"소곡로","length":133.42,"stairs":false,"slope":null,"width":null,"curb_height":null,"surface":"unknown","elevator_required":false,"elevator_status":null,"blocked":false,"block_reason":null,"wheelchair_accessible":null,"accessibility_status":"unknown","source":"osm","accessibility_source":"osm_tags","confidence":0.7,"verified":false,"updated_at":null,"highway":["residential"],"raw_accessibility_tags":{},"crosswalk_samples":[],"approach_ids":[],"demo_editable":false,"feature_type":"edge"}},{"type":"Feature","geometry":{"type":"LineString","coordinates":[[126.9212618,37.3967808],[126.9207179,37.3974382]]},"properties":{"edge_id":"OSM_E_380073438_9040e4bb65","from_node":"OSM_N964926690","to_node":"OSM_N3834216019","osm_u":"964926690","osm_v":"3834216019","osm_key":"0","osm_way_ids":[380073438],"name":"장내로119번길","length":87.476,"stairs":false,"slope":null,"width":null,"curb_height":null,"surface":"unknown","elevator_required":false,"elevator_status":null,"blocked":false,"block_reason":null,"wheelchair_accessible":null,"accessibility_status":"unknown","source":"osm","accessibility_source":"osm_tags","confidence":0.7,"verified":false,"updated_at":null,"highway":["residential"],"raw_accessibility_tags":{},"crosswalk_samples":[],"approach_ids":[],"demo_editable":false,"feature_type":"edge"}},{"type":"Feature","geometry":{"type":"LineString","coordinates":[[126.9212618,37.3967808],[126.9218088,37.397087]]},"properties":{"edge_id":"OSM_E_863717799_38130d501d","from_node":"OSM_N964926690","to_node":"OSM_N3834216026","osm_u":"964926690","osm_v":"3834216026","osm_key":"0","osm_way_ids":[863717799],"name":"장내로","length":59.112,"stairs":false,"slope":null,"width":null,"curb_height":null,"surface":"unknown","elevator_required":false,"elevator_status":null,"blocked":false,"block_reason":null,"wheelchair_accessible":null,"accessibility_status":"unknown","source":"osm","accessibility_source":"osm_tags","confidence":0.7,"verified":false,"updated_at":null,"highway":["tertiary"],"raw_accessibility_tags":{},"crosswalk_samples":[],"approach_ids":[],"demo_editable":false,"feature_type":"edge"}},{"type":"Feature","geometry":{"type":"LineString","coordinates":[[126.9212618,37.3967808],[126.9215479,37.3964354],[126.9217844,37.3961465]]},"properties":{"edge_id":"OSM_E_82909489_f6a62d6ed5","from_node":"OSM_N964926690","to_node":"OSM_N3833822419","osm_u":"964926690","osm_v":"3833822419","osm_key":"0","osm_way_ids":[82909489],"name":"장내로120번길","length":84.297,"stairs":false,"slope":null,"width":null,"curb_height":null,"surface":"unknown","elevator_required":false,"elevator_status":null,"blocked":false,"block_reason":null,"wheelchair_accessible":null,"accessibility_status":"unknown","source":"osm","accessibility_source":"osm_tags","confidence":0.7,"verified":false,"updated_at":null,"highway":["residential"],"raw_accessibility_tags":{},"crosswalk_samples":[],"approach_ids":[],"demo_editable":false,"feature_type":"edge"}},{"type":"Feature","geometry":{"type":"LineString","coordinates":[[126.9226575,37.3950955],[126.9229802,37.3947189]]},"properties":{"edge_id":"OSM_E_82909489_4d98ff8cd2","from_node":"OSM_N964926876","to_node":"OSM_N3833822415","osm_u":"964926876","osm_v":"3833822415","osm_key":"0","osm_way_ids":[82909489],"name":"장내로120번길","length":50.659,"stairs":false,"slope":null,"width":null,"curb_height":null,"surface":"unknown","elevator_required":false,"elevator_status":null,"blocked":false,"block_reason":null,"wheelchair_accessible":null,"accessibility_status":"unknown","source":"osm","accessibility_source":"osm_tags","confidence":0.7,"verified":false,"updated_at":null,"highway":["residential"],"raw_accessibility_tags":{},"crosswalk_samples":[],"approach_ids":[],"demo_editable":false,"feature_type":"edge"}},{"type":"Feature","geometry":{"type":"LineString","coordinates":[[126.9226575,37.3950955],[126.9223216,37.3954977]]},"properties":{"edge_id":"OSM_E_82909489_b4282e6d59","from_node":"OSM_N964926876","to_node":"OSM_N3833822417","osm_u":"964926876","osm_v":"3833822417","osm_key":"0","osm_way_ids":[82909489],"name":"장내로120번길","length":53.672,"stairs":false,"slope":null,"width":null,"curb_height":null,"surface":"unknown","elevator_required":false,"elevator_status":null,"blocked":false,"block_reason":null,"wheelchair_accessible":null,"accessibility_status":"unknown","source":"osm","accessibility_source":"osm_tags","confidence":0.7,"verified":false,"updated_at":null,"highway":["residential"],"raw_accessibility_tags":{},"crosswalk_samples":[],"approach_ids":[],"demo_editable":false,"feature_type":"edge"}},{"type":"Feature","geometry":{"type":"LineString","coordinates":[[126.9226575,37.3950955],[126.92173,37.3946037]]},"properties":{"edge_id":"OSM_E_82909600_1068c47386","from_node":"OSM_N964926876","to_node":"OSM_N964926971","osm_u":"964926876","osm_v":"964926971","osm_key":"0","osm_way_ids":[82909600],"name":"안양로257번길","length":98.509,"stairs":false,"slope":null,"width":null,"curb_height":null,"surface":"unknown","elevator_required":false,"elevator_status":null,"blocked":false,"block_reason":null,"wheelchair_accessible":null,"accessibility_status":"unknown","source":"osm","accessibility_source":"osm_tags","confidence":0.7,"verified":false,"updated_at":null,"highway":["residential"],"raw_accessibility_tags":{},"crosswalk_samples":[],"approach_ids":[],"demo_editable":false,"feature_type":"edge"}},{"type":"Feature","geometry":{"type":"LineString","coordinates":[[126.9226575,37.3950955],[126.9232531,37.3954063]]},"properties":{"edge_id":"OSM_E_82909600_dbb83f9502","from_node":"OSM_N964926876","to_node":"OSM_N964927187","osm_u":"964926876","osm_v":"964927187","osm_key":"0","osm_way_ids":[82909600],"name":"안양로257번길","length":62.95,"stairs":false,"slope":null,"width":null,"curb_height":null,"surface":"unknown","elevator_required":false,"elevator_status":null,"blocked":false,"block_reason":null,"wheelchair_accessible":null,"accessibility_status":"unknown","source":"osm","accessibility_source":"osm_tags","confidence":0.7,"verified":false,"updated_at":null,"highway":["residential"],"raw_accessibility_tags":{},"crosswalk_samples":[],"approach_ids":[],"demo_editable":false,"feature_type":"edge"}},{"type":"Feature","geometry":{"type":"LineString","coordinates":[[126.9239894,37.3934846],[126.9245831,37.3938064]]},"properties":{"edge_id":"OSM_E_38609292_c6b3245ae4","from_node":"OSM_N964926878","to_node":"OSM_N964927260","osm_u":"964926878","osm_v":"964927260","osm_key":"0","osm_way_ids":[38609292],"name":"삼덕로","length":63.492,"stairs":false,"slope":null,"width":null,"curb_height":null,"surface":"unknown","elevator_required":false,"elevator_status":null,"blocked":false,"block_reason":null,"wheelchair_accessible":null,"accessibility_status":"unknown","source":"osm","accessibility_source":"osm_tags","confidence":0.7,"verified":false,"updated_at":null,"highway":["tertiary"],"raw_accessibility_tags":{},"crosswalk_samples":[],"approach_ids":[],"demo_editable":false,"feature_type":"edge"}},{"type":"Feature","geometry":{"type":"LineString","coordinates":[[126.9239894,37.3934846],[126.9236038,37.3939556]]},"properties":{"edge_id":"OSM_E_82909489_9e7ad99699","from_node":"OSM_N964926878","to_node":"OSM_N3833822414","osm_u":"964926878","osm_v":"3833822414","osm_key":"0","osm_way_ids":[82909489],"name":"장내로120번길","length":62.477,"stairs":false,"slope":null,"width":null,"curb_height":null,"surface":"unknown","elevator_required":false,"elevator_status":null,"blocked":false,"block_reason":null,"wheelchair_accessible":null,"accessibility_status":"unknown","source":"osm","accessibility_source":"osm_tags","confidence":0.7,"verified":false,"updated_at":null,"highway":["residential"],"raw_accessibility_tags":{},"crosswalk_samples":[],"approach_ids":[],"demo_editable":false,"feature_type":"edge"}},{"type":"Feature","geometry":{"type":"LineString","coordinates":[[126.9239894,37.3934846],[126.9243795,37.3930313]]},"properties":{"edge_id":"OSM_E_82909769_30950bd6f6","from_node":"OSM_N964926878","to_node":"OSM_N3832541999","osm_u":"964926878","osm_v":"3832541999","osm_key":"0","osm_way_ids":[82909769],"name":"현충로48번길","length":61.06,"stairs":false,"slope":null,"width":null,"curb_height":null,"surface":"unknown","elevator_required":false,"elevator_status":null,"blocked":false,"block_reason":null,"wheelchair_accessible":null,"accessibility_status":"unknown","source":"osm","accessibility_source":"osm_tags","confidence":0.7,"verified":false,"updated_at":null,"highway":["residential"],"raw_accessibility_tags":{},"crosswalk_samples":[],"approach_ids":[],"demo_editable":false,"feature_type":"edge"}},{"type":"Feature","geometry":{"type":"LineString","coordinates":[[126.92173,37.3946037],[126.9213921,37.3950119]]},"properties":{"edge_id":"OSM_E_38609097_d79a3f04fb","from_node":"OSM_N964926971","to_node":"OSM_N3833822395","osm_u":"964926971","osm_v":"3833822395","osm_key":"0","osm_way_ids":[38609097],"name":"냉천로","length":54.326,"stairs":false,"slope":null,"width":null,"curb_height":null,"surface":"unknown","elevator_required":false,"elevator_status":null,"blocked":false,"block_reason":null,"wheelchair_accessible":null,"accessibility_status":"unknown","source":"osm","accessibility_source":"osm_tags","confidence":0.7,"verified":false,"updated_at":null,"highway":["tertiary"],"raw_accessibility_tags":{},"crosswalk_samples":[],"approach_ids":[],"demo_editable":false,"feature_type":"edge"}},{"type":"Feature","geometry":{"type":"LineString","coordinates":[[126.92173,37.3946037],[126.9220455,37.3942208]]},"properties":{"edge_id":"OSM_E_38609097_de92314e80","from_node":"OSM_N964926971","to_node":"OSM_N3833822397","osm_u":"964926971","osm_v":"3833822397","osm_key":"0","osm_way_ids":[38609097],"name":"냉천로","length":50.888,"stairs":false,"slope":null,"width":null,"curb_height":null,"surface":"unknown","elevator_required":false,"elevator_status":null,"blocked":false,"block_reason":null,"wheelchair_accessible":null,"accessibility_status":"unknown","source":"osm","accessibility_source":"osm_tags","confidence":0.7,"verified":false,"updated_at":null,"highway":["tertiary"],"raw_accessibility_tags":{},"crosswalk_samples":[],"approach_ids":[],"demo_editable":false,"feature_type":"edge"}},{"type":"Feature","geometry":{"type":"LineString","coordinates":[[126.92173,37.3946037],[126.9207493,37.3940874]]},"properties":{"edge_id":"OSM_E_380035886_7ccc400a6e","from_node":"OSM_N964926971","to_node":"OSM_N3833822406","osm_u":"964926971","osm_v":"3833822406","osm_key":"0","osm_way_ids":[380035886],"name":"냉천로157번길","length":103.932,"stairs":false,"slope":null,"width":null,"curb_height":null,"surface":"unknown","elevator_required":false,"elevator_status":null,"blocked":false,"block_reason":null,"wheelchair_accessible":null,"accessibility_status":"unknown","source":"osm","accessibility_source":"osm_tags","confidence":0.7,"verified":false,"updated_at":null,"highway":["residential"],"raw_accessibility_tags":{},"crosswalk_samples":[],"approach_ids":[],"demo_editable":false,"feature_type":"edge"}},{"type":"Feature","geometry":{"type":"LineString","coordinates":[[126.9232531,37.3954063],[126.9238519,37.3946701]]},"properties":{"edge_id":"OSM_E_82909653_6d08ece987","from_node":"OSM_N964927187","to_node":"OSM_N3833822410","osm_u":"964927187","osm_v":"3833822410","osm_key":"0","osm_way_ids":[82909653],"name":"삼덕로6번길","length":97.466,"stairs":false,"slope":null,"width":null,"curb_height":null,"surface":"unknown","elevator_required":false,"elevator_status":null,"blocked":false,"block_reason":null,"wheelchair_accessible":null,"accessibility_status":"unknown","source":"osm","accessibility_source":"osm_tags","confidence":0.7,"verified":false,"updated_at":null,"highway":["residential"],"raw_accessibility_tags":{},"crosswalk_samples":[],"approach_ids":[],"demo_editable":false,"feature_type":"edge"}},{"type":"Feature","geometry":{"type":"LineString","coordinates":[[126.9245831,37.3938064],[126.9238519,37.3946701]]},"properties":{"edge_id":"OSM_E_82909653_69d40a82a2","from_node":"OSM_N964927260","to_node":"OSM_N3833822410","osm_u":"964927260","osm_v":"3833822410","osm_key":"0","osm_way_ids":[82909653],"name":"삼덕로6번길","length":115.742,"stairs":false,"slope":null,"width":null,"curb_height":null,"surface":"unknown","elevator_required":false,"elevator_status":null,"blocked":false,"block_reason":null,"wheelchair_accessible":null,"accessibility_status":"unknown","source":"osm","accessibility_source":"osm_tags","confidence":0.7,"verified":false,"updated_at":null,"highway":["residential"],"raw_accessibility_tags":{},"crosswalk_samples":[],"approach_ids":[],"demo_editable":false,"feature_type":"edge"}},{"type":"Feature","geometry":{"type":"LineString","coordinates":[[126.9245831,37.3938064],[126.925309,37.392909]]},"properties":{"edge_id":"OSM_E_379904074_efe84b4a52","from_node":"OSM_N964927260","to_node":"OSM_N3832541995","osm_u":"964927260","osm_v":"3832541995","osm_key":"0","osm_way_ids":[379904074],"name":"현충로42번길","length":118.616,"stairs":false,"slope":null,"width":null,"curb_height":null,"surface":"unknown","elevator_required":false,"elevator_status":null,"blocked":false,"block_reason":null,"wheelchair_accessible":null,"accessibility_status":"unknown","source":"osm","accessibility_source":"osm_tags","confidence":0.7,"verified":false,"updated_at":null,"highway":["residential"],"raw_accessibility_tags":{},"crosswalk_samples":[],"approach_ids":[],"demo_editable":false,"feature_type":"edge"}},{"type":"Feature","geometry":{"type":"LineString","coordinates":[[126.9261683,37.3908932],[126.9259522,37.390781]]},"properties":{"edge_id":"OSM_E_38609193_b431ea2ef8","from_node":"OSM_N964927642","to_node":"OSM_N3832541734","osm_u":"964927642","osm_v":"3832541734","osm_key":"0","osm_way_ids":[38609193],"name":"현충로","length":22.807,"stairs":false,"slope":null,"width":null,"curb_height":null,"surface":"unknown","elevator_required":false,"elevator_status":null,"blocked":false,"block_reason":null,"wheelchair_accessible":null,"accessibility_status":"unknown","source":"osm","accessibility_source":"osm_tags","confidence":0.7,"verified":false,"updated_at":null,"highway":["tertiary"],"raw_accessibility_tags":{},"crosswalk_samples":[],"approach_ids":[],"demo_editable":false,"feature_type":"edge"}},{"type":"Feature","geometry":{"type":"LineString","coordinates":[[126.9261683,37.3908932],[126.9267411,37.3912154]]},"properties":{"edge_id":"OSM_E_38609193_287d084ab2","from_node":"OSM_N964927642","to_node":"OSM_N964927897","osm_u":"964927642","osm_v":"964927897","osm_key":"0","osm_way_ids":[38609193],"name":"현충로","length":62.003,"stairs":false,"slope":null,"width":null,"curb_height":null,"surface":"unknown","elevator_required":false,"elevator_status":null,"blocked":false,"block_reason":null,"wheelchair_accessible":null,"accessibility_status":"unknown","source":"osm","accessibility_source":"osm_tags","confidence":0.7,"verified":false,"updated_at":null,"highway":["tertiary"],"raw_accessibility_tags":{},"crosswalk_samples":[],"approach_ids":[],"demo_editable":false,"feature_type":"edge"}},{"type":"Feature","geometry":{"type":"LineString","coordinates":[[126.9261683,37.3908932],[126.9257926,37.3913383]]},"properties":{"edge_id":"OSM_E_82909769_78c6aa7bfe","from_node":"OSM_N964927642","to_node":"OSM_N3832542003","osm_u":"964927642","osm_v":"3832542003","osm_key":"0","osm_way_ids":[82909769],"name":"현충로48번길","length":59.592,"stairs":false,"slope":null,"width":null,"curb_height":null,"surface":"unknown","elevator_required":false,"elevator_status":null,"blocked":false,"block_reason":null,"wheelchair_accessible":null,"accessibility_status":"unknown","source":"osm","accessibility_source":"osm_tags","confidence":0.7,"verified":false,"updated_at":null,"highway":["residential"],"raw_accessibility_tags":{},"crosswalk_samples":[],"approach_ids":[],"demo_editable":false,"feature_type":"edge"}},{"type":"Feature","geometry":{"type":"LineString","coordinates":[[126.9267411,37.3912154],[126.9270469,37.3908271]]},"properties":{"edge_id":"OSM_E_82909813_a22c3cb4fb","from_node":"OSM_N964927897","to_node":"OSM_N3832541732","osm_u":"964927897","osm_v":"3832541732","osm_key":"0","osm_way_ids":[82909813],"name":"소곡로42번길","length":50.933,"stairs":false,"slope":null,"width":null,"curb_height":null,"surface":"unknown","elevator_required":false,"elevator_status":null,"blocked":false,"block_reason":null,"wheelchair_accessible":null,"accessibility_status":"unknown","source":"osm","accessibility_source":"osm_tags","confidence":0.7,"verified":false,"updated_at":null,"highway":["residential"],"raw_accessibility_tags":{},"crosswalk_samples":[],"approach_ids":[],"demo_editable":false,"feature_type":"edge"}},{"type":"Feature","geometry":{"type":"LineString","coordinates":[[126.9267411,37.3912154],[126.9263949,37.3916532]]},"properties":{"edge_id":"OSM_E_379904074_ae46466842","from_node":"OSM_N964927897","to_node":"OSM_N3832542004","osm_u":"964927897","osm_v":"3832542004","osm_key":"0","osm_way_ids":[379904074],"name":"현충로42번길","length":57.492,"stairs":false,"slope":null,"width":null,"curb_height":null,"surface":"unknown","elevator_required":false,"elevator_status":null,"blocked":false,"block_reason":null,"wheelchair_accessible":null,"accessibility_status":"unknown","source":"osm","accessibility_source":"osm_tags","confidence":0.7,"verified":false,"updated_at":null,"highway":["residential"],"raw_accessibility_tags":{},"crosswalk_samples":[],"approach_ids":[],"demo_editable":false,"feature_type":"edge"}},{"type":"Feature","geometry":{"type":"LineString","coordinates":[[126.927501,37.3902972],[126.9266245,37.3899592]]},"properties":{"edge_id":"OSM_E_38609212_2ad0d9392b","from_node":"OSM_N964927923","to_node":"OSM_N3832541733","osm_u":"964927923","osm_v":"3832541733","osm_key":"0","osm_way_ids":[38609212],"name":"소곡로","length":86.075,"stairs":false,"slope":null,"width":null,"curb_height":null,"surface":"unknown","elevator_required":false,"elevator_status":null,"blocked":false,"block_reason":null,"wheelchair_accessible":null,"accessibility_status":"unknown","source":"osm","accessibility_source":"osm_tags","confidence":0.7,"verified":false,"updated_at":null,"highway":["tertiary"],"raw_accessibility_tags":{},"crosswalk_samples":[],"approach_ids":[],"demo_editable":false,"feature_type":"edge"}},{"type":"Feature","geometry":{"type":"LineString","coordinates":[[126.927501,37.3902972],[126.9270469,37.3908271]]},"properties":{"edge_id":"OSM_E_82909813_3a289f7f84","from_node":"OSM_N964927923","to_node":"OSM_N3832541732","osm_u":"964927923","osm_v":"3832541732","osm_key":"0","osm_way_ids":[82909813],"name":"소곡로42번길","length":71.283,"stairs":false,"slope":null,"width":null,"curb_height":null,"surface":"unknown","elevator_required":false,"elevator_status":null,"blocked":false,"block_reason":null,"wheelchair_accessible":null,"accessibility_status":"unknown","source":"osm","accessibility_source":"osm_tags","confidence":0.7,"verified":false,"updated_at":null,"highway":["residential"],"raw_accessibility_tags":{},"crosswalk_samples":[],"approach_ids":[],"demo_editable":false,"feature_type":"edge"}},{"type":"Feature","geometry":{"type":"LineString","coordinates":[[126.924444,37.3989891],[126.92456,37.3990593]]},"properties":{"edge_id":"OSM_E_297281730_40fd087550","from_node":"OSM_N3011394585","to_node":"OSM_N9219105771","osm_u":"3011394585","osm_v":"9219105771","osm_key":"0","osm_way_ids":[297281730],"name":"OSM 보행 구간","length":12.881,"stairs":false,"slope":null,"width":null,"curb_height":null,"surface":"unknown","elevator_required":false,"elevator_status":null,"blocked":false,"block_reason":null,"wheelchair_accessible":null,"accessibility_status":"unknown","source":"osm","accessibility_source":"osm_tags","confidence":0.7,"verified":false,"updated_at":null,"highway":["footway"],"raw_accessibility_tags":{},"crosswalk_samples":[],"approach_ids":[],"demo_editable":false,"feature_type":"edge"}},{"type":"Feature","geometry":{"type":"LineString","coordinates":[[126.9247225,37.3990857],[126.9252453,37.3993909]]},"properties":{"edge_id":"OSM_E_297281732_29ac95e2c0","from_node":"OSM_N3011394587","to_node":"OSM_N3011394589","osm_u":"3011394587","osm_v":"3011394589","osm_key":"0","osm_way_ids":[297281732],"name":"OSM 보행 구간","length":57.31,"stairs":false,"slope":null,"width":null,"curb_height":null,"surface":"unknown","elevator_required":false,"elevator_status":null,"blocked":false,"block_reason":null,"wheelchair_accessible":null,"accessibility_status":"unknown","source":"osm","accessibility_source":"osm_tags","confidence":0.7,"verified":false,"updated_at":null,"highway":["footway"],"raw_accessibility_tags":{},"crosswalk_samples":[],"approach_ids":[],"demo_editable":false,"feature_type":"edge"}},{"type":"Feature","geometry":{"type":"LineString","coordinates":[[126.9247225,37.3990857],[126.92456,37.3990593]]},"properties":{"edge_id":"OSM_E_998470563_dcb262e228","from_node":"OSM_N3011394587","to_node":"OSM_N9219105771","osm_u":"3011394587","osm_v":"9219105771","osm_key":"0","osm_way_ids":[998470563],"name":"OSM 보행 구간","length":14.652,"stairs":false,"slope":null,"width":null,"curb_height":null,"surface":"unknown","elevator_required":false,"elevator_status":null,"blocked":false,"block_reason":null,"wheelchair_accessible":null,"accessibility_status":"unknown","source":"osm","accessibility_source":"osm_tags","confidence":0.7,"verified":false,"updated_at":null,"highway":["footway"],"raw_accessibility_tags":{},"crosswalk_samples":[],"approach_ids":[],"demo_editable":false,"feature_type":"edge"}},{"type":"Feature","geometry":{"type":"LineString","coordinates":[[126.9247225,37.3990857],[126.9246779,37.3991307],[126.92456,37.3990593]]},"properties":{"edge_id":"OSM_E_297281730-297281732_77e83cc38d","from_node":"OSM_N3011394587","to_node":"OSM_N9219105771","osm_u":"3011394587","osm_v":"9219105771","osm_key":"1","osm_way_ids":[297281730,297281732],"name":"OSM 보행 구간","length":19.465,"stairs":false,"slope":null,"width":null,"curb_height":null,"surface":"unknown","elevator_required":false,"elevator_status":null,"blocked":false,"block_reason":null,"wheelchair_accessible":null,"accessibility_status":"unknown","source":"osm","accessibility_source":"osm_tags","confidence":0.7,"verified":false,"updated_at":null,"highway":["footway"],"raw_accessibility_tags":{},"crosswalk_samples":[],"approach_ids":[],"demo_editable":false,"feature_type":"edge"}},{"type":"Feature","geometry":{"type":"LineString","coordinates":[[126.9254321,37.3993187],[126.9255067,37.3992478]]},"properties":{"edge_id":"OSM_E_998470564_d4ccee9a2a","from_node":"OSM_N3011394588","to_node":"OSM_N3834216621","osm_u":"3011394588","osm_v":"3834216621","osm_key":"0","osm_way_ids":[998470564],"name":"OSM 보행 구간","length":10.275,"stairs":false,"slope":null,"width":null,"curb_height":null,"surface":"unknown","elevator_required":false,"elevator_status":null,"blocked":false,"block_reason":null,"wheelchair_accessible":null,"accessibility_status":"unknown","source":"osm","accessibility_source":"osm_tags","confidence":0.7,"verified":false,"updated_at":null,"highway":["footway"],"raw_accessibility_tags":{},"crosswalk_samples":[],"approach_ids":[],"demo_editable":false,"feature_type":"edge"}},{"type":"Feature","geometry":{"type":"LineString","coordinates":[[126.9254321,37.3993187],[126.925357,37.3994031]]},"properties":{"edge_id":"OSM_E_998470564_87248438a2","from_node":"OSM_N3011394588","to_node":"OSM_N9219105779","osm_u":"3011394588","osm_v":"9219105779","osm_key":"0","osm_way_ids":[998470564],"name":"OSM 보행 구간","length":11.493,"stairs":false,"slope":null,"width":null,"curb_height":null,"surface":"unknown","elevator_required":false,"elevator_status":null,"blocked":false,"block_reason":null,"wheelchair_accessible":null,"accessibility_status":"unknown","source":"osm","accessibility_source":"osm_tags","confidence":0.7,"verified":false,"updated_at":null,"highway":["footway"],"raw_accessibility_tags":{},"crosswalk_samples":[],"approach_ids":[],"demo_editable":false,"feature_type":"edge"}},{"type":"Feature","geometry":{"type":"LineString","coordinates":[[126.9254321,37.3993187],[126.9253546,37.3993339],[126.925294,37.3993568],[126.9252453,37.3993909]]},"properties":{"edge_id":"OSM_E_297281732_2644ac2a50","from_node":"OSM_N3011394588","to_node":"OSM_N3011394589","osm_u":"3011394588","osm_v":"3011394589","osm_key":"0","osm_way_ids":[297281732],"name":"OSM 보행 구간","length":18.714,"stairs":false,"slope":null,"width":null,"curb_height":null,"surface":"unknown","elevator_required":false,"elevator_status":null,"blocked":false,"block_reason":null,"wheelchair_accessible":null,"accessibility_status":"unknown","source":"osm","accessibility_source":"osm_tags","confidence":0.7,"verified":false,"updated_at":null,"highway":["footway"],"raw_accessibility_tags":{},"crosswalk_samples":[],"approach_ids":[],"demo_editable":false,"feature_type":"edge"}},{"type":"Feature","geometry":{"type":"LineString","coordinates":[[126.9252453,37.3993909],[126.925357,37.3994031]]},"properties":{"edge_id":"OSM_E_998470565_3b1c1f4211","from_node":"OSM_N3011394589","to_node":"OSM_N9219105779","osm_u":"3011394589","osm_v":"9219105779","osm_key":"0","osm_way_ids":[998470565],"name":"OSM 보행 구간","length":9.96,"stairs":false,"slope":null,"width":null,"curb_height":null,"surface":"unknown","elevator_required":false,"elevator_status":null,"blocked":false,"block_reason":null,"wheelchair_accessible":null,"accessibility_status":"unknown","source":"osm","accessibility_source":"osm_tags","confidence":0.7,"verified":false,"updated_at":null,"highway":["footway"],"raw_accessibility_tags":{},"crosswalk_samples":[],"approach_ids":[],"demo_editable":false,"feature_type":"edge"}},{"type":"Feature","geometry":{"type":"LineString","coordinates":[[126.9227946,37.3895667],[126.9226017,37.3896134],[126.9224484,37.3896122],[126.9223164,37.3895745],[126.9218366,37.3893988]]},"properties":{"edge_id":"OSM_E_82908648_52452c047a","from_node":"OSM_N3250697881","to_node":"OSM_N10703342346","osm_u":"3250697881","osm_v":"10703342346","osm_key":"0","osm_way_ids":[82908648],"name":"현충로","length":90.427,"stairs":false,"slope":null,"width":null,"curb_height":null,"surface":"unknown","elevator_required":false,"elevator_status":null,"blocked":false,"block_reason":null,"wheelchair_accessible":null,"accessibility_status":"unknown","source":"osm","accessibility_source":"osm_tags","confidence":0.7,"verified":false,"updated_at":null,"highway":["service"],"raw_accessibility_tags":{},"crosswalk_samples":[],"approach_ids":[],"demo_editable":false,"feature_type":"edge"}},{"type":"Feature","geometry":{"type":"LineString","coordinates":[[126.9202794,37.3897894],[126.9193238,37.3897342]]},"properties":{"edge_id":"OSM_E_82908648_42aa0709ed","from_node":"OSM_N3250697886","to_node":"OSM_N3832541750","osm_u":"3250697886","osm_v":"3832541750","osm_key":"0","osm_way_ids":[82908648],"name":"현충로","length":84.647,"stairs":false,"slope":null,"width":null,"curb_height":null,"surface":"unknown","elevator_required":false,"elevator_status":null,"blocked":false,"block_reason":null,"wheelchair_accessible":null,"accessibility_status":"unknown","source":"osm","accessibility_source":"osm_tags","confidence":0.7,"verified":false,"updated_at":null,"highway":["service"],"raw_accessibility_tags":{},"crosswalk_samples":[],"approach_ids":[],"demo_editable":false,"feature_type":"edge"}},{"type":"Feature","geometry":{"type":"LineString","coordinates":[[126.9202794,37.3897894],[126.9203144,37.3897577],[126.9206617,37.3897342],[126.9212746,37.38973],[126.9217815,37.3897812]]},"properties":{"edge_id":"OSM_E_379904055_d0cd1f0846","from_node":"OSM_N3250697886","to_node":"OSM_N3832541766","osm_u":"3250697886","osm_v":"3832541766","osm_key":"0","osm_way_ids":[379904055],"name":"현충로","length":134.776,"stairs":false,"slope":null,"width":null,"curb_height":null,"surface":"unknown","elevator_required":false,"elevator_status":null,"blocked":false,"block_reason":null,"wheelchair_accessible":null,"accessibility_status":"unknown","source":"osm","accessibility_source":"osm_tags","confidence":0.7,"verified":false,"updated_at":null,"highway":["service"],"raw_accessibility_tags":{},"crosswalk_samples":[],"approach_ids":[],"demo_editable":false,"feature_type":"edge"}},{"type":"Feature","geometry":{"type":"LineString","coordinates":[[126.9293955,37.3962374],[126.9291599,37.396377]]},"properties":{"edge_id":"OSM_E_318699969_eb3b8ba0e7","from_node":"OSM_N3250697941","to_node":"OSM_N3817128961","osm_u":"3250697941","osm_v":"3817128961","osm_key":"0","osm_way_ids":[318699969],"name":"OSM 보행 구간","length":25.964,"stairs":false,"slope":null,"width":null,"curb_height":null,"surface":"unknown","elevator_required":false,"elevator_status":null,"blocked":false,"block_reason":null,"wheelchair_accessible":null,"accessibility_status":"unknown","source":"osm","accessibility_source":"osm_tags","confidence":0.7,"verified":false,"updated_at":null,"highway":["residential"],"raw_accessibility_tags":{},"crosswalk_samples":[],"approach_ids":[],"demo_editable":false,"feature_type":"edge"}},{"type":"Feature","geometry":{"type":"LineString","coordinates":[[126.9293955,37.3962374],[126.9288038,37.395929]]},"properties":{"edge_id":"OSM_E_378310197_17ecd71dc0","from_node":"OSM_N3250697941","to_node":"OSM_N9212507170","osm_u":"3250697941","osm_v":"9212507170","osm_key":"0","osm_way_ids":[378310197],"name":"OSM 보행 구간","length":62.516,"stairs":false,"slope":null,"width":null,"curb_height":null,"surface":"unknown","elevator_required":false,"elevator_status":null,"blocked":false,"block_reason":null,"wheelchair_accessible":null,"accessibility_status":"unknown","source":"osm","accessibility_source":"osm_tags","confidence":0.7,"verified":false,"updated_at":null,"highway":["residential"],"raw_accessibility_tags":{},"crosswalk_samples":[],"approach_ids":[],"demo_editable":false,"feature_type":"edge"}},{"type":"Feature","geometry":{"type":"LineString","coordinates":[[126.9293955,37.3962374],[126.9297382,37.3960049],[126.9299025,37.3958934]]},"properties":{"edge_id":"OSM_E_318699969_3fdb7abca8","from_node":"OSM_N3250697941","to_node":"OSM_N4659395626","osm_u":"3250697941","osm_v":"4659395626","osm_key":"0","osm_way_ids":[318699969],"name":"OSM 보행 구간","length":58.899,"stairs":false,"slope":null,"width":null,"curb_height":null,"surface":"unknown","elevator_required":false,"elevator_status":null,"blocked":false,"block_reason":null,"wheelchair_accessible":null,"accessibility_status":"unknown","source":"osm","accessibility_source":"osm_tags","confidence":0.7,"verified":false,"updated_at":null,"highway":["residential"],"raw_accessibility_tags":{},"crosswalk_samples":[],"approach_ids":[],"demo_editable":false,"feature_type":"edge"}},{"type":"Feature","geometry":{"type":"LineString","coordinates":[[126.9293955,37.3962374],[126.9298293,37.3964737],[126.9298825,37.3965021]]},"properties":{"edge_id":"OSM_E_378310197-927236593_137e1e5cbf","from_node":"OSM_N3250697941","to_node":"OSM_N9216482312","osm_u":"3250697941","osm_v":"9216482312","osm_key":"0","osm_way_ids":[378310197,927236593],"name":"OSM 보행 구간","length":52.126,"stairs":false,"slope":null,"width":null,"curb_height":null,"surface":"concrete","elevator_required":false,"elevator_status":null,"blocked":false,"block_reason":null,"wheelchair_accessible":null,"accessibility_status":"unknown","source":"osm","accessibility_source":"osm_tags","confidence":0.7,"verified":false,"updated_at":null,"highway":["residential","footway"],"raw_accessibility_tags":{},"crosswalk_samples":[],"approach_ids":[],"demo_editable":false,"feature_type":"edge"}},{"type":"Feature","geometry":{"type":"LineString","coordinates":[[126.9279813,37.3962685],[126.9283268,37.3959895]]},"properties":{"edge_id":"OSM_E_318699979_d2087b1ce2","from_node":"OSM_N3250697942","to_node":"OSM_N3817128960","osm_u":"3250697942","osm_v":"3817128960","osm_key":"0","osm_way_ids":[318699979],"name":"태평로","length":43.52,"stairs":false,"slope":null,"width":null,"curb_height":null,"surface":"unknown","elevator_required":false,"elevator_status":null,"blocked":false,"block_reason":null,"wheelchair_accessible":null,"accessibility_status":"unknown","source":"osm","accessibility_source":"osm_tags","confidence":0.7,"verified":false,"updated_at":null,"highway":["tertiary"],"raw_accessibility_tags":{},"crosswalk_samples":[],"approach_ids":[],"demo_editable":false,"feature_type":"edge"}},{"type":"Feature","geometry":{"type":"LineString","coordinates":[[126.9279813,37.3962685],[126.9283783,37.3964427]]},"properties":{"edge_id":"OSM_E_927235364_3b947a2400","from_node":"OSM_N3250697942","to_node":"OSM_N3834216593","osm_u":"3250697942","osm_v":"3834216593","osm_key":"0","osm_way_ids":[927235364],"name":"OSM 보행 구간","length":40.064,"stairs":false,"slope":null,"width":null,"curb_height":null,"surface":"unknown","elevator_required":false,"elevator_status":null,"blocked":false,"block_reason":null,"wheelchair_accessible":null,"accessibility_status":"unknown","source":"osm","accessibility_source":"osm_tags","confidence":0.7,"verified":false,"updated_at":null,"highway":["residential"],"raw_accessibility_tags":{},"crosswalk_samples":[],"approach_ids":[],"demo_editable":false,"feature_type":"edge"}},{"type":"Feature","geometry":{"type":"LineString","coordinates":[[126.9279813,37.3962685],[126.9272531,37.3968883],[126.9265578,37.3975558],[126.9263868,37.3977465]]},"properties":{"edge_id":"OSM_E_318699979_a54c37e2f8","from_node":"OSM_N3250697942","to_node":"OSM_N13468357909","osm_u":"3250697942","osm_v":"13468357909","osm_key":"0","osm_way_ids":[318699979],"name":"태평로","length":216.652,"stairs":false,"slope":null,"width":null,"curb_height":null,"surface":"unknown","elevator_required":false,"elevator_status":null,"blocked":false,"block_reason":null,"wheelchair_accessible":null,"accessibility_status":"unknown","source":"osm","accessibility_source":"osm_tags","confidence":0.7,"verified":false,"updated_at":null,"highway":["tertiary"],"raw_accessibility_tags":{},"crosswalk_samples":[],"approach_ids":[],"demo_editable":false,"feature_type":"edge"}},{"type":"Feature","geometry":{"type":"LineString","coordinates":[[126.9371927,37.3970752],[126.9347366,37.3979814],[126.9323236,37.3988966],[126.9314529,37.3992441],[126.9307461,37.399611],[126.9302674,37.3999106],[126.9297231,37.4003235],[126.9292608,37.400723],[126.9288832,37.4010199]]},"properties":{"edge_id":"OSM_E_318699995-318699998-685069353_3958fc4f58","from_node":"OSM_N3250697952","to_node":"OSM_N3250697996","osm_u":"3250697952","osm_v":"3250697996","osm_key":"0","osm_way_ids":[318699995,318699998,685069353],"name":"경수대로","length":863.67,"stairs":false,"slope":null,"width":null,"curb_height":null,"surface":"asphalt","elevator_required":false,"elevator_status":null,"blocked":false,"block_reason":null,"wheelchair_accessible":null,"accessibility_status":"unknown","source":"osm","accessibility_source":"osm_tags","confidence":0.7,"verified":false,"updated_at":null,"highway":["primary"],"raw_accessibility_tags":{},"crosswalk_samples":[],"approach_ids":[],"demo_editable":false,"feature_type":"edge"}},{"type":"Feature","geometry":{"type":"LineString","coordinates":[[126.9309123,37.3971545],[126.9306569,37.3974679]]},"properties":{"edge_id":"OSM_E_60819380_8aca778b9e","from_node":"OSM_N3250697954","to_node":"OSM_N13468357940","osm_u":"3250697954","osm_v":"13468357940","osm_key":"0","osm_way_ids":[60819380],"name":"안양천서로","length":41.514,"stairs":false,"slope":null,"width":null,"curb_height":null,"surface":"unknown","elevator_required":false,"elevator_status":null,"blocked":false,"block_reason":null,"wheelchair_accessible":null,"accessibility_status":"unknown","source":"osm","accessibility_source":"osm_tags","confidence":0.7,"verified":false,"updated_at":null,"highway":["tertiary"],"raw_accessibility_tags":{},"crosswalk_samples":[],"approach_ids":[],"demo_editable":false,"feature_type":"edge"}},{"type":"Feature","geometry":{"type":"LineString","coordinates":[[126.9309123,37.3971545],[126.9303432,37.3968573]]},"properties":{"edge_id":"OSM_E_318700001_967f0a0f0c","from_node":"OSM_N3250697954","to_node":"OSM_N3817128963","osm_u":"3250697954","osm_v":"3817128963","osm_key":"0","osm_way_ids":[318700001],"name":"관악대로","length":60.163,"stairs":false,"slope":null,"width":null,"curb_height":null,"surface":"asphalt","elevator_required":false,"elevator_status":null,"blocked":false,"block_reason":null,"wheelchair_accessible":null,"accessibility_status":"unknown","source":"osm","accessibility_source":"osm_tags","confidence":0.7,"verified":false,"updated_at":null,"highway":["tertiary"],"raw_accessibility_tags":{},"crosswalk_samples":[],"approach_ids":[],"demo_editable":false,"feature_type":"edge"}},{"type":"Feature","geometry":{"type":"LineString","coordinates":[[126.9309123,37.3971545],[126.9311056,37.3969929],[126.9316205,37.396705]]},"properties":{"edge_id":"OSM_E_60819380_40a361c5c1","from_node":"OSM_N3250697954","to_node":"OSM_N8603117532","osm_u":"3250697954","osm_v":"8603117532","osm_key":"0","osm_way_ids":[60819380],"name":"안양천서로","length":80.41,"stairs":false,"slope":null,"width":null,"curb_height":null,"surface":"unknown","elevator_required":false,"elevator_status":null,"blocked":false,"block_reason":null,"wheelchair_accessible":null,"accessibility_status":"unknown","source":"osm","accessibility_source":"osm_tags","confidence":0.7,"verified":false,"updated_at":null,"highway":["tertiary"],"raw_accessibility_tags":{},"crosswalk_samples":[],"approach_ids":[],"demo_editable":false,"feature_type":"edge"}},{"type":"Feature","geometry":{"type":"LineString","coordinates":[[126.9309123,37.3971545],[126.9309787,37.3971905],[126.9318975,37.3976723],[126.9319914,37.3977216]]},"properties":{"edge_id":"OSM_E_318699999-318700001-318700003_0c5665bcb7","from_node":"OSM_N3250697954","to_node":"OSM_N4631142940","osm_u":"3250697954","osm_v":"4631142940","osm_key":"0","osm_way_ids":[318699999,318700001,318700003],"name":"비산대교","length":114.296,"stairs":false,"slope":null,"width":null,"curb_height":null,"surface":"asphalt","elevator_required":false,"elevator_status":null,"blocked":false,"block_reason":null,"wheelchair_accessible":null,"accessibility_status":"unknown","source":"osm","accessibility_source":"osm_tags","confidence":0.7,"verified":false,"updated_at":null,"highway":["tertiary"],"raw_accessibility_tags":{},"crosswalk_samples":[],"approach_ids":[],"demo_editable":false,"feature_type":"edge"}},{"type":"Feature","geometry":{"type":"LineString","coordinates":[[126.9291739,37.4006756],[126.9288832,37.4010199]]},"properties":{"edge_id":"OSM_E_318699968_0a2af698fc","from_node":"OSM_N3250697992","to_node":"OSM_N3250697996","osm_u":"3250697992","osm_v":"3250697996","osm_key":"0","osm_way_ids":[318699968],"name":"OSM 보행 구간","length":46.099,"stairs":false,"slope":null,"width":null,"curb_height":null,"surface":"unknown","elevator_required":false,"elevator_status":null,"blocked":false,"block_reason":null,"wheelchair_accessible":null,"accessibility_status":"unknown","source":"osm","accessibility_source":"osm_tags","confidence":0.7,"verified":false,"updated_at":null,"highway":["primary_link"],"raw_accessibility_tags":{},"crosswalk_samples":[],"approach_ids":[],"demo_editable":false,"feature_type":"edge"}},{"type":"Feature","geometry":{"type":"LineString","coordinates":[[126.9291739,37.4006756],[126.9297402,37.4001717],[126.9301809,37.3998524],[126.9304173,37.399691]]},"properties":{"edge_id":"OSM_E_318699968_36acf1fe8d","from_node":"OSM_N3250697992","to_node":"OSM_N4662952253","osm_u":"3250697992","osm_v":"4662952253","osm_key":"0","osm_way_ids":[318699968],"name":"OSM 보행 구간","length":155.336,"stairs":false,"slope":null,"width":null,"curb_height":null,"surface":"unknown","elevator_required":false,"elevator_status":null,"blocked":false,"block_reason":null,"wheelchair_accessible":null,"accessibility_status":"unknown","source":"osm","accessibility_source":"osm_tags","confidence":0.7,"verified":false,"updated_at":null,"highway":["primary_link"],"raw_accessibility_tags":{},"crosswalk_samples":[],"approach_ids":[],"demo_editable":false,"feature_type":"edge"}},{"type":"Feature","geometry":{"type":"LineString","coordinates":[[126.9291739,37.4006756],[126.9290711,37.4006176],[126.9280634,37.4000423]]},"properties":{"edge_id":"OSM_E_380073453-1417194735_6a53df3c32","from_node":"OSM_N3250697992","to_node":"OSM_N3834216046","osm_u":"3250697992","osm_v":"3834216046","osm_key":"0","osm_way_ids":[380073453,1417194735],"name":"임곡교","length":120.755,"stairs":false,"slope":null,"width":null,"curb_height":null,"surface":"unknown","elevator_required":false,"elevator_status":null,"blocked":false,"block_reason":null,"wheelchair_accessible":null,"accessibility_status":"unknown","source":"osm","accessibility_source":"osm_tags","confidence":0.7,"verified":false,"updated_at":null,"highway":["tertiary"],"raw_accessibility_tags":{},"crosswalk_samples":[],"approach_ids":[],"demo_editable":false,"feature_type":"edge"}},{"type":"Feature","geometry":{"type":"LineString","coordinates":[[126.9288832,37.4010199],[126.9286098,37.4012636]]},"properties":{"edge_id":"OSM_E_318699997_d4358e9136","from_node":"OSM_N3250697996","to_node":"OSM_N9212511357","osm_u":"3250697996","osm_v":"9212511357","osm_key":"0","osm_way_ids":[318699997],"name":"경수대로","length":36.298,"stairs":false,"slope":null,"width":null,"curb_height":null,"surface":"unknown","elevator_required":false,"elevator_status":null,"blocked":false,"block_reason":null,"wheelchair_accessible":null,"accessibility_status":"unknown","source":"osm","accessibility_source":"osm_tags","confidence":0.7,"verified":false,"updated_at":null,"highway":["primary"],"raw_accessibility_tags":{},"crosswalk_samples":[],"approach_ids":[],"demo_editable":false,"feature_type":"edge"}},{"type":"Feature","geometry":{"type":"LineString","coordinates":[[126.9288832,37.4010199],[126.9290181,37.4011319]]},"properties":{"edge_id":"OSM_E_997743861_1fbb348bd3","from_node":"OSM_N3250697996","to_node":"OSM_N9212511358","osm_u":"3250697996","osm_v":"9212511358","osm_key":"0","osm_way_ids":[997743861],"name":"OSM 보행 구간","length":17.236,"stairs":false,"slope":null,"width":null,"curb_height":null,"surface":"unknown","elevator_required":false,"elevator_status":null,"blocked":false,"block_reason":null,"wheelchair_accessible":null,"accessibility_status":"unknown","source":"osm","accessibility_source":"osm_tags","confidence":0.7,"verified":false,"updated_at":null,"highway":["footway"],"raw_accessibility_tags":{"foot":"yes"},"crosswalk_samples":[],"approach_ids":[],"demo_editable":false,"feature_type":"edge"}},{"type":"Feature","geometry":{"type":"LineString","coordinates":[[126.9241564,37.4005791],[126.925299,37.4010346]]},"properties":{"edge_id":"OSM_E_380073459_5175ea2ed1","from_node":"OSM_N3250724711","to_node":"OSM_N3834216626","osm_u":"3250724711","osm_v":"3834216626","osm_key":"0","osm_way_ids":[380073459],"name":"태평로134번길","length":112.926,"stairs":false,"slope":null,"width":null,"curb_height":null,"surface":"unknown","elevator_required":false,"elevator_status":null,"blocked":false,"block_reason":null,"wheelchair_accessible":null,"accessibility_status":"unknown","source":"osm","accessibility_source":"osm_tags","confidence":0.7,"verified":false,"updated_at":null,"highway":["residential"],"raw_accessibility_tags":{},"crosswalk_samples":[],"approach_ids":[],"demo_editable":false,"feature_type":"edge"}},{"type":"Feature","geometry":{"type":"LineString","coordinates":[[126.9241564,37.4005791],[126.923945,37.4009268],[126.9237699,37.4011795]]},"properties":{"edge_id":"OSM_E_589960556_e5a527b34f","from_node":"OSM_N3250724711","to_node":"OSM_N4641716963","osm_u":"3250724711","osm_v":"4641716963","osm_key":"0","osm_way_ids":[589960556],"name":"태평로","length":75.011,"stairs":false,"slope":null,"width":null,"curb_height":null,"surface":"unknown","elevator_required":false,"elevator_status":null,"blocked":false,"block_reason":null,"wheelchair_accessible":null,"accessibility_status":"unknown","source":"osm","accessibility_source":"osm_tags","confidence":0.7,"verified":false,"updated_at":null,"highway":["residential"],"raw_accessibility_tags":{},"crosswalk_samples":[],"approach_ids":[],"demo_editable":false,"feature_type":"edge"}},{"type":"Feature","geometry":{"type":"LineString","coordinates":[[126.9241564,37.4005791],[126.9247468,37.3997368],[126.9251071,37.3992598]]},"properties":{"edge_id":"OSM_E_589960556_842b978522","from_node":"OSM_N3250724711","to_node":"OSM_N9219040787","osm_u":"3250724711","osm_v":"9219040787","osm_key":"0","osm_way_ids":[589960556],"name":"태평로","length":169.057,"stairs":false,"slope":null,"width":null,"curb_height":null,"surface":"unknown","elevator_required":false,"elevator_status":null,"blocked":false,"block_reason":null,"wheelchair_accessible":null,"accessibility_status":"unknown","source":"osm","accessibility_source":"osm_tags","confidence":0.7,"verified":false,"updated_at":null,"highway":["residential"],"raw_accessibility_tags":{},"crosswalk_samples":[],"approach_ids":[],"demo_editable":false,"feature_type":"edge"}},{"type":"Feature","geometry":{"type":"LineString","coordinates":[[126.9241564,37.4005791],[126.9245965,37.4004483],[126.9247983,37.4001289],[126.9249585,37.4000616],[126.9253544,37.3995109],[126.925357,37.3994031]]},"properties":{"edge_id":"OSM_E_998470564_fafbf4041f","from_node":"OSM_N3250724711","to_node":"OSM_N9219105779","osm_u":"3250724711","osm_v":"9219105779","osm_key":"0","osm_way_ids":[998470564],"name":"OSM 보행 구간","length":179.761,"stairs":false,"slope":null,"width":null,"curb_height":null,"surface":"unknown","elevator_required":false,"elevator_status":null,"blocked":false,"block_reason":null,"wheelchair_accessible":null,"accessibility_status":"unknown","source":"osm","accessibility_source":"osm_tags","confidence":0.7,"verified":false,"updated_at":null,"highway":["footway"],"raw_accessibility_tags":{},"crosswalk_samples":[],"approach_ids":[],"demo_editable":false,"feature_type":"edge"}},{"type":"Feature","geometry":{"type":"LineString","coordinates":[[126.922272,37.4008958],[126.922458,37.4007747]]},"properties":{"edge_id":"OSM_E_318729251_8573095be3","from_node":"OSM_N3251003893","to_node":"OSM_N7874694139","osm_u":"3251003893","osm_v":"7874694139","osm_key":"0","osm_way_ids":[318729251],"name":"만안로223번길","length":21.243,"stairs":false,"slope":null,"width":null,"curb_height":null,"surface":"unknown","elevator_required":false,"elevator_status":null,"blocked":false,"block_reason":null,"wheelchair_accessible":null,"accessibility_status":"unknown","source":"osm","accessibility_source":"osm_tags","confidence":0.7,"verified":false,"updated_at":null,"highway":["tertiary"],"raw_accessibility_tags":{},"crosswalk_samples":[],"approach_ids":[],"demo_editable":false,"feature_type":"edge"}},{"type":"Feature","geometry":{"type":"LineString","coordinates":[[126.922272,37.4008958],[126.9223426,37.4009174],[126.922398,37.4009584],[126.9224301,37.4010128],[126.9224345,37.4010728]]},"properties":{"edge_id":"OSM_E_318729195_bfa63f789b","from_node":"OSM_N3251003893","to_node":"OSM_N3251003907","osm_u":"3251003893","osm_v":"3251003907","osm_key":"0","osm_way_ids":[318729195],"name":"안양역로터리","length":26.735,"stairs":false,"slope":null,"width":null,"curb_height":null,"surface":"unknown","elevator_required":false,"elevator_status":null,"blocked":false,"block_reason":null,"wheelchair_accessible":null,"accessibility_status":"unknown","source":"osm","accessibility_source":"osm_tags","confidence":0.7,"verified":false,"updated_at":null,"highway":["tertiary"],"raw_accessibility_tags":{},"crosswalk_samples":[],"approach_ids":[],"demo_editable":false,"feature_type":"edge"}},{"type":"Feature","geometry":{"type":"LineString","coordinates":[[126.922272,37.4008958],[126.9222231,37.4008938],[126.922175,37.4009013],[126.9221307,37.4009178]]},"properties":{"edge_id":"OSM_E_318729252_8bd87e0cae","from_node":"OSM_N3251003893","to_node":"OSM_N3251003895","osm_u":"3251003893","osm_v":"3251003895","osm_key":"0","osm_way_ids":[318729252],"name":"안양역로터리","length":12.977,"stairs":false,"slope":null,"width":null,"curb_height":null,"surface":"unknown","elevator_required":false,"elevator_status":null,"blocked":false,"block_reason":null,"wheelchair_accessible":null,"accessibility_status":"unknown","source":"osm","accessibility_source":"osm_tags","confidence":0.7,"verified":false,"updated_at":null,"highway":["tertiary"],"raw_accessibility_tags":{},"crosswalk_samples":[],"approach_ids":[],"demo_editable":false,"feature_type":"edge"}},{"type":"Feature","geometry":{"type":"LineString","coordinates":[[126.9221307,37.4009178],[126.9219893,37.4008709]]},"properties":{"edge_id":"OSM_E_318729219_88b63f0910","from_node":"OSM_N3251003895","to_node":"OSM_N7874694137","osm_u":"3251003895","osm_v":"7874694137","osm_key":"0","osm_way_ids":[318729219],"name":"OSM 보행 구간","length":13.535,"stairs":false,"slope":null,"width":null,"curb_height":null,"surface":"unknown","elevator_required":false,"elevator_status":null,"blocked":false,"block_reason":null,"wheelchair_accessible":null,"accessibility_status":"unknown","source":"osm","accessibility_source":"osm_tags","confidence":0.7,"verified":false,"updated_at":null,"highway":["tertiary"],"raw_accessibility_tags":{},"crosswalk_samples":[],"approach_ids":[],"demo_editable":false,"feature_type":"edge"}},{"type":"Feature","geometry":{"type":"LineString","coordinates":[[126.9221307,37.4009178],[126.9220746,37.4009599],[126.922043,37.4010158],[126.9220404,37.401077]]},"properties":{"edge_id":"OSM_E_318729252_a70d060557","from_node":"OSM_N3251003895","to_node":"OSM_N3251003900","osm_u":"3251003895","osm_v":"3251003900","osm_key":"0","osm_way_ids":[318729252],"name":"안양역로터리","length":20.44,"stairs":false,"slope":null,"width":null,"curb_height":null,"surface":"unknown","elevator_required":false,"elevator_status":null,"blocked":false,"block_reason":null,"wheelchair_accessible":null,"accessibility_status":"unknown","source":"osm","accessibility_source":"osm_tags","confidence":0.7,"verified":false,"updated_at":null,"highway":["tertiary"],"raw_accessibility_tags":{},"crosswalk_samples":[],"approach_ids":[],"demo_editable":false,"feature_type":"edge"}},{"type":"Feature","geometry":{"type":"LineString","coordinates":[[126.9220404,37.401077],[126.9220473,37.4011001]]},"properties":{"edge_id":"OSM_E_915477949_f212c014aa","from_node":"OSM_N3251003900","to_node":"OSM_N11993432399","osm_u":"3251003900","osm_v":"11993432399","osm_key":"0","osm_way_ids":[915477949],"name":"안양역로터리","length":2.64,"stairs":false,"slope":null,"width":null,"curb_height":null,"surface":"unknown","elevator_required":false,"elevator_status":null,"blocked":false,"block_reason":null,"wheelchair_accessible":null,"accessibility_status":"unknown","source":"osm","accessibility_source":"osm_tags","confidence":0.7,"verified":false,"updated_at":null,"highway":["tertiary"],"raw_accessibility_tags":{},"crosswalk_samples":[],"approach_ids":[],"demo_editable":false,"feature_type":"edge"}},{"type":"Feature","geometry":{"type":"LineString","coordinates":[[126.9220606,37.4011252],[126.9220473,37.4011001]]},"properties":{"edge_id":"OSM_E_915477949_957e25ccf8","from_node":"OSM_N3251003906","to_node":"OSM_N11993432399","osm_u":"3251003906","osm_v":"11993432399","osm_key":"0","osm_way_ids":[915477949],"name":"안양역로터리","length":3.028,"stairs":false,"slope":null,"width":null,"curb_height":null,"surface":"unknown","elevator_required":false,"elevator_status":null,"blocked":false,"block_reason":null,"wheelchair_accessible":null,"accessibility_status":"unknown","source":"osm","accessibility_source":"osm_tags","confidence":0.7,"verified":false,"updated_at":null,"highway":["tertiary"],"raw_accessibility_tags":{},"crosswalk_samples":[],"approach_ids":[],"demo_editable":false,"feature_type":"edge"}},{"type":"Feature","geometry":{"type":"LineString","coordinates":[[126.9220606,37.4011252],[126.9220379,37.4012105],[126.9220316,37.4012986],[126.9220045,37.4013972],[126.9219656,37.4014793],[126.9218986,37.4015943]]},"properties":{"edge_id":"OSM_E_318729249_c6c456b17f","from_node":"OSM_N3251003906","to_node":"OSM_N7814566289","osm_u":"3251003906","osm_v":"7814566289","osm_key":"0","osm_way_ids":[318729249],"name":"만안로223번길","length":54.574,"stairs":false,"slope":null,"width":null,"curb_height":null,"surface":"unknown","elevator_required":false,"elevator_status":null,"blocked":false,"block_reason":null,"wheelchair_accessible":null,"accessibility_status":"unknown","source":"osm","accessibility_source":"osm_tags","confidence":0.7,"verified":false,"updated_at":null,"highway":["tertiary"],"raw_accessibility_tags":{},"crosswalk_samples":[],"approach_ids":[],"demo_editable":false,"feature_type":"edge"}},{"type":"Feature","geometry":{"type":"LineString","coordinates":[[126.9220606,37.4011252],[126.922106,37.4011709],[126.922169,37.4012004],[126.9222413,37.4012099],[126.9223129,37.401198],[126.9223743,37.4011663]]},"properties":{"edge_id":"OSM_E_554922641_e192d19f17","from_node":"OSM_N3251003906","to_node":"OSM_N11993432400","osm_u":"3251003906","osm_v":"11993432400","osm_key":"0","osm_way_ids":[554922641],"name":"안양역로터리","length":32.337,"stairs":false,"slope":null,"width":null,"curb_height":null,"surface":"unknown","elevator_required":false,"elevator_status":null,"blocked":false,"block_reason":null,"wheelchair_accessible":null,"accessibility_status":"unknown","source":"osm","accessibility_source":"osm_tags","confidence":0.7,"verified":false,"updated_at":null,"highway":["tertiary"],"raw_accessibility_tags":{},"crosswalk_samples":[],"approach_ids":[],"demo_editable":false,"feature_type":"edge"}},{"type":"Feature","geometry":{"type":"LineString","coordinates":[[126.9224345,37.4010728],[126.9225188,37.4010041]]},"properties":{"edge_id":"OSM_E_318729250_1f4624d41f","from_node":"OSM_N3251003907","to_node":"OSM_N7814723925","osm_u":"3251003907","osm_v":"7814723925","osm_key":"0","osm_way_ids":[318729250],"name":"만안로","length":10.668,"stairs":false,"slope":null,"width":null,"curb_height":null,"surface":"unknown","elevator_required":false,"elevator_status":null,"blocked":false,"block_reason":null,"wheelchair_accessible":null,"accessibility_status":"unknown","source":"osm","accessibility_source":"osm_tags","confidence":0.7,"verified":false,"updated_at":null,"highway":["tertiary"],"raw_accessibility_tags":{},"crosswalk_samples":[],"approach_ids":[],"demo_editable":false,"feature_type":"edge"}},{"type":"Feature","geometry":{"type":"LineString","coordinates":[[126.9224345,37.4010728],[126.9224235,37.4011073],[126.9224031,37.401139],[126.9223743,37.4011663]]},"properties":{"edge_id":"OSM_E_554922641_a8723f5041","from_node":"OSM_N3251003907","to_node":"OSM_N11993432400","osm_u":"3251003907","osm_v":"11993432400","osm_key":"0","osm_way_ids":[554922641],"name":"안양역로터리","length":11.877,"stairs":false,"slope":null,"width":null,"curb_height":null,"surface":"unknown","elevator_required":false,"elevator_status":null,"blocked":false,"block_reason":null,"wheelchair_accessible":null,"accessibility_status":"unknown","source":"osm","accessibility_source":"osm_tags","confidence":0.7,"verified":false,"updated_at":null,"highway":["tertiary"],"raw_accessibility_tags":{},"crosswalk_samples":[],"approach_ids":[],"demo_editable":false,"feature_type":"edge"}},{"type":"Feature","geometry":{"type":"LineString","coordinates":[[126.9285633,37.395797],[126.9283268,37.3959895]]},"properties":{"edge_id":"OSM_E_318699979_49fc09537f","from_node":"OSM_N3817128958","to_node":"OSM_N3817128960","osm_u":"3817128958","osm_v":"3817128960","osm_key":"0","osm_way_ids":[318699979],"name":"태평로","length":29.911,"stairs":false,"slope":null,"width":null,"curb_height":null,"surface":"unknown","elevator_required":false,"elevator_status":null,"blocked":false,"block_reason":null,"wheelchair_accessible":null,"accessibility_status":"unknown","source":"osm","accessibility_source":"osm_tags","confidence":0.7,"verified":false,"updated_at":null,"highway":["tertiary"],"raw_accessibility_tags":{},"crosswalk_samples":[],"approach_ids":[],"demo_editable":false,"feature_type":"edge"}},{"type":"Feature","geometry":{"type":"LineString","coordinates":[[126.9285633,37.395797],[126.9291839,37.3953067]]},"properties":{"edge_id":"OSM_E_318699979_72f0a32e86","from_node":"OSM_N3817128958","to_node":"OSM_N4659395625","osm_u":"3817128958","osm_v":"4659395625","osm_key":"0","osm_way_ids":[318699979],"name":"태평로","length":77.317,"stairs":false,"slope":null,"width":null,"curb_height":null,"surface":"unknown","elevator_required":false,"elevator_status":null,"blocked":false,"block_reason":null,"wheelchair_accessible":null,"accessibility_status":"unknown","source":"osm","accessibility_source":"osm_tags","confidence":0.7,"verified":false,"updated_at":null,"highway":["tertiary"],"raw_accessibility_tags":{},"crosswalk_samples":[],"approach_ids":[],"demo_editable":false,"feature_type":"edge"}},{"type":"Feature","geometry":{"type":"LineString","coordinates":[[126.9285633,37.395797],[126.9288038,37.395929]]},"properties":{"edge_id":"OSM_E_378310197_fa81ab5b84","from_node":"OSM_N3817128958","to_node":"OSM_N9212507170","osm_u":"3817128958","osm_v":"9212507170","osm_key":"0","osm_way_ids":[378310197],"name":"OSM 보행 구간","length":25.823,"stairs":false,"slope":null,"width":null,"curb_height":null,"surface":"unknown","elevator_required":false,"elevator_status":null,"blocked":false,"block_reason":null,"wheelchair_accessible":null,"accessibility_status":"unknown","source":"osm","accessibility_source":"osm_tags","confidence":0.7,"verified":false,"updated_at":null,"highway":["residential"],"raw_accessibility_tags":{},"crosswalk_samples":[],"approach_ids":[],"demo_editable":false,"feature_type":"edge"}},{"type":"Feature","geometry":{"type":"LineString","coordinates":[[126.9285633,37.395797],[126.9285229,37.3957749],[126.9284301,37.3958533]]},"properties":{"edge_id":"OSM_E_997743017_acaf2fc62c","from_node":"OSM_N3817128958","to_node":"OSM_N9212507179","osm_u":"3817128958","osm_v":"9212507179","osm_key":"0","osm_way_ids":[997743017],"name":"OSM 보행 구간","length":16.3,"stairs":false,"slope":null,"width":null,"curb_height":null,"surface":"unknown","elevator_required":false,"elevator_status":null,"blocked":false,"block_reason":null,"wheelchair_accessible":null,"accessibility_status":"unknown","source":"osm","accessibility_source":"osm_tags","confidence":0.7,"verified":false,"updated_at":null,"highway":["footway"],"raw_accessibility_tags":{},"crosswalk_samples":[],"approach_ids":[],"demo_editable":false,"feature_type":"edge"}},{"type":"Feature","geometry":{"type":"LineString","coordinates":[[126.9283268,37.3959895],[126.9286196,37.3961256]]},"properties":{"edge_id":"OSM_E_378310198_62769ccba5","from_node":"OSM_N3817128960","to_node":"OSM_N9212507171","osm_u":"3817128960","osm_v":"9212507171","osm_key":"0","osm_way_ids":[378310198],"name":"OSM 보행 구간","length":29.968,"stairs":false,"slope":null,"width":null,"curb_height":null,"surface":"unknown","elevator_required":false,"elevator_status":null,"blocked":false,"block_reason":null,"wheelchair_accessible":null,"accessibility_status":"unknown","source":"osm","accessibility_source":"osm_tags","confidence":0.7,"verified":false,"updated_at":null,"highway":["residential"],"raw_accessibility_tags":{},"crosswalk_samples":[],"approach_ids":[],"demo_editable":false,"feature_type":"edge"}},{"type":"Feature","geometry":{"type":"LineString","coordinates":[[126.9291599,37.396377],[126.9289903,37.3962993]]},"properties":{"edge_id":"OSM_E_378310198_6ae00e0158","from_node":"OSM_N3817128961","to_node":"OSM_N8603104521","osm_u":"3817128961","osm_v":"8603104521","osm_key":"0","osm_way_ids":[378310198],"name":"OSM 보행 구간","length":17.295,"stairs":false,"slope":null,"width":null,"curb_height":null,"surface":"unknown","elevator_required":false,"elevator_status":null,"blocked":false,"block_reason":null,"wheelchair_accessible":null,"accessibility_status":"unknown","source":"osm","accessibility_source":"osm_tags","confidence":0.7,"verified":false,"updated_at":null,"highway":["residential"],"raw_accessibility_tags":{},"crosswalk_samples":[],"approach_ids":[],"demo_editable":false,"feature_type":"edge"}},{"type":"Feature","geometry":{"type":"LineString","coordinates":[[126.9291599,37.396377],[126.9296291,37.3966038],[126.9300813,37.3968238],[126.9303432,37.3968573]]},"properties":{"edge_id":"OSM_E_378310198-927236594_9ffd5b5364","from_node":"OSM_N3817128961","to_node":"OSM_N3817128963","osm_u":"3817128961","osm_v":"3817128963","osm_key":"0","osm_way_ids":[378310198,927236594],"name":"OSM 보행 구간","length":118.794,"stairs":false,"slope":null,"width":null,"curb_height":null,"surface":"concrete","elevator_required":false,"elevator_status":null,"blocked":false,"block_reason":null,"wheelchair_accessible":null,"accessibility_status":"unknown","source":"osm","accessibility_source":"osm_tags","confidence":0.7,"verified":false,"updated_at":null,"highway":["residential","footway"],"raw_accessibility_tags":{},"crosswalk_samples":[],"approach_ids":[],"demo_editable":false,"feature_type":"edge"}},{"type":"Feature","geometry":{"type":"LineString","coordinates":[[126.9303432,37.3968573],[126.9307267,37.396565]]},"properties":{"edge_id":"OSM_E_927236595_5cd55669c4","from_node":"OSM_N3817128963","to_node":"OSM_N7617517369","osm_u":"3817128963","osm_v":"7617517369","osm_key":"0","osm_way_ids":[927236595],"name":"OSM 보행 구간","length":46.948,"stairs":false,"slope":null,"width":null,"curb_height":null,"surface":"unknown","elevator_required":false,"elevator_status":null,"blocked":false,"block_reason":null,"wheelchair_accessible":null,"accessibility_status":"unknown","source":"osm","accessibility_source":"osm_tags","confidence":0.7,"verified":false,"updated_at":null,"highway":["footway"],"raw_accessibility_tags":{},"crosswalk_samples":[],"approach_ids":[],"demo_editable":false,"feature_type":"edge"}},{"type":"Feature","geometry":{"type":"LineString","coordinates":[[126.9303432,37.3968573],[126.9296293,37.3964828],[126.9293435,37.396333],[126.9284301,37.3958533]]},"properties":{"edge_id":"OSM_E_318700000-318700001_64280217e1","from_node":"OSM_N3817128963","to_node":"OSM_N9212507179","osm_u":"3817128963","osm_v":"9212507179","osm_key":"0","osm_way_ids":[318700000,318700001],"name":"관악대로","length":202.547,"stairs":false,"slope":null,"width":null,"curb_height":null,"surface":"asphalt","elevator_required":false,"elevator_status":null,"blocked":false,"block_reason":null,"wheelchair_accessible":null,"accessibility_status":"unknown","source":"osm","accessibility_source":"osm_tags","confidence":0.7,"verified":false,"updated_at":null,"highway":["tertiary"],"raw_accessibility_tags":{},"crosswalk_samples":[],"approach_ids":[],"demo_editable":false,"feature_type":"edge"}},{"type":"Feature","geometry":{"type":"LineString","coordinates":[[126.9303432,37.3968573],[126.9302717,37.39671],[126.9298825,37.3965021]]},"properties":{"edge_id":"OSM_E_927236593_2ed3cca25a","from_node":"OSM_N3817128963","to_node":"OSM_N9216482312","osm_u":"3817128963","osm_v":"9216482312","osm_key":"0","osm_way_ids":[927236593],"name":"OSM 보행 구간","length":58.985,"stairs":false,"slope":null,"width":null,"curb_height":null,"surface":"concrete","elevator_required":false,"elevator_status":null,"blocked":false,"block_reason":null,"wheelchair_accessible":null,"accessibility_status":"unknown","source":"osm","accessibility_source":"osm_tags","confidence":0.7,"verified":false,"updated_at":null,"highway":["footway"],"raw_accessibility_tags":{},"crosswalk_samples":[],"approach_ids":[],"demo_editable":false,"feature_type":"edge"}},{"type":"Feature","geometry":{"type":"LineString","coordinates":[[126.9312787,37.3890051],[126.9305682,37.3886547]]},"properties":{"edge_id":"OSM_E_318577513_10f292e6bc","from_node":"OSM_N3832488849","to_node":"OSM_N3832488876","osm_u":"3832488849","osm_v":"3832488876","osm_key":"0","osm_way_ids":[318577513],"name":"수리산로","length":73.881,"stairs":false,"slope":null,"width":null,"curb_height":null,"surface":"unknown","elevator_required":false,"elevator_status":null,"blocked":false,"block_reason":null,"wheelchair_accessible":null,"accessibility_status":"unknown","source":"osm","accessibility_source":"osm_tags","confidence":0.7,"verified":false,"updated_at":null,"highway":["tertiary"],"raw_accessibility_tags":{},"crosswalk_samples":[],"approach_ids":[],"demo_editable":false,"feature_type":"edge"}},{"type":"Feature","geometry":{"type":"LineString","coordinates":[[126.9312787,37.3890051],[126.9310476,37.3892922]]},"properties":{"edge_id":"OSM_E_379904043_ac9e6fceb0","from_node":"OSM_N3832488849","to_node":"OSM_N3832488890","osm_u":"3832488849","osm_v":"3832488890","osm_key":"0","osm_way_ids":[379904043],"name":"수리산로47번길","length":37.895,"stairs":false,"slope":null,"width":null,"curb_height":null,"surface":"unknown","elevator_required":false,"elevator_status":null,"blocked":false,"block_reason":null,"wheelchair_accessible":null,"accessibility_status":"unknown","source":"osm","accessibility_source":"osm_tags","confidence":0.7,"verified":false,"updated_at":null,"highway":["residential"],"raw_accessibility_tags":{},"crosswalk_samples":[],"approach_ids":[],"demo_editable":false,"feature_type":"edge"}},{"type":"Feature","geometry":{"type":"LineString","coordinates":[[126.9305682,37.3886547],[126.9308217,37.3883554]]},"properties":{"edge_id":"OSM_E_379897516_c95c5767ee","from_node":"OSM_N3832488876","to_node":"OSM_N3832488879","osm_u":"3832488876","osm_v":"3832488879","osm_key":"0","osm_way_ids":[379897516],"name":"수리산로40번길","length":40.115,"stairs":false,"slope":null,"width":null,"curb_height":null,"surface":"unknown","elevator_required":false,"elevator_status":null,"blocked":false,"block_reason":null,"wheelchair_accessible":null,"accessibility_status":"unknown","source":"osm","accessibility_source":"osm_tags","confidence":0.7,"verified":false,"updated_at":null,"highway":["residential"],"raw_accessibility_tags":{},"crosswalk_samples":[],"approach_ids":[],"demo_editable":false,"feature_type":"edge"}},{"type":"Feature","geometry":{"type":"LineString","coordinates":[[126.9295483,37.3890619],[126.9308497,37.3892866],[126.9309799,37.3893754]]},"properties":{"edge_id":"OSM_E_379897520_b6fff10f0f","from_node":"OSM_N3832488883","to_node":"OSM_N3832488885","osm_u":"3832488883","osm_v":"3832488885","osm_key":"0","osm_way_ids":[379897520],"name":"안양로168번길","length":132.819,"stairs":false,"slope":null,"width":null,"curb_height":null,"surface":"unknown","elevator_required":false,"elevator_status":null,"blocked":false,"block_reason":null,"wheelchair_accessible":null,"accessibility_status":"unknown","source":"osm","accessibility_source":"osm_tags","confidence":0.7,"verified":false,"updated_at":null,"highway":["residential"],"raw_accessibility_tags":{},"crosswalk_samples":[],"approach_ids":[],"demo_editable":false,"feature_type":"edge"}},{"type":"Feature","geometry":{"type":"LineString","coordinates":[[126.9309799,37.3893754],[126.9308562,37.3895308]]},"properties":{"edge_id":"OSM_E_379904043_d1b70ed6a3","from_node":"OSM_N3832488885","to_node":"OSM_N3832488895","osm_u":"3832488885","osm_v":"3832488895","osm_key":"0","osm_way_ids":[379904043],"name":"수리산로47번길","length":20.446,"stairs":false,"slope":null,"width":null,"curb_height":null,"surface":"unknown","elevator_required":false,"elevator_status":null,"blocked":false,"block_reason":null,"wheelchair_accessible":null,"accessibility_status":"unknown","source":"osm","accessibility_source":"osm_tags","confidence":0.7,"verified":false,"updated_at":null,"highway":["residential"],"raw_accessibility_tags":{},"crosswalk_samples":[],"approach_ids":[],"demo_editable":false,"feature_type":"edge"}},{"type":"Feature","geometry":{"type":"LineString","coordinates":[[126.9309799,37.3893754],[126.9310476,37.3892922]]},"properties":{"edge_id":"OSM_E_379904043_776a865af5","from_node":"OSM_N3832488885","to_node":"OSM_N3832488890","osm_u":"3832488885","osm_v":"3832488890","osm_key":"0","osm_way_ids":[379904043],"name":"수리산로47번길","length":11.016,"stairs":false,"slope":null,"width":null,"curb_height":null,"surface":"unknown","elevator_required":false,"elevator_status":null,"blocked":false,"block_reason":null,"wheelchair_accessible":null,"accessibility_status":"unknown","source":"osm","accessibility_source":"osm_tags","confidence":0.7,"verified":false,"updated_at":null,"highway":["residential"],"raw_accessibility_tags":{},"crosswalk_samples":[],"approach_ids":[],"demo_editable":false,"feature_type":"edge"}},{"type":"Feature","geometry":{"type":"LineString","coordinates":[[126.9315436,37.3899584],[126.9315931,37.3899113]]},"properties":{"edge_id":"OSM_E_379897522_243be4c5c2","from_node":"OSM_N3832488889","to_node":"OSM_N3832488896","osm_u":"3832488889","osm_v":"3832488896","osm_key":"0","osm_way_ids":[379897522],"name":"수리산로55번길","length":6.823,"stairs":false,"slope":null,"width":null,"curb_height":null,"surface":"unknown","elevator_required":false,"elevator_status":null,"blocked":false,"block_reason":null,"wheelchair_accessible":null,"accessibility_status":"unknown","source":"osm","accessibility_source":"osm_tags","confidence":0.7,"verified":false,"updated_at":null,"highway":["residential"],"raw_accessibility_tags":{},"crosswalk_samples":[],"approach_ids":[],"demo_editable":false,"feature_type":"edge"}},{"type":"Feature","geometry":{"type":"LineString","coordinates":[[126.9310476,37.3892922],[126.9317945,37.3896741]]},"properties":{"edge_id":"OSM_E_809386751_e2eb137bb9","from_node":"OSM_N3832488890","to_node":"OSM_N3832488891","osm_u":"3832488890","osm_v":"3832488891","osm_key":"0","osm_way_ids":[809386751],"name":"수리산로47번길","length":78.47,"stairs":false,"slope":null,"width":null,"curb_height":null,"surface":"unknown","elevator_required":false,"elevator_status":null,"blocked":false,"block_reason":null,"wheelchair_accessible":null,"accessibility_status":"unknown","source":"osm","accessibility_source":"osm_tags","confidence":0.7,"verified":false,"updated_at":null,"highway":["living_street"],"raw_accessibility_tags":{},"crosswalk_samples":[],"approach_ids":[],"demo_editable":false,"feature_type":"edge"}},{"type":"Feature","geometry":{"type":"LineString","coordinates":[[126.9317945,37.3896741],[126.9315931,37.3899113]]},"properties":{"edge_id":"OSM_E_379897522_b58ed55f80","from_node":"OSM_N3832488891","to_node":"OSM_N3832488896","osm_u":"3832488891","osm_v":"3832488896","osm_key":"0","osm_way_ids":[379897522],"name":"수리산로55번길","length":31.816,"stairs":false,"slope":null,"width":null,"curb_height":null,"surface":"unknown","elevator_required":false,"elevator_status":null,"blocked":false,"block_reason":null,"wheelchair_accessible":null,"accessibility_status":"unknown","source":"osm","accessibility_source":"osm_tags","confidence":0.7,"verified":false,"updated_at":null,"highway":["residential"],"raw_accessibility_tags":{},"crosswalk_samples":[],"approach_ids":[],"demo_editable":false,"feature_type":"edge"}},{"type":"Feature","geometry":{"type":"LineString","coordinates":[[126.9308562,37.3895308],[126.9315931,37.3899113]]},"properties":{"edge_id":"OSM_E_379897525_ab41e2b8ec","from_node":"OSM_N3832488895","to_node":"OSM_N3832488896","osm_u":"3832488895","osm_v":"3832488896","osm_key":"0","osm_way_ids":[379897525],"name":"수리산로47번길","length":77.643,"stairs":false,"slope":null,"width":null,"curb_height":null,"surface":"unknown","elevator_required":false,"elevator_status":null,"blocked":false,"block_reason":null,"wheelchair_accessible":null,"accessibility_status":"unknown","source":"osm","accessibility_source":"osm_tags","confidence":0.7,"verified":false,"updated_at":null,"highway":["living_street"],"raw_accessibility_tags":{},"crosswalk_samples":[],"approach_ids":[],"demo_editable":false,"feature_type":"edge"}},{"type":"Feature","geometry":{"type":"LineString","coordinates":[[126.9254284,37.3899643],[126.9262594,37.3904054]]},"properties":{"edge_id":"OSM_E_379904040_1d7be2ad9f","from_node":"OSM_N3832541730","to_node":"OSM_N3832541731","osm_u":"3832541730","osm_v":"3832541731","osm_key":"0","osm_way_ids":[379904040],"name":"냉천로98번길","length":88.293,"stairs":false,"slope":null,"width":null,"curb_height":null,"surface":"unknown","elevator_required":false,"elevator_status":null,"blocked":false,"block_reason":null,"wheelchair_accessible":null,"accessibility_status":"unknown","source":"osm","accessibility_source":"osm_tags","confidence":0.7,"verified":false,"updated_at":null,"highway":["residential"],"raw_accessibility_tags":{},"crosswalk_samples":["CW33"],"approach_ids":["CW33-A","CW33-B"],"demo_editable":false,"feature_type":"edge"}},{"type":"Feature","geometry":{"type":"LineString","coordinates":[[126.9262594,37.3904054],[126.9270469,37.3908271]]},"properties":{"edge_id":"OSM_E_379904040_f339637c86","from_node":"OSM_N3832541731","to_node":"OSM_N3832541732","osm_u":"3832541731","osm_v":"3832541732","osm_key":"0","osm_way_ids":[379904040],"name":"냉천로98번길","length":83.899,"stairs":false,"slope":null,"width":null,"curb_height":null,"surface":"unknown","elevator_required":false,"elevator_status":null,"blocked":false,"block_reason":null,"wheelchair_accessible":null,"accessibility_status":"unknown","source":"osm","accessibility_source":"osm_tags","confidence":0.7,"verified":false,"updated_at":null,"highway":["residential"],"raw_accessibility_tags":{},"crosswalk_samples":[],"approach_ids":[],"demo_editable":false,"feature_type":"edge"}},{"type":"Feature","geometry":{"type":"LineString","coordinates":[[126.9262594,37.3904054],[126.9259522,37.390781]]},"properties":{"edge_id":"OSM_E_379904041_59d77a2214","from_node":"OSM_N3832541731","to_node":"OSM_N3832541734","osm_u":"3832541731","osm_v":"3832541734","osm_key":"0","osm_way_ids":[379904041],"name":"소곡로50번길","length":49.808,"stairs":false,"slope":null,"width":null,"curb_height":null,"surface":"unknown","elevator_required":false,"elevator_status":null,"blocked":false,"block_reason":null,"wheelchair_accessible":null,"accessibility_status":"unknown","source":"osm","accessibility_source":"osm_tags","confidence":0.7,"verified":false,"updated_at":null,"highway":["residential"],"raw_accessibility_tags":{},"crosswalk_samples":[],"approach_ids":[],"demo_editable":false,"feature_type":"edge"}},{"type":"Feature","geometry":{"type":"LineString","coordinates":[[126.9262594,37.3904054],[126.9266245,37.3899592]]},"properties":{"edge_id":"OSM_E_379904041_f2929aec1e","from_node":"OSM_N3832541731","to_node":"OSM_N3832541733","osm_u":"3832541731","osm_v":"3832541733","osm_key":"0","osm_way_ids":[379904041],"name":"소곡로50번길","length":59.178,"stairs":false,"slope":null,"width":null,"curb_height":null,"surface":"unknown","elevator_required":false,"elevator_status":null,"blocked":false,"block_reason":null,"wheelchair_accessible":null,"accessibility_status":"unknown","source":"osm","accessibility_source":"osm_tags","confidence":0.7,"verified":false,"updated_at":null,"highway":["residential"],"raw_accessibility_tags":{},"crosswalk_samples":[],"approach_ids":[],"demo_editable":false,"feature_type":"edge"}},{"type":"Feature","geometry":{"type":"LineString","coordinates":[[126.9259522,37.390781],[126.9257011,37.3906492]]},"properties":{"edge_id":"OSM_E_38609193_cac60686d8","from_node":"OSM_N3832541734","to_node":"OSM_N3832542000","osm_u":"3832541734","osm_v":"3832542000","osm_key":"0","osm_way_ids":[38609193],"name":"현충로","length":26.588,"stairs":false,"slope":null,"width":null,"curb_height":null,"surface":"unknown","elevator_required":false,"elevator_status":null,"blocked":false,"block_reason":null,"wheelchair_accessible":null,"accessibility_status":"unknown","source":"osm","accessibility_source":"osm_tags","confidence":0.7,"verified":false,"updated_at":null,"highway":["tertiary"],"raw_accessibility_tags":{},"crosswalk_samples":[],"approach_ids":[],"demo_editable":false,"feature_type":"edge"}},{"type":"Feature","geometry":{"type":"LineString","coordinates":[[126.9280608,37.391893],[126.9284632,37.3921132]]},"properties":{"edge_id":"OSM_E_38609193_8dbd554482","from_node":"OSM_N3832541735","to_node":"OSM_N3832542011","osm_u":"3832541735","osm_v":"3832542011","osm_key":"0","osm_way_ids":[38609193],"name":"현충로","length":43.166,"stairs":false,"slope":null,"width":null,"curb_height":null,"surface":"unknown","elevator_required":false,"elevator_status":null,"blocked":false,"block_reason":null,"wheelchair_accessible":null,"accessibility_status":"unknown","source":"osm","accessibility_source":"osm_tags","confidence":0.7,"verified":false,"updated_at":null,"highway":["tertiary"],"raw_accessibility_tags":{},"crosswalk_samples":[],"approach_ids":[],"demo_editable":false,"feature_type":"edge"}},{"type":"Feature","geometry":{"type":"LineString","coordinates":[[126.9280608,37.391893],[126.9273391,37.3927813]]},"properties":{"edge_id":"OSM_E_379904042_0c176fb4e3","from_node":"OSM_N3832541735","to_node":"OSM_N3832542005","osm_u":"3832541735","osm_v":"3832542005","osm_key":"0","osm_way_ids":[379904042],"name":"현충로28번길","length":117.565,"stairs":false,"slope":null,"width":null,"curb_height":null,"surface":"unknown","elevator_required":false,"elevator_status":null,"blocked":false,"block_reason":null,"wheelchair_accessible":null,"accessibility_status":"unknown","source":"osm","accessibility_source":"osm_tags","confidence":0.7,"verified":false,"updated_at":null,"highway":["residential"],"raw_accessibility_tags":{},"crosswalk_samples":[],"approach_ids":[],"demo_editable":false,"feature_type":"edge"}},{"type":"Feature","geometry":{"type":"LineString","coordinates":[[126.9294584,37.3911962],[126.9290499,37.3917065]]},"properties":{"edge_id":"OSM_E_38609094_a77144a139","from_node":"OSM_N3832541736","to_node":"OSM_N3832541739","osm_u":"3832541736","osm_v":"3832541739","osm_key":"0","osm_way_ids":[38609094],"name":"소곡로20번길","length":67.247,"stairs":false,"slope":null,"width":null,"curb_height":null,"surface":"unknown","elevator_required":false,"elevator_status":null,"blocked":false,"block_reason":null,"wheelchair_accessible":null,"accessibility_status":"unknown","source":"osm","accessibility_source":"osm_tags","confidence":0.7,"verified":false,"updated_at":null,"highway":["residential"],"raw_accessibility_tags":{},"crosswalk_samples":[],"approach_ids":[],"demo_editable":false,"feature_type":"edge"}},{"type":"Feature","geometry":{"type":"LineString","coordinates":[[126.9294584,37.3911962],[126.9303197,37.3916597]]},"properties":{"edge_id":"OSM_E_38609212_0d23a93480","from_node":"OSM_N3832541736","to_node":"OSM_N3832541746","osm_u":"3832541736","osm_v":"3832541746","osm_key":"0","osm_way_ids":[38609212],"name":"소곡로","length":91.903,"stairs":false,"slope":null,"width":null,"curb_height":null,"surface":"unknown","elevator_required":false,"elevator_status":null,"blocked":false,"block_reason":null,"wheelchair_accessible":null,"accessibility_status":"unknown","source":"osm","accessibility_source":"osm_tags","confidence":0.7,"verified":false,"updated_at":null,"highway":["tertiary"],"raw_accessibility_tags":{},"crosswalk_samples":[],"approach_ids":[],"demo_editable":false,"feature_type":"edge"}},{"type":"Feature","geometry":{"type":"LineString","coordinates":[[126.9294584,37.3911962],[126.9298056,37.3907889]]},"properties":{"edge_id":"OSM_E_379904043_cc5e488961","from_node":"OSM_N3832541736","to_node":"OSM_N3832541745","osm_u":"3832541736","osm_v":"3832541745","osm_key":"0","osm_way_ids":[379904043],"name":"수리산로47번길","length":54.699,"stairs":false,"slope":null,"width":null,"curb_height":null,"surface":"unknown","elevator_required":false,"elevator_status":null,"blocked":false,"block_reason":null,"wheelchair_accessible":null,"accessibility_status":"unknown","source":"osm","accessibility_source":"osm_tags","confidence":0.7,"verified":false,"updated_at":null,"highway":["residential"],"raw_accessibility_tags":{},"crosswalk_samples":[],"approach_ids":[],"demo_editable":false,"feature_type":"edge"}},{"type":"Feature","geometry":{"type":"LineString","coordinates":[[126.9310604,37.392752],[126.9298999,37.3921508]]},"properties":{"edge_id":"OSM_E_379904044_67e00c47d5","from_node":"OSM_N3832541737","to_node":"OSM_N3832541738","osm_u":"3832541737","osm_v":"3832541738","osm_key":"0","osm_way_ids":[379904044],"name":"만안로111번길","length":122.393,"stairs":false,"slope":null,"width":null,"curb_height":null,"surface":"unknown","elevator_required":false,"elevator_status":null,"blocked":false,"block_reason":null,"wheelchair_accessible":null,"accessibility_status":"unknown","source":"osm","accessibility_source":"osm_tags","confidence":0.7,"verified":false,"updated_at":null,"highway":["residential"],"raw_accessibility_tags":{},"crosswalk_samples":[],"approach_ids":[],"demo_editable":false,"feature_type":"edge"}},{"type":"Feature","geometry":{"type":"LineString","coordinates":[[126.9298999,37.3921508],[126.9303197,37.3916597]]},"properties":{"edge_id":"OSM_E_38609231_0774353b46","from_node":"OSM_N3832541738","to_node":"OSM_N3832541746","osm_u":"3832541738","osm_v":"3832541746","osm_key":"0","osm_way_ids":[38609231],"name":"소곡로12번길","length":66.011,"stairs":false,"slope":null,"width":null,"curb_height":null,"surface":"unknown","elevator_required":false,"elevator_status":null,"blocked":false,"block_reason":null,"wheelchair_accessible":null,"accessibility_status":"unknown","source":"osm","accessibility_source":"osm_tags","confidence":0.7,"verified":false,"updated_at":null,"highway":["residential"],"raw_accessibility_tags":{},"crosswalk_samples":[],"approach_ids":[],"demo_editable":false,"feature_type":"edge"}},{"type":"Feature","geometry":{"type":"LineString","coordinates":[[126.9298999,37.3921508],[126.9290499,37.3917065]]},"properties":{"edge_id":"OSM_E_379904044_bb6a577160","from_node":"OSM_N3832541738","to_node":"OSM_N3832541739","osm_u":"3832541738","osm_v":"3832541739","osm_key":"0","osm_way_ids":[379904044],"name":"만안로111번길","length":89.887,"stairs":false,"slope":null,"width":null,"curb_height":null,"surface":"unknown","elevator_required":false,"elevator_status":null,"blocked":false,"block_reason":null,"wheelchair_accessible":null,"accessibility_status":"unknown","source":"osm","accessibility_source":"osm_tags","confidence":0.7,"verified":false,"updated_at":null,"highway":["residential"],"raw_accessibility_tags":{},"crosswalk_samples":[],"approach_ids":[],"demo_editable":false,"feature_type":"edge"}},{"type":"Feature","geometry":{"type":"LineString","coordinates":[[126.9321042,37.3912435],[126.931708,37.3918091]]},"properties":{"edge_id":"OSM_E_318729248_f0f0d4e630","from_node":"OSM_N3832541740","to_node":"OSM_N3832541743","osm_u":"3832541740","osm_v":"3832541743","osm_key":"0","osm_way_ids":[318729248],"name":"만안로","length":71.976,"stairs":false,"slope":null,"width":null,"curb_height":null,"surface":"unknown","elevator_required":false,"elevator_status":null,"blocked":false,"block_reason":null,"wheelchair_accessible":null,"accessibility_status":"unknown","source":"osm","accessibility_source":"osm_tags","confidence":0.7,"verified":false,"updated_at":null,"highway":["tertiary"],"raw_accessibility_tags":{},"crosswalk_samples":[],"approach_ids":[],"demo_editable":false,"feature_type":"edge"}},{"type":"Feature","geometry":{"type":"LineString","coordinates":[[126.9321042,37.3912435],[126.931111,37.3906935]]},"properties":{"edge_id":"OSM_E_379904045_c04dc0496e","from_node":"OSM_N3832541740","to_node":"OSM_N3832541741","osm_u":"3832541740","osm_v":"3832541741","osm_key":"0","osm_way_ids":[379904045],"name":"만안로91번길","length":106.955,"stairs":false,"slope":null,"width":null,"curb_height":null,"surface":"unknown","elevator_required":false,"elevator_status":null,"blocked":false,"block_reason":null,"wheelchair_accessible":null,"accessibility_status":"unknown","source":"osm","accessibility_source":"osm_tags","confidence":0.7,"verified":false,"updated_at":null,"highway":["residential"],"raw_accessibility_tags":{},"crosswalk_samples":[],"approach_ids":[],"demo_editable":false,"feature_type":"edge"}},{"type":"Feature","geometry":{"type":"LineString","coordinates":[[126.931111,37.3906935],[126.9302516,37.3902317]]},"properties":{"edge_id":"OSM_E_379904045_f920d1cca4","from_node":"OSM_N3832541741","to_node":"OSM_N3832541742","osm_u":"3832541741","osm_v":"3832541742","osm_key":"0","osm_way_ids":[379904045],"name":"만안로91번길","length":91.659,"stairs":false,"slope":null,"width":null,"curb_height":null,"surface":"unknown","elevator_required":false,"elevator_status":null,"blocked":false,"block_reason":null,"wheelchair_accessible":null,"accessibility_status":"unknown","source":"osm","accessibility_source":"osm_tags","confidence":0.7,"verified":false,"updated_at":null,"highway":["residential"],"raw_accessibility_tags":{},"crosswalk_samples":[],"approach_ids":[],"demo_editable":false,"feature_type":"edge"}},{"type":"Feature","geometry":{"type":"LineString","coordinates":[[126.931111,37.3906935],[126.9306389,37.391257]]},"properties":{"edge_id":"OSM_E_379904048_22cfb60cee","from_node":"OSM_N3832541741","to_node":"OSM_N3832541744","osm_u":"3832541741","osm_v":"3832541744","osm_key":"0","osm_way_ids":[379904048],"name":"수리산로55번길","length":75.27,"stairs":false,"slope":null,"width":null,"curb_height":null,"surface":"unknown","elevator_required":false,"elevator_status":null,"blocked":false,"block_reason":null,"wheelchair_accessible":null,"accessibility_status":"unknown","source":"osm","accessibility_source":"osm_tags","confidence":0.7,"verified":false,"updated_at":null,"highway":["residential"],"raw_accessibility_tags":{},"crosswalk_samples":[],"approach_ids":[],"demo_editable":false,"feature_type":"edge"}},{"type":"Feature","geometry":{"type":"LineString","coordinates":[[126.9302516,37.3902317],[126.9301836,37.3903167]]},"properties":{"edge_id":"OSM_E_379904043_a08a8fbd62","from_node":"OSM_N3832541742","to_node":"OSM_N9212485628","osm_u":"3832541742","osm_v":"9212485628","osm_key":"0","osm_way_ids":[379904043],"name":"수리산로47번길","length":11.199,"stairs":false,"slope":null,"width":null,"curb_height":null,"surface":"unknown","elevator_required":false,"elevator_status":null,"blocked":false,"block_reason":null,"wheelchair_accessible":null,"accessibility_status":"unknown","source":"osm","accessibility_source":"osm_tags","confidence":0.7,"verified":false,"updated_at":null,"highway":["residential"],"raw_accessibility_tags":{},"crosswalk_samples":[],"approach_ids":[],"demo_editable":false,"feature_type":"edge"}},{"type":"Feature","geometry":{"type":"LineString","coordinates":[[126.931708,37.3918091],[126.9306389,37.391257]]},"properties":{"edge_id":"OSM_E_379904046_2b0a4b5ad1","from_node":"OSM_N3832541743","to_node":"OSM_N3832541744","osm_u":"3832541743","osm_v":"3832541744","osm_key":"0","osm_way_ids":[379904046],"name":"만안로99번길","length":112.648,"stairs":false,"slope":null,"width":null,"curb_height":null,"surface":"unknown","elevator_required":false,"elevator_status":null,"blocked":false,"block_reason":null,"wheelchair_accessible":null,"accessibility_status":"unknown","source":"osm","accessibility_source":"osm_tags","confidence":0.7,"verified":false,"updated_at":null,"highway":["residential"],"raw_accessibility_tags":{},"crosswalk_samples":[],"approach_ids":[],"demo_editable":false,"feature_type":"edge"}},{"type":"Feature","geometry":{"type":"LineString","coordinates":[[126.9306389,37.391257],[126.9298056,37.3907889]]},"properties":{"edge_id":"OSM_E_379904046_a01f0249cd","from_node":"OSM_N3832541744","to_node":"OSM_N3832541745","osm_u":"3832541744","osm_v":"3832541745","osm_key":"0","osm_way_ids":[379904046],"name":"만안로99번길","length":90.16,"stairs":false,"slope":null,"width":null,"curb_height":null,"surface":"unknown","elevator_required":false,"elevator_status":null,"blocked":false,"block_reason":null,"wheelchair_accessible":null,"accessibility_status":"unknown","source":"osm","accessibility_source":"osm_tags","confidence":0.7,"verified":false,"updated_at":null,"highway":["residential"],"raw_accessibility_tags":{},"crosswalk_samples":[],"approach_ids":[],"demo_editable":false,"feature_type":"edge"}},{"type":"Feature","geometry":{"type":"LineString","coordinates":[[126.9306389,37.391257],[126.9303197,37.3916597]]},"properties":{"edge_id":"OSM_E_379904048_f686efb3cf","from_node":"OSM_N3832541744","to_node":"OSM_N3832541746","osm_u":"3832541744","osm_v":"3832541746","osm_key":"0","osm_way_ids":[379904048],"name":"수리산로55번길","length":52.918,"stairs":false,"slope":null,"width":null,"curb_height":null,"surface":"unknown","elevator_required":false,"elevator_status":null,"blocked":false,"block_reason":null,"wheelchair_accessible":null,"accessibility_status":"unknown","source":"osm","accessibility_source":"osm_tags","confidence":0.7,"verified":false,"updated_at":null,"highway":["residential"],"raw_accessibility_tags":{},"crosswalk_samples":[],"approach_ids":[],"demo_editable":false,"feature_type":"edge"}},{"type":"Feature","geometry":{"type":"LineString","coordinates":[[126.9298056,37.3907889],[126.9301836,37.3903167]]},"properties":{"edge_id":"OSM_E_379904043_b3e3cafb12","from_node":"OSM_N3832541745","to_node":"OSM_N9212485628","osm_u":"3832541745","osm_v":"9212485628","osm_key":"0","osm_way_ids":[379904043],"name":"수리산로47번길","length":62.226,"stairs":false,"slope":null,"width":null,"curb_height":null,"surface":"unknown","elevator_required":false,"elevator_status":null,"blocked":false,"block_reason":null,"wheelchair_accessible":null,"accessibility_status":"unknown","source":"osm","accessibility_source":"osm_tags","confidence":0.7,"verified":false,"updated_at":null,"highway":["residential"],"raw_accessibility_tags":{},"crosswalk_samples":[],"approach_ids":[],"demo_editable":false,"feature_type":"edge"}},{"type":"Feature","geometry":{"type":"LineString","coordinates":[[126.9298056,37.3907889],[126.9286259,37.3901586]]},"properties":{"edge_id":"OSM_E_997748697_b9dcc9108c","from_node":"OSM_N3832541745","to_node":"OSM_N9212485627","osm_u":"3832541745","osm_v":"9212485627","osm_key":"0","osm_way_ids":[997748697],"name":"OSM 보행 구간","length":125.596,"stairs":false,"slope":null,"width":null,"curb_height":null,"surface":"unknown","elevator_required":false,"elevator_status":null,"blocked":false,"block_reason":null,"wheelchair_accessible":null,"accessibility_status":"unknown","source":"osm","accessibility_source":"osm_tags","confidence":0.7,"verified":false,"updated_at":null,"highway":["footway"],"raw_accessibility_tags":{},"crosswalk_samples":[],"approach_ids":[],"demo_editable":false,"feature_type":"edge"}},{"type":"Feature","geometry":{"type":"LineString","coordinates":[[126.918843,37.3897122],[126.9193238,37.3897342]]},"properties":{"edge_id":"OSM_E_82908648_1ab89f2446","from_node":"OSM_N3832541747","to_node":"OSM_N3832541750","osm_u":"3832541747","osm_v":"3832541750","osm_key":"0","osm_way_ids":[82908648],"name":"현충로","length":42.548,"stairs":false,"slope":null,"width":null,"curb_height":null,"surface":"unknown","elevator_required":false,"elevator_status":null,"blocked":false,"block_reason":null,"wheelchair_accessible":null,"accessibility_status":"unknown","source":"osm","accessibility_source":"osm_tags","confidence":0.7,"verified":false,"updated_at":null,"highway":["service"],"raw_accessibility_tags":{},"crosswalk_samples":[],"approach_ids":[],"demo_editable":false,"feature_type":"edge"}},{"type":"Feature","geometry":{"type":"LineString","coordinates":[[126.918843,37.3897122],[126.9187755,37.3896883],[126.9188026,37.3896543],[126.9194984,37.3894001],[126.9203811,37.3893299],[126.9205796,37.3893334],[126.921051,37.3893718],[126.9214775,37.3893089],[126.9217618,37.3893714],[126.9218366,37.3893988]]},"properties":{"edge_id":"OSM_E_82908648_bc495b4b83","from_node":"OSM_N3832541747","to_node":"OSM_N10703342346","osm_u":"3832541747","osm_v":"10703342346","osm_key":"0","osm_way_ids":[82908648],"name":"현충로","length":288.105,"stairs":false,"slope":null,"width":null,"curb_height":null,"surface":"unknown","elevator_required":false,"elevator_status":null,"blocked":false,"block_reason":null,"wheelchair_accessible":null,"accessibility_status":"unknown","source":"osm","accessibility_source":"osm_tags","confidence":0.7,"verified":false,"updated_at":null,"highway":["service"],"raw_accessibility_tags":{},"crosswalk_samples":[],"approach_ids":[],"demo_editable":false,"feature_type":"edge"}},{"type":"Feature","geometry":{"type":"LineString","coordinates":[[126.918843,37.3897122],[126.9188888,37.3898888],[126.9189356,37.390268],[126.9189419,37.3903191]]},"properties":{"edge_id":"OSM_E_379904049_418f1442b2","from_node":"OSM_N3832541747","to_node":"OSM_N3832541749","osm_u":"3832541747","osm_v":"3832541749","osm_key":"0","osm_way_ids":[379904049],"name":"OSM 보행 구간","length":68.126,"stairs":false,"slope":null,"width":null,"curb_height":null,"surface":"unknown","elevator_required":false,"elevator_status":null,"blocked":false,"block_reason":null,"wheelchair_accessible":null,"accessibility_status":"unknown","source":"osm","accessibility_source":"osm_tags","confidence":0.7,"verified":false,"updated_at":null,"highway":["service"],"raw_accessibility_tags":{},"crosswalk_samples":[],"approach_ids":[],"demo_editable":false,"feature_type":"edge"}},{"type":"Feature","geometry":{"type":"LineString","coordinates":[[126.9193238,37.3897342],[126.919396,37.3902082],[126.919401,37.3902411]]},"properties":{"edge_id":"OSM_E_379904050_58d3532b9b","from_node":"OSM_N3832541750","to_node":"OSM_N3832541751","osm_u":"3832541750","osm_v":"3832541751","osm_key":"0","osm_way_ids":[379904050],"name":"OSM 보행 구간","length":56.776,"stairs":false,"slope":null,"width":null,"curb_height":null,"surface":"unknown","elevator_required":false,"elevator_status":null,"blocked":false,"block_reason":null,"wheelchair_accessible":null,"accessibility_status":"unknown","source":"osm","accessibility_source":"osm_tags","confidence":0.7,"verified":false,"updated_at":null,"highway":["service"],"raw_accessibility_tags":{},"crosswalk_samples":[],"approach_ids":[],"demo_editable":false,"feature_type":"edge"}},{"type":"Feature","geometry":{"type":"LineString","coordinates":[[126.9238043,37.3921125],[126.9242829,37.3923615]]},"properties":{"edge_id":"OSM_E_379904072_1c76f13d3f","from_node":"OSM_N3832541794","to_node":"OSM_N3832541997","osm_u":"3832541794","osm_v":"3832541997","osm_key":"0","osm_way_ids":[379904072],"name":"안양로223번길","length":50.54,"stairs":false,"slope":null,"width":null,"curb_height":null,"surface":"unknown","elevator_required":false,"elevator_status":null,"blocked":false,"block_reason":null,"wheelchair_accessible":null,"accessibility_status":"unknown","source":"osm","accessibility_source":"osm_tags","confidence":0.7,"verified":false,"updated_at":null,"highway":["residential"],"raw_accessibility_tags":{},"crosswalk_samples":["CW23"],"approach_ids":["CW23-A","CW23-B"],"demo_editable":false,"feature_type":"edge"}},{"type":"Feature","geometry":{"type":"LineString","coordinates":[[126.9238043,37.3921125],[126.9236625,37.392287],[126.9234547,37.3925426]]},"properties":{"edge_id":"OSM_E_38609097_cb0ee00a20","from_node":"OSM_N3832541794","to_node":"OSM_N3832541998","osm_u":"3832541794","osm_v":"3832541998","osm_key":"0","osm_way_ids":[38609097],"name":"냉천로","length":56.931,"stairs":false,"slope":null,"width":null,"curb_height":null,"surface":"unknown","elevator_required":false,"elevator_status":null,"blocked":false,"block_reason":null,"wheelchair_accessible":null,"accessibility_status":"unknown","source":"osm","accessibility_source":"osm_tags","confidence":0.7,"verified":false,"updated_at":null,"highway":["tertiary"],"raw_accessibility_tags":{},"crosswalk_samples":["CW22","CW24"],"approach_ids":["CW22-A","CW22-B","CW24-A","CW24-B"],"demo_editable":false,"feature_type":"edge"}},{"type":"Feature","geometry":{"type":"LineString","coordinates":[[126.9238043,37.3921125],[126.9241195,37.3917288],[126.9242717,37.3915519],[126.9244013,37.3914009],[126.9244934,37.3912836]]},"properties":{"edge_id":"OSM_E_38609097_9f191ff09b","from_node":"OSM_N3832541794","to_node":"OSM_N3832541993","osm_u":"3832541794","osm_v":"3832541993","osm_key":"0","osm_way_ids":[38609097],"name":"냉천로","length":110.471,"stairs":false,"slope":null,"width":null,"curb_height":null,"surface":"unknown","elevator_required":false,"elevator_status":null,"blocked":false,"block_reason":null,"wheelchair_accessible":null,"accessibility_status":"unknown","source":"osm","accessibility_source":"osm_tags","confidence":0.7,"verified":false,"updated_at":null,"highway":["tertiary"],"raw_accessibility_tags":{},"crosswalk_samples":["CW25","CW26"],"approach_ids":["CW25-A","CW25-B","CW26-A","CW26-B"],"demo_editable":false,"feature_type":"edge"}},{"type":"Feature","geometry":{"type":"LineString","coordinates":[[126.9221236,37.3928949],[126.921981,37.3929472],[126.9218406,37.3930238]]},"properties":{"edge_id":"OSM_E_38609292_fd96901b07","from_node":"OSM_N3832541821","to_node":"OSM_N3833822412","osm_u":"3832541821","osm_v":"3833822412","osm_key":"0","osm_way_ids":[38609292],"name":"삼덕로","length":28.922,"stairs":false,"slope":null,"width":null,"curb_height":null,"surface":"unknown","elevator_required":false,"elevator_status":null,"blocked":false,"block_reason":null,"wheelchair_accessible":null,"accessibility_status":"unknown","source":"osm","accessibility_source":"osm_tags","confidence":0.7,"verified":false,"updated_at":null,"highway":["tertiary"],"raw_accessibility_tags":{},"crosswalk_samples":[],"approach_ids":[],"demo_editable":false,"feature_type":"edge"}},{"type":"Feature","geometry":{"type":"LineString","coordinates":[[126.9221236,37.3928949],[126.9219114,37.3926406],[126.9216002,37.392506],[126.9205973,37.3921893]]},"properties":{"edge_id":"OSM_E_1436606239_8cecc7903e","from_node":"OSM_N3832541821","to_node":"OSM_N12247535322","osm_u":"3832541821","osm_v":"12247535322","osm_key":"0","osm_way_ids":[1436606239],"name":"OSM 보행 구간","length":160.571,"stairs":false,"slope":null,"width":null,"curb_height":null,"surface":"unknown","elevator_required":false,"elevator_status":null,"blocked":false,"block_reason":null,"wheelchair_accessible":null,"accessibility_status":"unknown","source":"osm","accessibility_source":"osm_tags","confidence":0.7,"verified":false,"updated_at":null,"highway":["residential"],"raw_accessibility_tags":{},"crosswalk_samples":[],"approach_ids":[],"demo_editable":false,"feature_type":"edge"}},{"type":"Feature","geometry":{"type":"LineString","coordinates":[[126.9188968,37.3944511],[126.9196133,37.3941012]]},"properties":{"edge_id":"OSM_E_38609292_fdaa2bee7e","from_node":"OSM_N3832541832","to_node":"OSM_N3833810197","osm_u":"3832541832","osm_v":"3833810197","osm_key":"0","osm_way_ids":[38609292],"name":"삼덕로","length":74.298,"stairs":false,"slope":null,"width":null,"curb_height":null,"surface":"unknown","elevator_required":false,"elevator_status":null,"blocked":false,"block_reason":null,"wheelchair_accessible":null,"accessibility_status":"unknown","source":"osm","accessibility_source":"osm_tags","confidence":0.7,"verified":false,"updated_at":null,"highway":["tertiary"],"raw_accessibility_tags":{},"crosswalk_samples":[],"approach_ids":[],"demo_editable":false,"feature_type":"edge"}},{"type":"Feature","geometry":{"type":"LineString","coordinates":[[126.9188968,37.3944511],[126.9186605,37.3945776],[126.9184697,37.3946973]]},"properties":{"edge_id":"OSM_E_38609292_a2dc1451de","from_node":"OSM_N3832541832","to_node":"OSM_N3833822391","osm_u":"3832541832","osm_v":"3833822391","osm_key":"0","osm_way_ids":[38609292],"name":"삼덕로","length":46.649,"stairs":false,"slope":null,"width":null,"curb_height":null,"surface":"unknown","elevator_required":false,"elevator_status":null,"blocked":false,"block_reason":null,"wheelchair_accessible":null,"accessibility_status":"unknown","source":"osm","accessibility_source":"osm_tags","confidence":0.7,"verified":false,"updated_at":null,"highway":["tertiary"],"raw_accessibility_tags":{},"crosswalk_samples":[],"approach_ids":[],"demo_editable":false,"feature_type":"edge"}},{"type":"Feature","geometry":{"type":"LineString","coordinates":[[126.9188968,37.3944511],[126.9187797,37.3943025],[126.9186877,37.3942258],[126.9185804,37.3941354],[126.9184557,37.3940419],[126.9183456,37.3939224],[126.9182724,37.3937964],[126.9181968,37.393653],[126.9181033,37.3934066],[126.9180569,37.3932565]]},"properties":{"edge_id":"OSM_E_379904066_b76b13ac6e","from_node":"OSM_N3832541832","to_node":"OSM_N13660517144","osm_u":"3832541832","osm_v":"13660517144","osm_key":"0","osm_way_ids":[379904066],"name":"삼덕로63번길","length":155.229,"stairs":false,"slope":null,"width":null,"curb_height":null,"surface":"unknown","elevator_required":false,"elevator_status":null,"blocked":false,"block_reason":null,"wheelchair_accessible":null,"accessibility_status":"unknown","source":"osm","accessibility_source":"osm_tags","confidence":0.7,"verified":false,"updated_at":null,"highway":["residential"],"raw_accessibility_tags":{},"crosswalk_samples":[],"approach_ids":[],"demo_editable":false,"feature_type":"edge"}},{"type":"Feature","geometry":{"type":"LineString","coordinates":[[126.9267135,37.3924596],[126.9260068,37.3920915]]},"properties":{"edge_id":"OSM_E_379904071_44f503fc86","from_node":"OSM_N3832541989","to_node":"OSM_N3832541990","osm_u":"3832541989","osm_v":"3832541990","osm_key":"0","osm_way_ids":[379904071],"name":"안양로213번길","length":74.654,"stairs":false,"slope":null,"width":null,"curb_height":null,"surface":"unknown","elevator_required":false,"elevator_status":null,"blocked":false,"block_reason":null,"wheelchair_accessible":null,"accessibility_status":"unknown","source":"osm","accessibility_source":"osm_tags","confidence":0.7,"verified":false,"updated_at":null,"highway":["residential"],"raw_accessibility_tags":{},"crosswalk_samples":[],"approach_ids":[],"demo_editable":false,"feature_type":"edge"}},{"type":"Feature","geometry":{"type":"LineString","coordinates":[[126.9267135,37.3924596],[126.9273391,37.3927813]]},"properties":{"edge_id":"OSM_E_379904078_90108bc478","from_node":"OSM_N3832541989","to_node":"OSM_N3832542005","osm_u":"3832541989","osm_v":"3832542005","osm_key":"0","osm_way_ids":[379904078],"name":"안양로214번길","length":65.834,"stairs":false,"slope":null,"width":null,"curb_height":null,"surface":"unknown","elevator_required":false,"elevator_status":null,"blocked":false,"block_reason":null,"wheelchair_accessible":null,"accessibility_status":"unknown","source":"osm","accessibility_source":"osm_tags","confidence":0.7,"verified":false,"updated_at":null,"highway":["residential"],"raw_accessibility_tags":{},"crosswalk_samples":[],"approach_ids":[],"demo_editable":false,"feature_type":"edge"}},{"type":"Feature","geometry":{"type":"LineString","coordinates":[[126.9267135,37.3924596],[126.9260198,37.3932877]]},"properties":{"edge_id":"OSM_E_576208626_205945545a","from_node":"OSM_N3832541989","to_node":"OSM_N3832541994","osm_u":"3832541989","osm_v":"3832541994","osm_key":"0","osm_way_ids":[576208626],"name":"안양로","length":110.61,"stairs":false,"slope":null,"width":null,"curb_height":null,"surface":"unknown","elevator_required":false,"elevator_status":null,"blocked":false,"block_reason":null,"wheelchair_accessible":null,"accessibility_status":"unknown","source":"osm","accessibility_source":"osm_tags","confidence":0.7,"verified":false,"updated_at":null,"highway":["tertiary"],"raw_accessibility_tags":{},"crosswalk_samples":[],"approach_ids":[],"demo_editable":false,"feature_type":"edge"}},{"type":"Feature","geometry":{"type":"LineString","coordinates":[[126.9260068,37.3920915],[126.9254338,37.3917708]]},"properties":{"edge_id":"OSM_E_379904071_cf037e639f","from_node":"OSM_N3832541990","to_node":"OSM_N3832541991","osm_u":"3832541990","osm_v":"3832541991","osm_key":"0","osm_way_ids":[379904071],"name":"안양로213번길","length":61.921,"stairs":false,"slope":null,"width":null,"curb_height":null,"surface":"unknown","elevator_required":false,"elevator_status":null,"blocked":false,"block_reason":null,"wheelchair_accessible":null,"accessibility_status":"unknown","source":"osm","accessibility_source":"osm_tags","confidence":0.7,"verified":false,"updated_at":null,"highway":["residential"],"raw_accessibility_tags":{},"crosswalk_samples":[],"approach_ids":[],"demo_editable":false,"feature_type":"edge"}},{"type":"Feature","geometry":{"type":"LineString","coordinates":[[126.9260068,37.3920915],[126.925309,37.392909]]},"properties":{"edge_id":"OSM_E_379904074_4bb202e178","from_node":"OSM_N3832541990","to_node":"OSM_N3832541995","osm_u":"3832541990","osm_v":"3832541995","osm_key":"0","osm_way_ids":[379904074],"name":"현충로42번길","length":109.834,"stairs":false,"slope":null,"width":null,"curb_height":null,"surface":"unknown","elevator_required":false,"elevator_status":null,"blocked":false,"block_reason":null,"wheelchair_accessible":null,"accessibility_status":"unknown","source":"osm","accessibility_source":"osm_tags","confidence":0.7,"verified":false,"updated_at":null,"highway":["residential"],"raw_accessibility_tags":{},"crosswalk_samples":[],"approach_ids":[],"demo_editable":false,"feature_type":"edge"}},{"type":"Feature","geometry":{"type":"LineString","coordinates":[[126.9260068,37.3920915],[126.9263949,37.3916532]]},"properties":{"edge_id":"OSM_E_379904074_7c2321a550","from_node":"OSM_N3832541990","to_node":"OSM_N3832542004","osm_u":"3832541990","osm_v":"3832542004","osm_key":"0","osm_way_ids":[379904074],"name":"현충로42번길","length":59.589,"stairs":false,"slope":null,"width":null,"curb_height":null,"surface":"unknown","elevator_required":false,"elevator_status":null,"blocked":false,"block_reason":null,"wheelchair_accessible":null,"accessibility_status":"unknown","source":"osm","accessibility_source":"osm_tags","confidence":0.7,"verified":false,"updated_at":null,"highway":["residential"],"raw_accessibility_tags":{},"crosswalk_samples":[],"approach_ids":[],"demo_editable":false,"feature_type":"edge"}},{"type":"Feature","geometry":{"type":"LineString","coordinates":[[126.9254338,37.3917708],[126.9247322,37.3926067]]},"properties":{"edge_id":"OSM_E_82909769_daa9a24cf9","from_node":"OSM_N3832541991","to_node":"OSM_N3832541996","osm_u":"3832541991","osm_v":"3832541996","osm_key":"0","osm_way_ids":[82909769],"name":"현충로48번길","length":111.719,"stairs":false,"slope":null,"width":null,"curb_height":null,"surface":"unknown","elevator_required":false,"elevator_status":null,"blocked":false,"block_reason":null,"wheelchair_accessible":null,"accessibility_status":"unknown","source":"osm","accessibility_source":"osm_tags","confidence":0.7,"verified":false,"updated_at":null,"highway":["residential"],"raw_accessibility_tags":{},"crosswalk_samples":[],"approach_ids":[],"demo_editable":false,"feature_type":"edge"}},{"type":"Feature","geometry":{"type":"LineString","coordinates":[[126.9254338,37.3917708],[126.9257926,37.3913383]]},"properties":{"edge_id":"OSM_E_82909769_7ffd944560","from_node":"OSM_N3832541991","to_node":"OSM_N3832542003","osm_u":"3832541991","osm_v":"3832542003","osm_key":"0","osm_way_ids":[82909769],"name":"현충로48번길","length":57.599,"stairs":false,"slope":null,"width":null,"curb_height":null,"surface":"unknown","elevator_required":false,"elevator_status":null,"blocked":false,"block_reason":null,"wheelchair_accessible":null,"accessibility_status":"unknown","source":"osm","accessibility_source":"osm_tags","confidence":0.7,"verified":false,"updated_at":null,"highway":["residential"],"raw_accessibility_tags":{},"crosswalk_samples":[],"approach_ids":[],"demo_editable":false,"feature_type":"edge"}},{"type":"Feature","geometry":{"type":"LineString","coordinates":[[126.9254338,37.3917708],[126.9249691,37.391528]]},"properties":{"edge_id":"OSM_E_379904071_5e7d7197bb","from_node":"OSM_N3832541991","to_node":"OSM_N3832541992","osm_u":"3832541991","osm_v":"3832541992","osm_key":"0","osm_way_ids":[379904071],"name":"안양로213번길","length":49.136,"stairs":false,"slope":null,"width":null,"curb_height":null,"surface":"unknown","elevator_required":false,"elevator_status":null,"blocked":false,"block_reason":null,"wheelchair_accessible":null,"accessibility_status":"unknown","source":"osm","accessibility_source":"osm_tags","confidence":0.7,"verified":false,"updated_at":null,"highway":["residential"],"raw_accessibility_tags":{},"crosswalk_samples":[],"approach_ids":[],"demo_editable":false,"feature_type":"edge"}},{"type":"Feature","geometry":{"type":"LineString","coordinates":[[126.9249691,37.391528],[126.9244934,37.3912836]]},"properties":{"edge_id":"OSM_E_379904071_9c3b7fea56","from_node":"OSM_N3832541992","to_node":"OSM_N3832541993","osm_u":"3832541992","osm_v":"3832541993","osm_key":"0","osm_way_ids":[379904071],"name":"안양로213번길","length":50.047,"stairs":false,"slope":null,"width":null,"curb_height":null,"surface":"unknown","elevator_required":false,"elevator_status":null,"blocked":false,"block_reason":null,"wheelchair_accessible":null,"accessibility_status":"unknown","source":"osm","accessibility_source":"osm_tags","confidence":0.7,"verified":false,"updated_at":null,"highway":["residential"],"raw_accessibility_tags":{},"crosswalk_samples":[],"approach_ids":[],"demo_editable":false,"feature_type":"edge"}},{"type":"Feature","geometry":{"type":"LineString","coordinates":[[126.9249691,37.391528],[126.9242829,37.3923615]]},"properties":{"edge_id":"OSM_E_379904076_b3423ec25d","from_node":"OSM_N3832541992","to_node":"OSM_N3832541997","osm_u":"3832541992","osm_v":"3832541997","osm_key":"0","osm_way_ids":[379904076],"name":"현충로52번길","length":110.747,"stairs":false,"slope":null,"width":null,"curb_height":null,"surface":"unknown","elevator_required":false,"elevator_status":null,"blocked":false,"block_reason":null,"wheelchair_accessible":null,"accessibility_status":"unknown","source":"osm","accessibility_source":"osm_tags","confidence":0.7,"verified":false,"updated_at":null,"highway":["residential"],"raw_accessibility_tags":{},"crosswalk_samples":[],"approach_ids":[],"demo_editable":false,"feature_type":"edge"}},{"type":"Feature","geometry":{"type":"LineString","coordinates":[[126.9249691,37.391528],[126.9251398,37.3913282],[126.9253574,37.3910702],[126.9254631,37.3909341]]},"properties":{"edge_id":"OSM_E_379904076_d7b7ffbfb7","from_node":"OSM_N3832541992","to_node":"OSM_N7560864755","osm_u":"3832541992","osm_v":"7560864755","osm_key":"0","osm_way_ids":[379904076],"name":"현충로52번길","length":79.168,"stairs":false,"slope":null,"width":null,"curb_height":null,"surface":"unknown","elevator_required":false,"elevator_status":null,"blocked":false,"block_reason":null,"wheelchair_accessible":null,"accessibility_status":"unknown","source":"osm","accessibility_source":"osm_tags","confidence":0.7,"verified":false,"updated_at":null,"highway":["residential"],"raw_accessibility_tags":{},"crosswalk_samples":[],"approach_ids":[],"demo_editable":false,"feature_type":"edge"}},{"type":"Feature","geometry":{"type":"LineString","coordinates":[[126.9244934,37.3912836],[126.924989,37.3906933]]},"properties":{"edge_id":"OSM_E_38609097_dd12985ca5","from_node":"OSM_N3832541993","to_node":"OSM_N7560864756","osm_u":"3832541993","osm_v":"7560864756","osm_key":"0","osm_way_ids":[38609097],"name":"냉천로","length":78.902,"stairs":false,"slope":null,"width":null,"curb_height":null,"surface":"unknown","elevator_required":false,"elevator_status":null,"blocked":false,"block_reason":null,"wheelchair_accessible":null,"accessibility_status":"unknown","source":"osm","accessibility_source":"osm_tags","confidence":0.7,"verified":false,"updated_at":null,"highway":["tertiary"],"raw_accessibility_tags":{},"crosswalk_samples":[],"approach_ids":[],"demo_editable":false,"feature_type":"edge"}},{"type":"Feature","geometry":{"type":"LineString","coordinates":[[126.9260198,37.3932877],[126.925309,37.392909]]},"properties":{"edge_id":"OSM_E_379904072_bc8cc74975","from_node":"OSM_N3832541994","to_node":"OSM_N3832541995","osm_u":"3832541994","osm_v":"3832541995","osm_key":"0","osm_way_ids":[379904072],"name":"안양로223번길","length":75.606,"stairs":false,"slope":null,"width":null,"curb_height":null,"surface":"unknown","elevator_required":false,"elevator_status":null,"blocked":false,"block_reason":null,"wheelchair_accessible":null,"accessibility_status":"unknown","source":"osm","accessibility_source":"osm_tags","confidence":0.7,"verified":false,"updated_at":null,"highway":["residential"],"raw_accessibility_tags":{},"crosswalk_samples":[],"approach_ids":[],"demo_editable":false,"feature_type":"edge"}},{"type":"Feature","geometry":{"type":"LineString","coordinates":[[126.9260198,37.3932877],[126.9266338,37.3936109]]},"properties":{"edge_id":"OSM_E_379904081_f65a8c7594","from_node":"OSM_N3832541994","to_node":"OSM_N3832542010","osm_u":"3832541994","osm_v":"3832542010","osm_key":"0","osm_way_ids":[379904081],"name":"안양로","length":65.068,"stairs":false,"slope":null,"width":null,"curb_height":null,"surface":"unknown","elevator_required":false,"elevator_status":null,"blocked":false,"block_reason":null,"wheelchair_accessible":null,"accessibility_status":"unknown","source":"osm","accessibility_source":"osm_tags","confidence":0.7,"verified":false,"updated_at":null,"highway":["residential"],"raw_accessibility_tags":{},"crosswalk_samples":[],"approach_ids":[],"demo_editable":false,"feature_type":"edge"}},{"type":"Feature","geometry":{"type":"LineString","coordinates":[[126.925309,37.392909],[126.9247322,37.3926067]]},"properties":{"edge_id":"OSM_E_379904072_0c66b54eba","from_node":"OSM_N3832541995","to_node":"OSM_N3832541996","osm_u":"3832541995","osm_v":"3832541996","osm_key":"0","osm_way_ids":[379904072],"name":"안양로223번길","length":61.045,"stairs":false,"slope":null,"width":null,"curb_height":null,"surface":"unknown","elevator_required":false,"elevator_status":null,"blocked":false,"block_reason":null,"wheelchair_accessible":null,"accessibility_status":"unknown","source":"osm","accessibility_source":"osm_tags","confidence":0.7,"verified":false,"updated_at":null,"highway":["residential"],"raw_accessibility_tags":{},"crosswalk_samples":[],"approach_ids":[],"demo_editable":false,"feature_type":"edge"}},{"type":"Feature","geometry":{"type":"LineString","coordinates":[[126.9247322,37.3926067],[126.9243795,37.3930313]]},"properties":{"edge_id":"OSM_E_82909769_a3a9d9d638","from_node":"OSM_N3832541996","to_node":"OSM_N3832541999","osm_u":"3832541996","osm_v":"3832541999","osm_key":"0","osm_way_ids":[82909769],"name":"현충로48번길","length":56.568,"stairs":false,"slope":null,"width":null,"curb_height":null,"surface":"unknown","elevator_required":false,"elevator_status":null,"blocked":false,"block_reason":null,"wheelchair_accessible":null,"accessibility_status":"unknown","source":"osm","accessibility_source":"osm_tags","confidence":0.7,"verified":false,"updated_at":null,"highway":["residential"],"raw_accessibility_tags":{},"crosswalk_samples":[],"approach_ids":[],"demo_editable":false,"feature_type":"edge"}},{"type":"Feature","geometry":{"type":"LineString","coordinates":[[126.9247322,37.3926067],[126.9242829,37.3923615]]},"properties":{"edge_id":"OSM_E_379904072_684776a3ce","from_node":"OSM_N3832541996","to_node":"OSM_N3832541997","osm_u":"3832541996","osm_v":"3832541997","osm_key":"0","osm_way_ids":[379904072],"name":"안양로223번길","length":48.155,"stairs":false,"slope":null,"width":null,"curb_height":null,"surface":"unknown","elevator_required":false,"elevator_status":null,"blocked":false,"block_reason":null,"wheelchair_accessible":null,"accessibility_status":"unknown","source":"osm","accessibility_source":"osm_tags","confidence":0.7,"verified":false,"updated_at":null,"highway":["residential"],"raw_accessibility_tags":{},"crosswalk_samples":[],"approach_ids":[],"demo_editable":false,"feature_type":"edge"}},{"type":"Feature","geometry":{"type":"LineString","coordinates":[[126.9234547,37.3925426],[126.9243795,37.3930313]]},"properties":{"edge_id":"OSM_E_379904073_9581b7b371","from_node":"OSM_N3832541998","to_node":"OSM_N3832541999","osm_u":"3832541998","osm_v":"3832541999","osm_key":"0","osm_way_ids":[379904073],"name":"냉천로132번길","length":98.122,"stairs":false,"slope":null,"width":null,"curb_height":null,"surface":"unknown","elevator_required":false,"elevator_status":null,"blocked":false,"block_reason":null,"wheelchair_accessible":null,"accessibility_status":"unknown","source":"osm","accessibility_source":"osm_tags","confidence":0.7,"verified":false,"updated_at":null,"highway":["residential"],"raw_accessibility_tags":{},"crosswalk_samples":[],"approach_ids":[],"demo_editable":false,"feature_type":"edge"}},{"type":"Feature","geometry":{"type":"LineString","coordinates":[[126.9257011,37.3906492],[126.9254631,37.3909341]]},"properties":{"edge_id":"OSM_E_379904076_25b3062e6c","from_node":"OSM_N3832542000","to_node":"OSM_N7560864755","osm_u":"3832542000","osm_v":"7560864755","osm_key":"0","osm_way_ids":[379904076],"name":"현충로52번길","length":38.022,"stairs":false,"slope":null,"width":null,"curb_height":null,"surface":"unknown","elevator_required":false,"elevator_status":null,"blocked":false,"block_reason":null,"wheelchair_accessible":null,"accessibility_status":"unknown","source":"osm","accessibility_source":"osm_tags","confidence":0.7,"verified":false,"updated_at":null,"highway":["residential"],"raw_accessibility_tags":{},"crosswalk_samples":[],"approach_ids":[],"demo_editable":false,"feature_type":"edge"}},{"type":"Feature","geometry":{"type":"LineString","coordinates":[[126.9257926,37.3913383],[126.9263949,37.3916532]]},"properties":{"edge_id":"OSM_E_379904077_938c04aa5c","from_node":"OSM_N3832542003","to_node":"OSM_N3832542004","osm_u":"3832542003","osm_v":"3832542004","osm_key":"0","osm_way_ids":[379904077],"name":"현충로48번길","length":63.698,"stairs":false,"slope":null,"width":null,"curb_height":null,"surface":"unknown","elevator_required":false,"elevator_status":null,"blocked":false,"block_reason":null,"wheelchair_accessible":null,"accessibility_status":"unknown","source":"osm","accessibility_source":"osm_tags","confidence":0.7,"verified":false,"updated_at":null,"highway":["residential"],"raw_accessibility_tags":{},"crosswalk_samples":[],"approach_ids":[],"demo_editable":false,"feature_type":"edge"}},{"type":"Feature","geometry":{"type":"LineString","coordinates":[[126.9273391,37.3927813],[126.9269904,37.3931833]]},"properties":{"edge_id":"OSM_E_379904042_29ac90b779","from_node":"OSM_N3832542005","to_node":"OSM_N3832542025","osm_u":"3832542005","osm_v":"3832542025","osm_key":"0","osm_way_ids":[379904042],"name":"현충로28번길","length":54.287,"stairs":false,"slope":null,"width":null,"curb_height":null,"surface":"unknown","elevator_required":false,"elevator_status":null,"blocked":false,"block_reason":null,"wheelchair_accessible":null,"accessibility_status":"unknown","source":"osm","accessibility_source":"osm_tags","confidence":0.7,"verified":false,"updated_at":null,"highway":["residential"],"raw_accessibility_tags":{},"crosswalk_samples":[],"approach_ids":[],"demo_editable":false,"feature_type":"edge"}},{"type":"Feature","geometry":{"type":"LineString","coordinates":[[126.9273391,37.3927813],[126.9277398,37.392993]]},"properties":{"edge_id":"OSM_E_379904078_ca581f2435","from_node":"OSM_N3832542005","to_node":"OSM_N3832542012","osm_u":"3832542005","osm_v":"3832542012","osm_key":"0","osm_way_ids":[379904078],"name":"안양로214번길","length":42.512,"stairs":false,"slope":null,"width":null,"curb_height":null,"surface":"unknown","elevator_required":false,"elevator_status":null,"blocked":false,"block_reason":null,"wheelchair_accessible":null,"accessibility_status":"unknown","source":"osm","accessibility_source":"osm_tags","confidence":0.7,"verified":false,"updated_at":null,"highway":["residential"],"raw_accessibility_tags":{},"crosswalk_samples":[],"approach_ids":[],"demo_editable":false,"feature_type":"edge"}},{"type":"Feature","geometry":{"type":"LineString","coordinates":[[126.9298088,37.3941293],[126.9302316,37.3937234]]},"properties":{"edge_id":"OSM_E_318729248_3100c66ab9","from_node":"OSM_N3832542008","to_node":"OSM_N3832542017","osm_u":"3832542008","osm_v":"3832542017","osm_key":"0","osm_way_ids":[318729248],"name":"만안로","length":58.585,"stairs":false,"slope":null,"width":null,"curb_height":null,"surface":"unknown","elevator_required":false,"elevator_status":null,"blocked":false,"block_reason":null,"wheelchair_accessible":null,"accessibility_status":"unknown","source":"osm","accessibility_source":"osm_tags","confidence":0.7,"verified":false,"updated_at":null,"highway":["tertiary"],"raw_accessibility_tags":{},"crosswalk_samples":[],"approach_ids":[],"demo_editable":false,"feature_type":"edge"}},{"type":"Feature","geometry":{"type":"LineString","coordinates":[[126.9298088,37.3941293],[126.9291493,37.393744]]},"properties":{"edge_id":"OSM_E_379904078_7526a67426","from_node":"OSM_N3832542008","to_node":"OSM_N3832542026","osm_u":"3832542008","osm_v":"3832542026","osm_key":"0","osm_way_ids":[379904078],"name":"안양로214번길","length":72.319,"stairs":false,"slope":null,"width":null,"curb_height":null,"surface":"unknown","elevator_required":false,"elevator_status":null,"blocked":false,"block_reason":null,"wheelchair_accessible":null,"accessibility_status":"unknown","source":"osm","accessibility_source":"osm_tags","confidence":0.7,"verified":false,"updated_at":null,"highway":["residential"],"raw_accessibility_tags":{},"crosswalk_samples":[],"approach_ids":[],"demo_editable":false,"feature_type":"edge"}},{"type":"Feature","geometry":{"type":"LineString","coordinates":[[126.9298088,37.3941293],[126.9291564,37.3947104],[126.9288639,37.3949924]]},"properties":{"edge_id":"OSM_E_318729248_354a2129f3","from_node":"OSM_N3832542008","to_node":"OSM_N3832542021","osm_u":"3832542008","osm_v":"3832542021","osm_key":"0","osm_way_ids":[318729248],"name":"만안로","length":127.216,"stairs":false,"slope":null,"width":null,"curb_height":null,"surface":"unknown","elevator_required":false,"elevator_status":null,"blocked":false,"block_reason":null,"wheelchair_accessible":null,"accessibility_status":"unknown","source":"osm","accessibility_source":"osm_tags","confidence":0.7,"verified":false,"updated_at":null,"highway":["tertiary"],"raw_accessibility_tags":{},"crosswalk_samples":[],"approach_ids":[],"demo_editable":false,"feature_type":"edge"}},{"type":"Feature","geometry":{"type":"LineString","coordinates":[[126.9259031,37.3944919],[126.9266338,37.3936109]]},"properties":{"edge_id":"OSM_E_379904042_41257d65af","from_node":"OSM_N3832542009","to_node":"OSM_N3832542010","osm_u":"3832542009","osm_v":"3832542010","osm_key":"0","osm_way_ids":[379904042],"name":"현충로28번길","length":117.318,"stairs":false,"slope":null,"width":null,"curb_height":null,"surface":"unknown","elevator_required":false,"elevator_status":null,"blocked":false,"block_reason":null,"wheelchair_accessible":null,"accessibility_status":"unknown","source":"osm","accessibility_source":"osm_tags","confidence":0.7,"verified":false,"updated_at":null,"highway":["residential"],"raw_accessibility_tags":{},"crosswalk_samples":[],"approach_ids":[],"demo_editable":false,"feature_type":"edge"}},{"type":"Feature","geometry":{"type":"LineString","coordinates":[[126.9259031,37.3944919],[126.9254829,37.3949943]]},"properties":{"edge_id":"OSM_E_379904080_e87ac0d7e5","from_node":"OSM_N3832542009","to_node":"OSM_N3834106176","osm_u":"3832542009","osm_v":"3834106176","osm_key":"0","osm_way_ids":[379904080],"name":"장내로140번길","length":67.073,"stairs":false,"slope":null,"width":null,"curb_height":null,"surface":"unknown","elevator_required":false,"elevator_status":null,"blocked":false,"block_reason":null,"wheelchair_accessible":null,"accessibility_status":"unknown","source":"osm","accessibility_source":"osm_tags","confidence":0.7,"verified":false,"updated_at":null,"highway":["residential"],"raw_accessibility_tags":{},"crosswalk_samples":[],"approach_ids":[],"demo_editable":false,"feature_type":"edge"}},{"type":"Feature","geometry":{"type":"LineString","coordinates":[[126.9266338,37.3936109],[126.9269904,37.3931833]]},"properties":{"edge_id":"OSM_E_379904042_3f77b2a835","from_node":"OSM_N3832542010","to_node":"OSM_N3832542025","osm_u":"3832542010","osm_v":"3832542025","osm_key":"0","osm_way_ids":[379904042],"name":"현충로28번길","length":57.036,"stairs":false,"slope":null,"width":null,"curb_height":null,"surface":"unknown","elevator_required":false,"elevator_status":null,"blocked":false,"block_reason":null,"wheelchair_accessible":null,"accessibility_status":"unknown","source":"osm","accessibility_source":"osm_tags","confidence":0.7,"verified":false,"updated_at":null,"highway":["residential"],"raw_accessibility_tags":{},"crosswalk_samples":[],"approach_ids":[],"demo_editable":false,"feature_type":"edge"}},{"type":"Feature","geometry":{"type":"LineString","coordinates":[[126.9284632,37.3921132],[126.9277398,37.392993]]},"properties":{"edge_id":"OSM_E_379904082_97b71355ca","from_node":"OSM_N3832542011","to_node":"OSM_N3832542012","osm_u":"3832542011","osm_v":"3832542012","osm_key":"0","osm_way_ids":[379904082],"name":"현충로24번길","length":116.854,"stairs":false,"slope":null,"width":null,"curb_height":null,"surface":"unknown","elevator_required":false,"elevator_status":null,"blocked":false,"block_reason":null,"wheelchair_accessible":null,"accessibility_status":"unknown","source":"osm","accessibility_source":"osm_tags","confidence":0.7,"verified":false,"updated_at":null,"highway":["residential"],"raw_accessibility_tags":{},"crosswalk_samples":[],"approach_ids":[],"demo_editable":false,"feature_type":"edge"}},{"type":"Feature","geometry":{"type":"LineString","coordinates":[[126.9277398,37.392993],[126.9283616,37.393326]]},"properties":{"edge_id":"OSM_E_379904078_2019fa76f5","from_node":"OSM_N3832542012","to_node":"OSM_N3832542015","osm_u":"3832542012","osm_v":"3832542015","osm_key":"0","osm_way_ids":[379904078],"name":"안양로214번길","length":66.246,"stairs":false,"slope":null,"width":null,"curb_height":null,"surface":"unknown","elevator_required":false,"elevator_status":null,"blocked":false,"block_reason":null,"wheelchair_accessible":null,"accessibility_status":"unknown","source":"osm","accessibility_source":"osm_tags","confidence":0.7,"verified":false,"updated_at":null,"highway":["residential"],"raw_accessibility_tags":{},"crosswalk_samples":[],"approach_ids":[],"demo_editable":false,"feature_type":"edge"}},{"type":"Feature","geometry":{"type":"LineString","coordinates":[[126.9287695,37.393512],[126.9290955,37.3931091]]},"properties":{"edge_id":"OSM_E_379904083_3d06c9dd48","from_node":"OSM_N3832542013","to_node":"OSM_N3832542018","osm_u":"3832542013","osm_v":"3832542018","osm_key":"0","osm_way_ids":[379904083],"name":"현충로12번길","length":53.259,"stairs":false,"slope":null,"width":null,"curb_height":null,"surface":"unknown","elevator_required":false,"elevator_status":null,"blocked":false,"block_reason":null,"wheelchair_accessible":null,"accessibility_status":"unknown","source":"osm","accessibility_source":"osm_tags","confidence":0.7,"verified":false,"updated_at":null,"highway":["residential"],"raw_accessibility_tags":{},"crosswalk_samples":[],"approach_ids":[],"demo_editable":false,"feature_type":"edge"}},{"type":"Feature","geometry":{"type":"LineString","coordinates":[[126.9287695,37.393512],[126.9288871,37.3935779],[126.9291493,37.393744]]},"properties":{"edge_id":"OSM_E_379904078_6a27899884","from_node":"OSM_N3832542013","to_node":"OSM_N3832542026","osm_u":"3832542013","osm_v":"3832542026","osm_key":"0","osm_way_ids":[379904078],"name":"안양로214번길","length":42.339,"stairs":false,"slope":null,"width":null,"curb_height":null,"surface":"unknown","elevator_required":false,"elevator_status":null,"blocked":false,"block_reason":null,"wheelchair_accessible":null,"accessibility_status":"unknown","source":"osm","accessibility_source":"osm_tags","confidence":0.7,"verified":false,"updated_at":null,"highway":["residential"],"raw_accessibility_tags":{},"crosswalk_samples":[],"approach_ids":[],"demo_editable":false,"feature_type":"edge"}},{"type":"Feature","geometry":{"type":"LineString","coordinates":[[126.9287695,37.393512],[126.9286831,37.3934715],[126.9283616,37.393326]]},"properties":{"edge_id":"OSM_E_379904078_dcddc772b6","from_node":"OSM_N3832542013","to_node":"OSM_N3832542015","osm_u":"3832542013","osm_v":"3832542015","osm_key":"0","osm_way_ids":[379904078],"name":"안양로214번길","length":41.549,"stairs":false,"slope":null,"width":null,"curb_height":null,"surface":"unknown","elevator_required":false,"elevator_status":null,"blocked":false,"block_reason":null,"wheelchair_accessible":null,"accessibility_status":"unknown","source":"osm","accessibility_source":"osm_tags","confidence":0.7,"verified":false,"updated_at":null,"highway":["residential"],"raw_accessibility_tags":{},"crosswalk_samples":[],"approach_ids":[],"demo_editable":false,"feature_type":"edge"}},{"type":"Feature","geometry":{"type":"LineString","coordinates":[[126.9290961,37.3924473],[126.9283616,37.393326]]},"properties":{"edge_id":"OSM_E_379904084_0a80ba13bf","from_node":"OSM_N3832542014","to_node":"OSM_N3832542015","osm_u":"3832542014","osm_v":"3832542015","osm_key":"0","osm_way_ids":[379904084],"name":"현충로16번길","length":117.291,"stairs":false,"slope":null,"width":null,"curb_height":null,"surface":"unknown","elevator_required":false,"elevator_status":null,"blocked":false,"block_reason":null,"wheelchair_accessible":null,"accessibility_status":"unknown","source":"osm","accessibility_source":"osm_tags","confidence":0.7,"verified":false,"updated_at":null,"highway":["residential"],"raw_accessibility_tags":{},"crosswalk_samples":[],"approach_ids":[],"demo_editable":false,"feature_type":"edge"}},{"type":"Feature","geometry":{"type":"LineString","coordinates":[[126.9283616,37.393326],[126.9280923,37.39363]]},"properties":{"edge_id":"OSM_E_379904084_b7d2e87cdf","from_node":"OSM_N3832542015","to_node":"OSM_N7617531612","osm_u":"3832542015","osm_v":"7617531612","osm_key":"0","osm_way_ids":[379904084],"name":"현충로16번길","length":41.336,"stairs":false,"slope":null,"width":null,"curb_height":null,"surface":"unknown","elevator_required":false,"elevator_status":null,"blocked":false,"block_reason":null,"wheelchair_accessible":null,"accessibility_status":"unknown","source":"osm","accessibility_source":"osm_tags","confidence":0.7,"verified":false,"updated_at":null,"highway":["residential"],"raw_accessibility_tags":{},"crosswalk_samples":[],"approach_ids":[],"demo_editable":false,"feature_type":"edge"}},{"type":"Feature","geometry":{"type":"LineString","coordinates":[[126.927943,37.3937985],[126.9280923,37.39363]]},"properties":{"edge_id":"OSM_E_379904084_3b23417c1b","from_node":"OSM_N3832542016","to_node":"OSM_N7617531612","osm_u":"3832542016","osm_v":"7617531612","osm_key":"0","osm_way_ids":[379904084],"name":"현충로16번길","length":22.913,"stairs":false,"slope":null,"width":null,"curb_height":null,"surface":"unknown","elevator_required":false,"elevator_status":null,"blocked":false,"block_reason":null,"wheelchair_accessible":null,"accessibility_status":"unknown","source":"osm","accessibility_source":"osm_tags","confidence":0.7,"verified":false,"updated_at":null,"highway":["residential"],"raw_accessibility_tags":{},"crosswalk_samples":[],"approach_ids":[],"demo_editable":false,"feature_type":"edge"}},{"type":"Feature","geometry":{"type":"LineString","coordinates":[[126.927943,37.3937985],[126.9278525,37.3937198],[126.9276091,37.3934995],[126.9269904,37.3931833]]},"properties":{"edge_id":"OSM_E_379904087_f53c6a8d7d","from_node":"OSM_N3832542016","to_node":"OSM_N3832542025","osm_u":"3832542016","osm_v":"3832542025","osm_key":"0","osm_way_ids":[379904087],"name":"만안로141번길","length":109.438,"stairs":false,"slope":null,"width":null,"curb_height":null,"surface":"unknown","elevator_required":false,"elevator_status":null,"blocked":false,"block_reason":null,"wheelchair_accessible":null,"accessibility_status":"unknown","source":"osm","accessibility_source":"osm_tags","confidence":0.7,"verified":false,"updated_at":null,"highway":["residential"],"raw_accessibility_tags":{},"crosswalk_samples":[],"approach_ids":[],"demo_editable":false,"feature_type":"edge"}},{"type":"Feature","geometry":{"type":"LineString","coordinates":[[126.927943,37.3937985],[126.9281542,37.3939944],[126.9283488,37.3942559],[126.9285153,37.3945186]]},"properties":{"edge_id":"OSM_E_379904087_d91cdb87b4","from_node":"OSM_N3832542016","to_node":"OSM_N3832542027","osm_u":"3832542016","osm_v":"3832542027","osm_key":"0","osm_way_ids":[379904087],"name":"만안로141번길","length":95.166,"stairs":false,"slope":null,"width":null,"curb_height":null,"surface":"unknown","elevator_required":false,"elevator_status":null,"blocked":false,"block_reason":null,"wheelchair_accessible":null,"accessibility_status":"unknown","source":"osm","accessibility_source":"osm_tags","confidence":0.7,"verified":false,"updated_at":null,"highway":["residential"],"raw_accessibility_tags":{},"crosswalk_samples":[],"approach_ids":[],"demo_editable":false,"feature_type":"edge"}},{"type":"Feature","geometry":{"type":"LineString","coordinates":[[126.9302316,37.3937234],[126.9290955,37.3931091]]},"properties":{"edge_id":"OSM_E_379904085_ee8f27f904","from_node":"OSM_N3832542017","to_node":"OSM_N3832542018","osm_u":"3832542017","osm_v":"3832542018","osm_key":"0","osm_way_ids":[379904085],"name":"만안로123번길","length":121.405,"stairs":false,"slope":null,"width":null,"curb_height":null,"surface":"unknown","elevator_required":false,"elevator_status":null,"blocked":false,"block_reason":null,"wheelchair_accessible":null,"accessibility_status":"unknown","source":"osm","accessibility_source":"osm_tags","confidence":0.7,"verified":false,"updated_at":null,"highway":["residential"],"raw_accessibility_tags":{},"crosswalk_samples":[],"approach_ids":[],"demo_editable":false,"feature_type":"edge"}},{"type":"Feature","geometry":{"type":"LineString","coordinates":[[126.9288639,37.3949924],[126.9281716,37.3955767]]},"properties":{"edge_id":"OSM_E_318729248_55ce74e2ab","from_node":"OSM_N3832542021","to_node":"OSM_N9212507166","osm_u":"3832542021","osm_v":"9212507166","osm_key":"0","osm_way_ids":[318729248],"name":"만안로","length":89.228,"stairs":false,"slope":null,"width":null,"curb_height":null,"surface":"unknown","elevator_required":false,"elevator_status":null,"blocked":false,"block_reason":null,"wheelchair_accessible":null,"accessibility_status":"unknown","source":"osm","accessibility_source":"osm_tags","confidence":0.7,"verified":false,"updated_at":null,"highway":["tertiary"],"raw_accessibility_tags":{},"crosswalk_samples":[],"approach_ids":[],"demo_editable":false,"feature_type":"edge"}},{"type":"Feature","geometry":{"type":"LineString","coordinates":[[126.9288639,37.3949924],[126.9285153,37.3945186]]},"properties":{"edge_id":"OSM_E_379904087_a143e04563","from_node":"OSM_N3832542021","to_node":"OSM_N3832542027","osm_u":"3832542021","osm_v":"3832542027","osm_key":"0","osm_way_ids":[379904087],"name":"만안로141번길","length":61.025,"stairs":false,"slope":null,"width":null,"curb_height":null,"surface":"unknown","elevator_required":false,"elevator_status":null,"blocked":false,"block_reason":null,"wheelchair_accessible":null,"accessibility_status":"unknown","source":"osm","accessibility_source":"osm_tags","confidence":0.7,"verified":false,"updated_at":null,"highway":["residential"],"raw_accessibility_tags":{},"crosswalk_samples":[],"approach_ids":[],"demo_editable":false,"feature_type":"edge"}},{"type":"Feature","geometry":{"type":"LineString","coordinates":[[126.9291493,37.393744],[126.9288655,37.3940908]]},"properties":{"edge_id":"OSM_E_379904088_f01ce6aa99","from_node":"OSM_N3832542026","to_node":"OSM_N7617531611","osm_u":"3832542026","osm_v":"7617531611","osm_key":"0","osm_way_ids":[379904088],"name":"안양로214번길","length":45.996,"stairs":false,"slope":null,"width":null,"curb_height":null,"surface":"unknown","elevator_required":false,"elevator_status":null,"blocked":false,"block_reason":null,"wheelchair_accessible":null,"accessibility_status":"unknown","source":"osm","accessibility_source":"osm_tags","confidence":0.7,"verified":false,"updated_at":null,"highway":["residential"],"raw_accessibility_tags":{},"crosswalk_samples":[],"approach_ids":[],"demo_editable":false,"feature_type":"edge"}},{"type":"Feature","geometry":{"type":"LineString","coordinates":[[126.9285153,37.3945186],[126.9288655,37.3940908]]},"properties":{"edge_id":"OSM_E_379904088_5b3c1e2c16","from_node":"OSM_N3832542027","to_node":"OSM_N7617531611","osm_u":"3832542027","osm_v":"7617531611","osm_key":"0","osm_way_ids":[379904088],"name":"안양로214번길","length":56.745,"stairs":false,"slope":null,"width":null,"curb_height":null,"surface":"unknown","elevator_required":false,"elevator_status":null,"blocked":false,"block_reason":null,"wheelchair_accessible":null,"accessibility_status":"unknown","source":"osm","accessibility_source":"osm_tags","confidence":0.7,"verified":false,"updated_at":null,"highway":["residential"],"raw_accessibility_tags":{},"crosswalk_samples":[],"approach_ids":[],"demo_editable":false,"feature_type":"edge"}},{"type":"Feature","geometry":{"type":"LineString","coordinates":[[126.9196133,37.3941012],[126.9196531,37.3940846]]},"properties":{"edge_id":"OSM_E_38609292_f79299ea48","from_node":"OSM_N3833810197","to_node":"OSM_N3833822394","osm_u":"3833810197","osm_v":"3833822394","osm_key":"0","osm_way_ids":[38609292],"name":"삼덕로","length":3.971,"stairs":false,"slope":null,"width":null,"curb_height":null,"surface":"unknown","elevator_required":false,"elevator_status":null,"blocked":false,"block_reason":null,"wheelchair_accessible":null,"accessibility_status":"unknown","source":"osm","accessibility_source":"osm_tags","confidence":0.7,"verified":false,"updated_at":null,"highway":["tertiary"],"raw_accessibility_tags":{},"crosswalk_samples":[],"approach_ids":[],"demo_editable":false,"feature_type":"edge"}},{"type":"Feature","geometry":{"type":"LineString","coordinates":[[126.9196133,37.3941012],[126.9194182,37.3938431]]},"properties":{"edge_id":"OSM_E_380035860_b66a9449c8","from_node":"OSM_N3833810197","to_node":"OSM_N3833810198","osm_u":"3833810197","osm_v":"3833810198","osm_key":"0","osm_way_ids":[380035860],"name":"OSM 보행 구간","length":33.477,"stairs":false,"slope":null,"width":null,"curb_height":null,"surface":"unknown","elevator_required":false,"elevator_status":null,"blocked":false,"block_reason":null,"wheelchair_accessible":null,"accessibility_status":"unknown","source":"osm","accessibility_source":"osm_tags","confidence":0.7,"verified":false,"updated_at":null,"highway":["service"],"raw_accessibility_tags":{},"crosswalk_samples":[],"approach_ids":[],"demo_editable":false,"feature_type":"edge"}},{"type":"Feature","geometry":{"type":"LineString","coordinates":[[126.9206787,37.3958674],[126.9208518,37.3956554]]},"properties":{"edge_id":"OSM_E_38609097_eec54396ac","from_node":"OSM_N3833822390","to_node":"OSM_N3833822418","osm_u":"3833822390","osm_v":"3833822418","osm_key":"0","osm_way_ids":[38609097],"name":"냉천로","length":28.099,"stairs":false,"slope":null,"width":null,"curb_height":null,"surface":"unknown","elevator_required":false,"elevator_status":null,"blocked":false,"block_reason":null,"wheelchair_accessible":null,"accessibility_status":"unknown","source":"osm","accessibility_source":"osm_tags","confidence":0.7,"verified":false,"updated_at":null,"highway":["tertiary"],"raw_accessibility_tags":{},"crosswalk_samples":[],"approach_ids":[],"demo_editable":false,"feature_type":"edge"}},{"type":"Feature","geometry":{"type":"LineString","coordinates":[[126.9206787,37.3958674],[126.9201648,37.3956009]]},"properties":{"edge_id":"OSM_E_380035883_f72bf9a1e2","from_node":"OSM_N3833822390","to_node":"OSM_N3833822408","osm_u":"3833822390","osm_v":"3833822408","osm_key":"0","osm_way_ids":[380035883],"name":"냉천로175번길","length":54.214,"stairs":false,"slope":null,"width":null,"curb_height":null,"surface":"unknown","elevator_required":false,"elevator_status":null,"blocked":false,"block_reason":null,"wheelchair_accessible":null,"accessibility_status":"unknown","source":"osm","accessibility_source":"osm_tags","confidence":0.7,"verified":false,"updated_at":null,"highway":["residential"],"raw_accessibility_tags":{},"crosswalk_samples":[],"approach_ids":[],"demo_editable":false,"feature_type":"edge"}},{"type":"Feature","geometry":{"type":"LineString","coordinates":[[126.9184697,37.3946973],[126.9188487,37.3948978]]},"properties":{"edge_id":"OSM_E_380035883_e5cada0b8f","from_node":"OSM_N3833822391","to_node":"OSM_N3833822393","osm_u":"3833822391","osm_v":"3833822393","osm_key":"0","osm_way_ids":[380035883],"name":"냉천로175번길","length":40.225,"stairs":false,"slope":null,"width":null,"curb_height":null,"surface":"unknown","elevator_required":false,"elevator_status":null,"blocked":false,"block_reason":null,"wheelchair_accessible":null,"accessibility_status":"unknown","source":"osm","accessibility_source":"osm_tags","confidence":0.7,"verified":false,"updated_at":null,"highway":["residential"],"raw_accessibility_tags":{},"crosswalk_samples":[],"approach_ids":[],"demo_editable":false,"feature_type":"edge"}},{"type":"Feature","geometry":{"type":"LineString","coordinates":[[126.9185004,37.3953321],[126.9188487,37.3948978]]},"properties":{"edge_id":"OSM_E_380035884_c15f212eea","from_node":"OSM_N3833822392","to_node":"OSM_N3833822393","osm_u":"3833822392","osm_v":"3833822393","osm_key":"0","osm_way_ids":[380035884],"name":"장내로","length":57.261,"stairs":false,"slope":null,"width":null,"curb_height":null,"surface":"asphalt","elevator_required":false,"elevator_status":null,"blocked":false,"block_reason":null,"wheelchair_accessible":null,"accessibility_status":"unknown","source":"osm","accessibility_source":"osm_tags","confidence":0.7,"verified":false,"updated_at":null,"highway":["residential"],"raw_accessibility_tags":{"sidewalk":"no"},"crosswalk_samples":[],"approach_ids":[],"demo_editable":false,"feature_type":"edge"}},{"type":"Feature","geometry":{"type":"LineString","coordinates":[[126.9185004,37.3953321],[126.9182038,37.3956748]]},"properties":{"edge_id":"OSM_E_380073429_218d93b83a","from_node":"OSM_N3833822392","to_node":"OSM_N3834216018","osm_u":"3833822392","osm_v":"3834216018","osm_key":"0","osm_way_ids":[380073429],"name":"장내로89번길","length":46.245,"stairs":false,"slope":null,"width":null,"curb_height":null,"surface":"asphalt","elevator_required":false,"elevator_status":null,"blocked":false,"block_reason":null,"wheelchair_accessible":null,"accessibility_status":"unknown","source":"osm","accessibility_source":"osm_tags","confidence":0.7,"verified":false,"updated_at":null,"highway":["residential"],"raw_accessibility_tags":{"sidewalk":"no"},"crosswalk_samples":[],"approach_ids":[],"demo_editable":false,"feature_type":"edge"}},{"type":"Feature","geometry":{"type":"LineString","coordinates":[[126.9185004,37.3953321],[126.9193426,37.3957763]]},"properties":{"edge_id":"OSM_E_863717799_ff5d7e1375","from_node":"OSM_N3833822392","to_node":"OSM_N3833822403","osm_u":"3833822392","osm_v":"3833822403","osm_key":"0","osm_way_ids":[863717799],"name":"장내로","length":89.303,"stairs":false,"slope":null,"width":null,"curb_height":null,"surface":"unknown","elevator_required":false,"elevator_status":null,"blocked":false,"block_reason":null,"wheelchair_accessible":null,"accessibility_status":"unknown","source":"osm","accessibility_source":"osm_tags","confidence":0.7,"verified":false,"updated_at":null,"highway":["tertiary"],"raw_accessibility_tags":{},"crosswalk_samples":[],"approach_ids":[],"demo_editable":false,"feature_type":"edge"}},{"type":"Feature","geometry":{"type":"LineString","coordinates":[[126.9188487,37.3948978],[126.9192538,37.3951072]]},"properties":{"edge_id":"OSM_E_380035883_d630a6348c","from_node":"OSM_N3833822393","to_node":"OSM_N3833822402","osm_u":"3833822393","osm_v":"3833822402","osm_key":"0","osm_way_ids":[380035883],"name":"냉천로175번길","length":42.695,"stairs":false,"slope":null,"width":null,"curb_height":null,"surface":"unknown","elevator_required":false,"elevator_status":null,"blocked":false,"block_reason":null,"wheelchair_accessible":null,"accessibility_status":"unknown","source":"osm","accessibility_source":"osm_tags","confidence":0.7,"verified":false,"updated_at":null,"highway":["residential"],"raw_accessibility_tags":{},"crosswalk_samples":[],"approach_ids":[],"demo_editable":false,"feature_type":"edge"}},{"type":"Feature","geometry":{"type":"LineString","coordinates":[[126.9196531,37.3940846],[126.9202731,37.3937915]]},"properties":{"edge_id":"OSM_E_38609292_9c6e0d9769","from_node":"OSM_N3833822394","to_node":"OSM_N3833822396","osm_u":"3833822394","osm_v":"3833822396","osm_key":"0","osm_way_ids":[38609292],"name":"삼덕로","length":63.735,"stairs":false,"slope":null,"width":null,"curb_height":null,"surface":"unknown","elevator_required":false,"elevator_status":null,"blocked":false,"block_reason":null,"wheelchair_accessible":null,"accessibility_status":"unknown","source":"osm","accessibility_source":"osm_tags","confidence":0.7,"verified":false,"updated_at":null,"highway":["tertiary"],"raw_accessibility_tags":{},"crosswalk_samples":[],"approach_ids":[],"demo_editable":false,"feature_type":"edge"}},{"type":"Feature","geometry":{"type":"LineString","coordinates":[[126.9196531,37.3940846],[126.9199587,37.3942492]]},"properties":{"edge_id":"OSM_E_380035885_09cb6fc409","from_node":"OSM_N3833822394","to_node":"OSM_N3833822401","osm_u":"3833822394","osm_v":"3833822401","osm_key":"0","osm_way_ids":[380035885],"name":"냉천로163번길","length":32.617,"stairs":false,"slope":null,"width":null,"curb_height":null,"surface":"unknown","elevator_required":false,"elevator_status":null,"blocked":false,"block_reason":null,"wheelchair_accessible":null,"accessibility_status":"unknown","source":"osm","accessibility_source":"osm_tags","confidence":0.7,"verified":false,"updated_at":null,"highway":["residential"],"raw_accessibility_tags":{},"crosswalk_samples":[],"approach_ids":[],"demo_editable":false,"feature_type":"edge"}},{"type":"Feature","geometry":{"type":"LineString","coordinates":[[126.9213921,37.3950119],[126.9208518,37.3956554]]},"properties":{"edge_id":"OSM_E_38609097_326dc2af0c","from_node":"OSM_N3833822395","to_node":"OSM_N3833822418","osm_u":"3833822395","osm_v":"3833822418","osm_key":"0","osm_way_ids":[38609097],"name":"냉천로","length":86.013,"stairs":false,"slope":null,"width":null,"curb_height":null,"surface":"unknown","elevator_required":false,"elevator_status":null,"blocked":false,"block_reason":null,"wheelchair_accessible":null,"accessibility_status":"unknown","source":"osm","accessibility_source":"osm_tags","confidence":0.7,"verified":false,"updated_at":null,"highway":["tertiary"],"raw_accessibility_tags":{},"crosswalk_samples":[],"approach_ids":[],"demo_editable":false,"feature_type":"edge"}},{"type":"Feature","geometry":{"type":"LineString","coordinates":[[126.9213921,37.3950119],[126.920881,37.3947371]]},"properties":{"edge_id":"OSM_E_380035885_a0fec7f076","from_node":"OSM_N3833822395","to_node":"OSM_N3833822407","osm_u":"3833822395","osm_v":"3833822407","osm_key":"0","osm_way_ids":[380035885],"name":"냉천로163번길","length":54.519,"stairs":false,"slope":null,"width":null,"curb_height":null,"surface":"unknown","elevator_required":false,"elevator_status":null,"blocked":false,"block_reason":null,"wheelchair_accessible":null,"accessibility_status":"unknown","source":"osm","accessibility_source":"osm_tags","confidence":0.7,"verified":false,"updated_at":null,"highway":["residential"],"raw_accessibility_tags":{},"crosswalk_samples":[],"approach_ids":[],"demo_editable":false,"feature_type":"edge"}},{"type":"Feature","geometry":{"type":"LineString","coordinates":[[126.9213921,37.3950119],[126.9218963,37.395271]]},"properties":{"edge_id":"OSM_E_380035896_536c68467c","from_node":"OSM_N3833822395","to_node":"OSM_N3833822420","osm_u":"3833822395","osm_v":"3833822420","osm_key":"0","osm_way_ids":[380035896],"name":"안양로263번길","length":53.047,"stairs":false,"slope":null,"width":null,"curb_height":null,"surface":"unknown","elevator_required":false,"elevator_status":null,"blocked":false,"block_reason":null,"wheelchair_accessible":null,"accessibility_status":"unknown","source":"osm","accessibility_source":"osm_tags","confidence":0.7,"verified":false,"updated_at":null,"highway":["residential"],"raw_accessibility_tags":{},"crosswalk_samples":[],"approach_ids":[],"demo_editable":false,"feature_type":"edge"}},{"type":"Feature","geometry":{"type":"LineString","coordinates":[[126.9202731,37.3937915],[126.9208055,37.3935271]]},"properties":{"edge_id":"OSM_E_38609292_46dcae4cce","from_node":"OSM_N3833822396","to_node":"OSM_N3833822398","osm_u":"3833822396","osm_v":"3833822398","osm_key":"0","osm_way_ids":[38609292],"name":"삼덕로","length":55.466,"stairs":false,"slope":null,"width":null,"curb_height":null,"surface":"unknown","elevator_required":false,"elevator_status":null,"blocked":false,"block_reason":null,"wheelchair_accessible":null,"accessibility_status":"unknown","source":"osm","accessibility_source":"osm_tags","confidence":0.7,"verified":false,"updated_at":null,"highway":["tertiary"],"raw_accessibility_tags":{},"crosswalk_samples":[],"approach_ids":[],"demo_editable":false,"feature_type":"edge"}},{"type":"Feature","geometry":{"type":"LineString","coordinates":[[126.9202731,37.3937915],[126.9203219,37.3938453],[126.9207493,37.3940874]]},"properties":{"edge_id":"OSM_E_380035886_1a65ca067b","from_node":"OSM_N3833822396","to_node":"OSM_N3833822406","osm_u":"3833822396","osm_v":"3833822406","osm_key":"0","osm_way_ids":[380035886],"name":"냉천로157번길","length":53.745,"stairs":false,"slope":null,"width":null,"curb_height":null,"surface":"unknown","elevator_required":false,"elevator_status":null,"blocked":false,"block_reason":null,"wheelchair_accessible":null,"accessibility_status":"unknown","source":"osm","accessibility_source":"osm_tags","confidence":0.7,"verified":false,"updated_at":null,"highway":["residential"],"raw_accessibility_tags":{},"crosswalk_samples":[],"approach_ids":[],"demo_editable":false,"feature_type":"edge"}},{"type":"Feature","geometry":{"type":"LineString","coordinates":[[126.9202731,37.3937915],[126.9202659,37.3936981],[126.919941,37.3933149],[126.9198721,37.3932458],[126.9197099,37.3932272],[126.9195826,37.3931901],[126.9194063,37.3931039],[126.9190245,37.3928182],[126.9190105,37.3927718],[126.9191285,37.3926141]]},"properties":{"edge_id":"OSM_E_1323539455_834b368dd3","from_node":"OSM_N3833822396","to_node":"OSM_N12247535367","osm_u":"3833822396","osm_v":"12247535367","osm_key":"0","osm_way_ids":[1323539455],"name":"OSM 보행 구간","length":188.368,"stairs":false,"slope":null,"width":null,"curb_height":null,"surface":"unknown","elevator_required":false,"elevator_status":null,"blocked":false,"block_reason":null,"wheelchair_accessible":null,"accessibility_status":"unknown","source":"osm","accessibility_source":"osm_tags","confidence":0.7,"verified":false,"updated_at":null,"highway":["service"],"raw_accessibility_tags":{},"crosswalk_samples":[],"approach_ids":[],"demo_editable":false,"feature_type":"edge"}},{"type":"Feature","geometry":{"type":"LineString","coordinates":[[126.9220455,37.3942208],[126.9223478,37.3938669]]},"properties":{"edge_id":"OSM_E_38609097_b2769c0b4c","from_node":"OSM_N3833822397","to_node":"OSM_N3833822399","osm_u":"3833822397","osm_v":"3833822399","osm_key":"0","osm_way_ids":[38609097],"name":"냉천로","length":47.558,"stairs":false,"slope":null,"width":null,"curb_height":null,"surface":"unknown","elevator_required":false,"elevator_status":null,"blocked":false,"block_reason":null,"wheelchair_accessible":null,"accessibility_status":"unknown","source":"osm","accessibility_source":"osm_tags","confidence":0.7,"verified":false,"updated_at":null,"highway":["tertiary"],"raw_accessibility_tags":{},"crosswalk_samples":[],"approach_ids":[],"demo_editable":false,"feature_type":"edge"}},{"type":"Feature","geometry":{"type":"LineString","coordinates":[[126.9220455,37.3942208],[126.9229802,37.3947189]]},"properties":{"edge_id":"OSM_E_380035895_802064c80a","from_node":"OSM_N3833822397","to_node":"OSM_N3833822415","osm_u":"3833822397","osm_v":"3833822415","osm_key":"0","osm_way_ids":[380035895],"name":"냉천로154번길","length":99.428,"stairs":false,"slope":null,"width":null,"curb_height":null,"surface":"unknown","elevator_required":false,"elevator_status":null,"blocked":false,"block_reason":null,"wheelchair_accessible":null,"accessibility_status":"unknown","source":"osm","accessibility_source":"osm_tags","confidence":0.7,"verified":false,"updated_at":null,"highway":["residential"],"raw_accessibility_tags":{},"crosswalk_samples":[],"approach_ids":[],"demo_editable":false,"feature_type":"edge"}},{"type":"Feature","geometry":{"type":"LineString","coordinates":[[126.9220455,37.3942208],[126.9210599,37.3937001],[126.9209216,37.3936178],[126.9208055,37.3935271]]},"properties":{"edge_id":"OSM_E_380035887_123720bebf","from_node":"OSM_N3833822397","to_node":"OSM_N3833822398","osm_u":"3833822397","osm_v":"3833822398","osm_key":"0","osm_way_ids":[380035887],"name":"냉천로153번길","length":134.213,"stairs":false,"slope":null,"width":null,"curb_height":null,"surface":"unknown","elevator_required":false,"elevator_status":null,"blocked":false,"block_reason":null,"wheelchair_accessible":null,"accessibility_status":"unknown","source":"osm","accessibility_source":"osm_tags","confidence":0.7,"verified":false,"updated_at":null,"highway":["residential"],"raw_accessibility_tags":{},"crosswalk_samples":[],"approach_ids":[],"demo_editable":false,"feature_type":"edge"}},{"type":"Feature","geometry":{"type":"LineString","coordinates":[[126.9208055,37.3935271],[126.9212656,37.3933036]]},"properties":{"edge_id":"OSM_E_38609292_26cdb11ffe","from_node":"OSM_N3833822398","to_node":"OSM_N3833822400","osm_u":"3833822398","osm_v":"3833822400","osm_key":"0","osm_way_ids":[38609292],"name":"삼덕로","length":47.642,"stairs":false,"slope":null,"width":null,"curb_height":null,"surface":"unknown","elevator_required":false,"elevator_status":null,"blocked":false,"block_reason":null,"wheelchair_accessible":null,"accessibility_status":"unknown","source":"osm","accessibility_source":"osm_tags","confidence":0.7,"verified":false,"updated_at":null,"highway":["tertiary"],"raw_accessibility_tags":{},"crosswalk_samples":[],"approach_ids":[],"demo_editable":false,"feature_type":"edge"}},{"type":"Feature","geometry":{"type":"LineString","coordinates":[[126.9223478,37.3938669],[126.9212656,37.3933036]]},"properties":{"edge_id":"OSM_E_380035888_c8f72f947b","from_node":"OSM_N3833822399","to_node":"OSM_N3833822400","osm_u":"3833822399","osm_v":"3833822400","osm_key":"0","osm_way_ids":[380035888],"name":"냉천로147번길","length":114.296,"stairs":false,"slope":null,"width":null,"curb_height":null,"surface":"unknown","elevator_required":false,"elevator_status":null,"blocked":false,"block_reason":null,"wheelchair_accessible":null,"accessibility_status":"unknown","source":"osm","accessibility_source":"osm_tags","confidence":0.7,"verified":false,"updated_at":null,"highway":["residential"],"raw_accessibility_tags":{},"crosswalk_samples":[],"approach_ids":[],"demo_editable":false,"feature_type":"edge"}},{"type":"Feature","geometry":{"type":"LineString","coordinates":[[126.9223478,37.3938669],[126.9232744,37.3943637]]},"properties":{"edge_id":"OSM_E_380035892_eba835cb5e","from_node":"OSM_N3833822399","to_node":"OSM_N3833822409","osm_u":"3833822399","osm_v":"3833822409","osm_key":"0","osm_way_ids":[380035892],"name":"안양로247번길","length":98.754,"stairs":false,"slope":null,"width":null,"curb_height":null,"surface":"unknown","elevator_required":false,"elevator_status":null,"blocked":false,"block_reason":null,"wheelchair_accessible":null,"accessibility_status":"unknown","source":"osm","accessibility_source":"osm_tags","confidence":0.7,"verified":false,"updated_at":null,"highway":["residential"],"raw_accessibility_tags":{},"crosswalk_samples":[],"approach_ids":[],"demo_editable":false,"feature_type":"edge"}},{"type":"Feature","geometry":{"type":"LineString","coordinates":[[126.9223478,37.3938669],[126.9224776,37.3937109],[126.9226828,37.393462]]},"properties":{"edge_id":"OSM_E_38609097_33cd607ee6","from_node":"OSM_N3833822399","to_node":"OSM_N3833822411","osm_u":"3833822399","osm_v":"3833822411","osm_key":"0","osm_way_ids":[38609097],"name":"냉천로","length":53.879,"stairs":false,"slope":null,"width":null,"curb_height":null,"surface":"unknown","elevator_required":false,"elevator_status":null,"blocked":false,"block_reason":null,"wheelchair_accessible":null,"accessibility_status":"unknown","source":"osm","accessibility_source":"osm_tags","confidence":0.7,"verified":false,"updated_at":null,"highway":["tertiary"],"raw_accessibility_tags":{},"crosswalk_samples":[],"approach_ids":[],"demo_editable":false,"feature_type":"edge"}},{"type":"Feature","geometry":{"type":"LineString","coordinates":[[126.9212656,37.3933036],[126.9214017,37.3932384],[126.9214122,37.3932334],[126.9218406,37.3930238]]},"properties":{"edge_id":"OSM_E_38609292_67e47a46a0","from_node":"OSM_N3833822400","to_node":"OSM_N3833822412","osm_u":"3833822400","osm_v":"3833822412","osm_key":"0","osm_way_ids":[38609292],"name":"삼덕로","length":59.568,"stairs":false,"slope":null,"width":null,"curb_height":null,"surface":"unknown","elevator_required":false,"elevator_status":null,"blocked":false,"block_reason":null,"wheelchair_accessible":null,"accessibility_status":"unknown","source":"osm","accessibility_source":"osm_tags","confidence":0.7,"verified":false,"updated_at":null,"highway":["tertiary"],"raw_accessibility_tags":{},"crosswalk_samples":[],"approach_ids":[],"demo_editable":false,"feature_type":"edge"}},{"type":"Feature","geometry":{"type":"LineString","coordinates":[[126.9199587,37.3942492],[126.920421,37.39449]]},"properties":{"edge_id":"OSM_E_380035885_a06618037a","from_node":"OSM_N3833822401","to_node":"OSM_N3833822405","osm_u":"3833822401","osm_v":"3833822405","osm_key":"0","osm_way_ids":[380035885],"name":"냉천로163번길","length":48.835,"stairs":false,"slope":null,"width":null,"curb_height":null,"surface":"unknown","elevator_required":false,"elevator_status":null,"blocked":false,"block_reason":null,"wheelchair_accessible":null,"accessibility_status":"unknown","source":"osm","accessibility_source":"osm_tags","confidence":0.7,"verified":false,"updated_at":null,"highway":["residential"],"raw_accessibility_tags":{},"crosswalk_samples":[],"approach_ids":[],"demo_editable":false,"feature_type":"edge"}},{"type":"Feature","geometry":{"type":"LineString","coordinates":[[126.9199587,37.3942492],[126.9192538,37.3951072]]},"properties":{"edge_id":"OSM_E_380035889_864bee804d","from_node":"OSM_N3833822401","to_node":"OSM_N3833822402","osm_u":"3833822401","osm_v":"3833822402","osm_key":"0","osm_way_ids":[380035889],"name":"냉천로163번길","length":113.93,"stairs":false,"slope":null,"width":null,"curb_height":null,"surface":"unknown","elevator_required":false,"elevator_status":null,"blocked":false,"block_reason":null,"wheelchair_accessible":null,"accessibility_status":"unknown","source":"osm","accessibility_source":"osm_tags","confidence":0.7,"verified":false,"updated_at":null,"highway":["residential"],"raw_accessibility_tags":{},"crosswalk_samples":[],"approach_ids":[],"demo_editable":false,"feature_type":"edge"}},{"type":"Feature","geometry":{"type":"LineString","coordinates":[[126.9192538,37.3951072],[126.9197005,37.3953504]]},"properties":{"edge_id":"OSM_E_380035883_73671180a2","from_node":"OSM_N3833822402","to_node":"OSM_N3833822404","osm_u":"3833822402","osm_v":"3833822404","osm_key":"0","osm_way_ids":[380035883],"name":"냉천로175번길","length":47.839,"stairs":false,"slope":null,"width":null,"curb_height":null,"surface":"unknown","elevator_required":false,"elevator_status":null,"blocked":false,"block_reason":null,"wheelchair_accessible":null,"accessibility_status":"unknown","source":"osm","accessibility_source":"osm_tags","confidence":0.7,"verified":false,"updated_at":null,"highway":["residential"],"raw_accessibility_tags":{},"crosswalk_samples":[],"approach_ids":[],"demo_editable":false,"feature_type":"edge"}},{"type":"Feature","geometry":{"type":"LineString","coordinates":[[126.9193426,37.3957763],[126.9197005,37.3953504]]},"properties":{"edge_id":"OSM_E_380035890_49f511a678","from_node":"OSM_N3833822403","to_node":"OSM_N3833822404","osm_u":"3833822403","osm_v":"3833822404","osm_key":"0","osm_way_ids":[380035890],"name":"장내로100번길","length":56.942,"stairs":false,"slope":null,"width":null,"curb_height":null,"surface":"unknown","elevator_required":false,"elevator_status":null,"blocked":false,"block_reason":null,"wheelchair_accessible":null,"accessibility_status":"unknown","source":"osm","accessibility_source":"osm_tags","confidence":0.7,"verified":false,"updated_at":null,"highway":["residential"],"raw_accessibility_tags":{},"crosswalk_samples":[],"approach_ids":[],"demo_editable":false,"feature_type":"edge"}},{"type":"Feature","geometry":{"type":"LineString","coordinates":[[126.9193426,37.3957763],[126.9190614,37.3961234]]},"properties":{"edge_id":"OSM_E_380073431_88f76a28df","from_node":"OSM_N3833822403","to_node":"OSM_N3834216017","osm_u":"3833822403","osm_v":"3834216017","osm_key":"0","osm_way_ids":[380073431],"name":"장내로99번길","length":45.899,"stairs":false,"slope":null,"width":null,"curb_height":null,"surface":"unknown","elevator_required":false,"elevator_status":null,"blocked":false,"block_reason":null,"wheelchair_accessible":null,"accessibility_status":"unknown","source":"osm","accessibility_source":"osm_tags","confidence":0.7,"verified":false,"updated_at":null,"highway":["residential"],"raw_accessibility_tags":{"sidewalk":"no"},"crosswalk_samples":[],"approach_ids":[],"demo_editable":false,"feature_type":"edge"}},{"type":"Feature","geometry":{"type":"LineString","coordinates":[[126.9197005,37.3953504],[126.9201648,37.3956009]]},"properties":{"edge_id":"OSM_E_380035883_e8c9067638","from_node":"OSM_N3833822404","to_node":"OSM_N3833822408","osm_u":"3833822404","osm_v":"3833822408","osm_key":"0","osm_way_ids":[380035883],"name":"냉천로175번길","length":49.58,"stairs":false,"slope":null,"width":null,"curb_height":null,"surface":"unknown","elevator_required":false,"elevator_status":null,"blocked":false,"block_reason":null,"wheelchair_accessible":null,"accessibility_status":"unknown","source":"osm","accessibility_source":"osm_tags","confidence":0.7,"verified":false,"updated_at":null,"highway":["residential"],"raw_accessibility_tags":{},"crosswalk_samples":[],"approach_ids":[],"demo_editable":false,"feature_type":"edge"}},{"type":"Feature","geometry":{"type":"LineString","coordinates":[[126.9197005,37.3953504],[126.920421,37.39449]]},"properties":{"edge_id":"OSM_E_380035890_65563bc049","from_node":"OSM_N3833822404","to_node":"OSM_N3833822405","osm_u":"3833822404","osm_v":"3833822405","osm_key":"0","osm_way_ids":[380035890],"name":"장내로100번길","length":114.911,"stairs":false,"slope":null,"width":null,"curb_height":null,"surface":"unknown","elevator_required":false,"elevator_status":null,"blocked":false,"block_reason":null,"wheelchair_accessible":null,"accessibility_status":"unknown","source":"osm","accessibility_source":"osm_tags","confidence":0.7,"verified":false,"updated_at":null,"highway":["residential"],"raw_accessibility_tags":{},"crosswalk_samples":[],"approach_ids":[],"demo_editable":false,"feature_type":"edge"}},{"type":"Feature","geometry":{"type":"LineString","coordinates":[[126.920421,37.39449],[126.920881,37.3947371]]},"properties":{"edge_id":"OSM_E_380035885_af1539d70c","from_node":"OSM_N3833822405","to_node":"OSM_N3833822407","osm_u":"3833822405","osm_v":"3833822407","osm_key":"0","osm_way_ids":[380035885],"name":"냉천로163번길","length":49.054,"stairs":false,"slope":null,"width":null,"curb_height":null,"surface":"unknown","elevator_required":false,"elevator_status":null,"blocked":false,"block_reason":null,"wheelchair_accessible":null,"accessibility_status":"unknown","source":"osm","accessibility_source":"osm_tags","confidence":0.7,"verified":false,"updated_at":null,"highway":["residential"],"raw_accessibility_tags":{},"crosswalk_samples":[],"approach_ids":[],"demo_editable":false,"feature_type":"edge"}},{"type":"Feature","geometry":{"type":"LineString","coordinates":[[126.920421,37.39449],[126.9207493,37.3940874]]},"properties":{"edge_id":"OSM_E_380035890_2eeb096c72","from_node":"OSM_N3833822405","to_node":"OSM_N3833822406","osm_u":"3833822405","osm_v":"3833822406","osm_key":"0","osm_way_ids":[380035890],"name":"장내로100번길","length":53.341,"stairs":false,"slope":null,"width":null,"curb_height":null,"surface":"unknown","elevator_required":false,"elevator_status":null,"blocked":false,"block_reason":null,"wheelchair_accessible":null,"accessibility_status":"unknown","source":"osm","accessibility_source":"osm_tags","confidence":0.7,"verified":false,"updated_at":null,"highway":["residential"],"raw_accessibility_tags":{},"crosswalk_samples":[],"approach_ids":[],"demo_editable":false,"feature_type":"edge"}},{"type":"Feature","geometry":{"type":"LineString","coordinates":[[126.920881,37.3947371],[126.9201648,37.3956009]]},"properties":{"edge_id":"OSM_E_380035891_061f709a9d","from_node":"OSM_N3833822407","to_node":"OSM_N3833822408","osm_u":"3833822407","osm_v":"3833822408","osm_key":"0","osm_way_ids":[380035891],"name":"냉천로163번길","length":115.016,"stairs":false,"slope":null,"width":null,"curb_height":null,"surface":"unknown","elevator_required":false,"elevator_status":null,"blocked":false,"block_reason":null,"wheelchair_accessible":null,"accessibility_status":"unknown","source":"osm","accessibility_source":"osm_tags","confidence":0.7,"verified":false,"updated_at":null,"highway":["residential"],"raw_accessibility_tags":{},"crosswalk_samples":[],"approach_ids":[],"demo_editable":false,"feature_type":"edge"}},{"type":"Feature","geometry":{"type":"LineString","coordinates":[[126.9232744,37.3943637],[126.9236038,37.3939556]]},"properties":{"edge_id":"OSM_E_82909489_757785706c","from_node":"OSM_N3833822409","to_node":"OSM_N3833822414","osm_u":"3833822409","osm_v":"3833822414","osm_key":"0","osm_way_ids":[82909489],"name":"장내로120번길","length":53.908,"stairs":false,"slope":null,"width":null,"curb_height":null,"surface":"unknown","elevator_required":false,"elevator_status":null,"blocked":false,"block_reason":null,"wheelchair_accessible":null,"accessibility_status":"unknown","source":"osm","accessibility_source":"osm_tags","confidence":0.7,"verified":false,"updated_at":null,"highway":["residential"],"raw_accessibility_tags":{},"crosswalk_samples":[],"approach_ids":[],"demo_editable":false,"feature_type":"edge"}},{"type":"Feature","geometry":{"type":"LineString","coordinates":[[126.9232744,37.3943637],[126.9229802,37.3947189]]},"properties":{"edge_id":"OSM_E_82909489_c91cdc23b7","from_node":"OSM_N3833822409","to_node":"OSM_N3833822415","osm_u":"3833822409","osm_v":"3833822415","osm_key":"0","osm_way_ids":[82909489],"name":"장내로120번길","length":47.281,"stairs":false,"slope":null,"width":null,"curb_height":null,"surface":"unknown","elevator_required":false,"elevator_status":null,"blocked":false,"block_reason":null,"wheelchair_accessible":null,"accessibility_status":"unknown","source":"osm","accessibility_source":"osm_tags","confidence":0.7,"verified":false,"updated_at":null,"highway":["residential"],"raw_accessibility_tags":{},"crosswalk_samples":[],"approach_ids":[],"demo_editable":false,"feature_type":"edge"}},{"type":"Feature","geometry":{"type":"LineString","coordinates":[[126.9232744,37.3943637],[126.9238519,37.3946701]]},"properties":{"edge_id":"OSM_E_380035892_ccd7d1e04c","from_node":"OSM_N3833822409","to_node":"OSM_N3833822410","osm_u":"3833822409","osm_v":"3833822410","osm_key":"0","osm_way_ids":[380035892],"name":"안양로247번길","length":61.348,"stairs":false,"slope":null,"width":null,"curb_height":null,"surface":"unknown","elevator_required":false,"elevator_status":null,"blocked":false,"block_reason":null,"wheelchair_accessible":null,"accessibility_status":"unknown","source":"osm","accessibility_source":"osm_tags","confidence":0.7,"verified":false,"updated_at":null,"highway":["residential"],"raw_accessibility_tags":{},"crosswalk_samples":[],"approach_ids":[],"demo_editable":false,"feature_type":"edge"}},{"type":"Feature","geometry":{"type":"LineString","coordinates":[[126.9238519,37.3946701],[126.9245579,37.3950445]]},"properties":{"edge_id":"OSM_E_380035892_81edbb03e0","from_node":"OSM_N3833822410","to_node":"OSM_N3833822413","osm_u":"3833822410","osm_v":"3833822413","osm_key":"0","osm_way_ids":[380035892],"name":"안양로247번길","length":74.987,"stairs":false,"slope":null,"width":null,"curb_height":null,"surface":"unknown","elevator_required":false,"elevator_status":null,"blocked":false,"block_reason":null,"wheelchair_accessible":null,"accessibility_status":"unknown","source":"osm","accessibility_source":"osm_tags","confidence":0.7,"verified":false,"updated_at":null,"highway":["residential"],"raw_accessibility_tags":{},"crosswalk_samples":[],"approach_ids":[],"demo_editable":false,"feature_type":"edge"}},{"type":"Feature","geometry":{"type":"LineString","coordinates":[[126.9226828,37.393462],[126.9218406,37.3930238]]},"properties":{"edge_id":"OSM_E_380035893_ea1f55aafa","from_node":"OSM_N3833822411","to_node":"OSM_N3833822412","osm_u":"3833822411","osm_v":"3833822412","osm_key":"0","osm_way_ids":[380035893],"name":"냉천로143번길","length":88.938,"stairs":false,"slope":null,"width":null,"curb_height":null,"surface":"unknown","elevator_required":false,"elevator_status":null,"blocked":false,"block_reason":null,"wheelchair_accessible":null,"accessibility_status":"unknown","source":"osm","accessibility_source":"osm_tags","confidence":0.7,"verified":false,"updated_at":null,"highway":["residential"],"raw_accessibility_tags":{},"crosswalk_samples":[],"approach_ids":[],"demo_editable":false,"feature_type":"edge"}},{"type":"Feature","geometry":{"type":"LineString","coordinates":[[126.9226828,37.393462],[126.9236038,37.3939556]]},"properties":{"edge_id":"OSM_E_380035894_fa9dfc7228","from_node":"OSM_N3833822411","to_node":"OSM_N3833822414","osm_u":"3833822411","osm_v":"3833822414","osm_key":"0","osm_way_ids":[380035894],"name":"냉천로144번길","length":98.145,"stairs":false,"slope":null,"width":null,"curb_height":null,"surface":"unknown","elevator_required":false,"elevator_status":null,"blocked":false,"block_reason":null,"wheelchair_accessible":null,"accessibility_status":"unknown","source":"osm","accessibility_source":"osm_tags","confidence":0.7,"verified":false,"updated_at":null,"highway":["residential"],"raw_accessibility_tags":{},"crosswalk_samples":[],"approach_ids":[],"demo_editable":false,"feature_type":"edge"}},{"type":"Feature","geometry":{"type":"LineString","coordinates":[[126.9245579,37.3950445],[126.9251636,37.3953758]]},"properties":{"edge_id":"OSM_E_380063835_cb56070ef4","from_node":"OSM_N3833822413","to_node":"OSM_N3834106171","osm_u":"3833822413","osm_v":"3834106171","osm_key":"0","osm_way_ids":[380063835],"name":"안양로248번길","length":64.963,"stairs":false,"slope":null,"width":null,"curb_height":null,"surface":"unknown","elevator_required":false,"elevator_status":null,"blocked":false,"block_reason":null,"wheelchair_accessible":null,"accessibility_status":"unknown","source":"osm","accessibility_source":"osm_tags","confidence":0.7,"verified":false,"updated_at":null,"highway":["residential"],"raw_accessibility_tags":{},"crosswalk_samples":[],"approach_ids":[],"demo_editable":false,"feature_type":"edge"}},{"type":"Feature","geometry":{"type":"LineString","coordinates":[[126.9236105,37.3961905],[126.9235435,37.3962683],[126.9232367,37.3966289]]},"properties":{"edge_id":"OSM_E_38609408_7a2fdc501b","from_node":"OSM_N3833822416","to_node":"OSM_N3834106183","osm_u":"3833822416","osm_v":"3834106183","osm_key":"0","osm_way_ids":[38609408],"name":"안양로","length":58.879,"stairs":false,"slope":null,"width":null,"curb_height":null,"surface":"unknown","elevator_required":false,"elevator_status":null,"blocked":false,"block_reason":null,"wheelchair_accessible":null,"accessibility_status":"unknown","source":"osm","accessibility_source":"osm_tags","confidence":0.7,"verified":false,"updated_at":null,"highway":["tertiary"],"raw_accessibility_tags":{},"crosswalk_samples":[],"approach_ids":[],"demo_editable":false,"feature_type":"edge"}},{"type":"Feature","geometry":{"type":"LineString","coordinates":[[126.9236105,37.3961905],[126.9230918,37.3959108],[126.9228411,37.3957774],[126.9223216,37.3954977]]},"properties":{"edge_id":"OSM_E_380035896_158eabfbb1","from_node":"OSM_N3833822416","to_node":"OSM_N3833822417","osm_u":"3833822416","osm_v":"3833822417","osm_key":"0","osm_way_ids":[380035896],"name":"안양로263번길","length":137.474,"stairs":false,"slope":null,"width":null,"curb_height":null,"surface":"unknown","elevator_required":false,"elevator_status":null,"blocked":false,"block_reason":null,"wheelchair_accessible":null,"accessibility_status":"unknown","source":"osm","accessibility_source":"osm_tags","confidence":0.7,"verified":false,"updated_at":null,"highway":["residential"],"raw_accessibility_tags":{},"crosswalk_samples":[],"approach_ids":[],"demo_editable":false,"feature_type":"edge"}},{"type":"Feature","geometry":{"type":"LineString","coordinates":[[126.9223216,37.3954977],[126.9218963,37.395271]]},"properties":{"edge_id":"OSM_E_380035896_8ea1bd46e3","from_node":"OSM_N3833822417","to_node":"OSM_N3833822420","osm_u":"3833822417","osm_v":"3833822420","osm_key":"0","osm_way_ids":[380035896],"name":"안양로263번길","length":45.244,"stairs":false,"slope":null,"width":null,"curb_height":null,"surface":"unknown","elevator_required":false,"elevator_status":null,"blocked":false,"block_reason":null,"wheelchair_accessible":null,"accessibility_status":"unknown","source":"osm","accessibility_source":"osm_tags","confidence":0.7,"verified":false,"updated_at":null,"highway":["residential"],"raw_accessibility_tags":{},"crosswalk_samples":[],"approach_ids":[],"demo_editable":false,"feature_type":"edge"}},{"type":"Feature","geometry":{"type":"LineString","coordinates":[[126.9223216,37.3954977],[126.9221297,37.3957363],[126.9217844,37.3961465]]},"properties":{"edge_id":"OSM_E_82909489_2cb0a16732","from_node":"OSM_N3833822417","to_node":"OSM_N3833822419","osm_u":"3833822417","osm_v":"3833822419","osm_key":"0","osm_way_ids":[82909489],"name":"장내로120번길","length":86.357,"stairs":false,"slope":null,"width":null,"curb_height":null,"surface":"unknown","elevator_required":false,"elevator_status":null,"blocked":false,"block_reason":null,"wheelchair_accessible":null,"accessibility_status":"unknown","source":"osm","accessibility_source":"osm_tags","confidence":0.7,"verified":false,"updated_at":null,"highway":["residential"],"raw_accessibility_tags":{},"crosswalk_samples":[],"approach_ids":[],"demo_editable":false,"feature_type":"edge"}},{"type":"Feature","geometry":{"type":"LineString","coordinates":[[126.9208518,37.3956554],[126.9213578,37.395917]]},"properties":{"edge_id":"OSM_E_380035897_deeb7f8663","from_node":"OSM_N3833822418","to_node":"OSM_N3833822421","osm_u":"3833822418","osm_v":"3833822421","osm_key":"0","osm_way_ids":[380035897],"name":"냉천로172번길","length":53.331,"stairs":false,"slope":null,"width":null,"curb_height":null,"surface":"unknown","elevator_required":false,"elevator_status":null,"blocked":false,"block_reason":null,"wheelchair_accessible":null,"accessibility_status":"unknown","source":"osm","accessibility_source":"osm_tags","confidence":0.7,"verified":false,"updated_at":null,"highway":["residential"],"raw_accessibility_tags":{},"crosswalk_samples":[],"approach_ids":[],"demo_editable":false,"feature_type":"edge"}},{"type":"Feature","geometry":{"type":"LineString","coordinates":[[126.9217844,37.3961465],[126.9213578,37.395917]]},"properties":{"edge_id":"OSM_E_380035897_e4a38871a4","from_node":"OSM_N3833822419","to_node":"OSM_N3833822421","osm_u":"3833822419","osm_v":"3833822421","osm_key":"0","osm_way_ids":[380035897],"name":"냉천로172번길","length":45.513,"stairs":false,"slope":null,"width":null,"curb_height":null,"surface":"unknown","elevator_required":false,"elevator_status":null,"blocked":false,"block_reason":null,"wheelchair_accessible":null,"accessibility_status":"unknown","source":"osm","accessibility_source":"osm_tags","confidence":0.7,"verified":false,"updated_at":null,"highway":["residential"],"raw_accessibility_tags":{},"crosswalk_samples":[],"approach_ids":[],"demo_editable":false,"feature_type":"edge"}},{"type":"Feature","geometry":{"type":"LineString","coordinates":[[126.9218963,37.395271],[126.9213578,37.395917]]},"properties":{"edge_id":"OSM_E_380035898_f32937e49c","from_node":"OSM_N3833822420","to_node":"OSM_N3833822421","osm_u":"3833822420","osm_v":"3833822421","osm_key":"0","osm_way_ids":[380035898],"name":"안양로263번길","length":86.156,"stairs":false,"slope":null,"width":null,"curb_height":null,"surface":"unknown","elevator_required":false,"elevator_status":null,"blocked":false,"block_reason":null,"wheelchair_accessible":null,"accessibility_status":"unknown","source":"osm","accessibility_source":"osm_tags","confidence":0.7,"verified":false,"updated_at":null,"highway":["residential"],"raw_accessibility_tags":{},"crosswalk_samples":[],"approach_ids":[],"demo_editable":false,"feature_type":"edge"}},{"type":"Feature","geometry":{"type":"LineString","coordinates":[[126.9251636,37.3953758],[126.9254829,37.3949943]]},"properties":{"edge_id":"OSM_E_379904080_cc833d1c36","from_node":"OSM_N3834106171","to_node":"OSM_N3834106176","osm_u":"3834106171","osm_v":"3834106176","osm_key":"0","osm_way_ids":[379904080],"name":"장내로140번길","length":50.943,"stairs":false,"slope":null,"width":null,"curb_height":null,"surface":"unknown","elevator_required":false,"elevator_status":null,"blocked":false,"block_reason":null,"wheelchair_accessible":null,"accessibility_status":"unknown","source":"osm","accessibility_source":"osm_tags","confidence":0.7,"verified":false,"updated_at":null,"highway":["residential"],"raw_accessibility_tags":{},"crosswalk_samples":[],"approach_ids":[],"demo_editable":false,"feature_type":"edge"}},{"type":"Feature","geometry":{"type":"LineString","coordinates":[[126.9251636,37.3953758],[126.9255726,37.3955973]]},"properties":{"edge_id":"OSM_E_380063835_2aa01178e2","from_node":"OSM_N3834106171","to_node":"OSM_N3834106177","osm_u":"3834106171","osm_v":"3834106177","osm_key":"0","osm_way_ids":[380063835],"name":"안양로248번길","length":43.727,"stairs":false,"slope":null,"width":null,"curb_height":null,"surface":"unknown","elevator_required":false,"elevator_status":null,"blocked":false,"block_reason":null,"wheelchair_accessible":null,"accessibility_status":"unknown","source":"osm","accessibility_source":"osm_tags","confidence":0.7,"verified":false,"updated_at":null,"highway":["residential"],"raw_accessibility_tags":{},"crosswalk_samples":[],"approach_ids":[],"demo_editable":false,"feature_type":"edge"}},{"type":"Feature","geometry":{"type":"LineString","coordinates":[[126.9263444,37.3959967],[126.9266703,37.3956202]]},"properties":{"edge_id":"OSM_E_38608991_d4b0141023","from_node":"OSM_N3834106172","to_node":"OSM_N3834106175","osm_u":"3834106172","osm_v":"3834106175","osm_key":"0","osm_way_ids":[38608991],"name":"장내로150번길","length":50.809,"stairs":false,"slope":null,"width":null,"curb_height":null,"surface":"unknown","elevator_required":false,"elevator_status":null,"blocked":false,"block_reason":null,"wheelchair_accessible":null,"accessibility_status":"unknown","source":"osm","accessibility_source":"osm_tags","confidence":0.7,"verified":false,"updated_at":null,"highway":["residential"],"raw_accessibility_tags":{},"crosswalk_samples":[],"approach_ids":[],"demo_editable":false,"feature_type":"edge"}},{"type":"Feature","geometry":{"type":"LineString","coordinates":[[126.9263444,37.3959967],[126.9271295,37.3964098]]},"properties":{"edge_id":"OSM_E_380063835_8cf900688d","from_node":"OSM_N3834106172","to_node":"OSM_N3834106173","osm_u":"3834106172","osm_v":"3834106173","osm_key":"0","osm_way_ids":[380063835],"name":"안양로248번길","length":83.187,"stairs":false,"slope":null,"width":null,"curb_height":null,"surface":"unknown","elevator_required":false,"elevator_status":null,"blocked":false,"block_reason":null,"wheelchair_accessible":null,"accessibility_status":"unknown","source":"osm","accessibility_source":"osm_tags","confidence":0.7,"verified":false,"updated_at":null,"highway":["residential"],"raw_accessibility_tags":{},"crosswalk_samples":[],"approach_ids":[],"demo_editable":false,"feature_type":"edge"}},{"type":"Feature","geometry":{"type":"LineString","coordinates":[[126.9263444,37.3959967],[126.9255726,37.3955973]]},"properties":{"edge_id":"OSM_E_380063835_4f69189bad","from_node":"OSM_N3834106172","to_node":"OSM_N3834106177","osm_u":"3834106172","osm_v":"3834106177","osm_key":"0","osm_way_ids":[380063835],"name":"안양로248번길","length":81.369,"stairs":false,"slope":null,"width":null,"curb_height":null,"surface":"unknown","elevator_required":false,"elevator_status":null,"blocked":false,"block_reason":null,"wheelchair_accessible":null,"accessibility_status":"unknown","source":"osm","accessibility_source":"osm_tags","confidence":0.7,"verified":false,"updated_at":null,"highway":["residential"],"raw_accessibility_tags":{},"crosswalk_samples":[],"approach_ids":[],"demo_editable":false,"feature_type":"edge"}},{"type":"Feature","geometry":{"type":"LineString","coordinates":[[126.9271295,37.3964098],[126.9275078,37.3960773]]},"properties":{"edge_id":"OSM_E_318729248_ecb9034ebc","from_node":"OSM_N3834106173","to_node":"OSM_N3834106174","osm_u":"3834106173","osm_v":"3834106174","osm_key":"0","osm_way_ids":[318729248],"name":"만안로","length":49.837,"stairs":false,"slope":null,"width":null,"curb_height":null,"surface":"unknown","elevator_required":false,"elevator_status":null,"blocked":false,"block_reason":null,"wheelchair_accessible":null,"accessibility_status":"unknown","source":"osm","accessibility_source":"osm_tags","confidence":0.7,"verified":false,"updated_at":null,"highway":["tertiary"],"raw_accessibility_tags":{},"crosswalk_samples":[],"approach_ids":[],"demo_editable":false,"feature_type":"edge"}},{"type":"Feature","geometry":{"type":"LineString","coordinates":[[126.9275078,37.3960773],[126.9279927,37.3957133]]},"properties":{"edge_id":"OSM_E_318729248_5f18d1f3fe","from_node":"OSM_N3834106174","to_node":"OSM_N9212507165","osm_u":"3834106174","osm_v":"9212507165","osm_key":"0","osm_way_ids":[318729248],"name":"만안로","length":58.933,"stairs":false,"slope":null,"width":null,"curb_height":null,"surface":"unknown","elevator_required":false,"elevator_status":null,"blocked":false,"block_reason":null,"wheelchair_accessible":null,"accessibility_status":"unknown","source":"osm","accessibility_source":"osm_tags","confidence":0.7,"verified":false,"updated_at":null,"highway":["tertiary"],"raw_accessibility_tags":{},"crosswalk_samples":[],"approach_ids":[],"demo_editable":false,"feature_type":"edge"}},{"type":"Feature","geometry":{"type":"LineString","coordinates":[[126.9275078,37.3960773],[126.9266703,37.3956202]]},"properties":{"edge_id":"OSM_E_380063836_abec22df8f","from_node":"OSM_N3834106174","to_node":"OSM_N3834106175","osm_u":"3834106174","osm_v":"3834106175","osm_key":"0","osm_way_ids":[380063836],"name":"만안로159번길","length":89.762,"stairs":false,"slope":null,"width":null,"curb_height":null,"surface":"unknown","elevator_required":false,"elevator_status":null,"blocked":false,"block_reason":null,"wheelchair_accessible":null,"accessibility_status":"unknown","source":"osm","accessibility_source":"osm_tags","confidence":0.7,"verified":false,"updated_at":null,"highway":["residential"],"raw_accessibility_tags":{},"crosswalk_samples":[],"approach_ids":[],"demo_editable":false,"feature_type":"edge"}},{"type":"Feature","geometry":{"type":"LineString","coordinates":[[126.9266703,37.3956202],[126.9254829,37.3949943]]},"properties":{"edge_id":"OSM_E_380063836_d9baa68cdb","from_node":"OSM_N3834106175","to_node":"OSM_N3834106176","osm_u":"3834106175","osm_v":"3834106176","osm_key":"0","osm_way_ids":[380063836],"name":"만안로159번길","length":125.884,"stairs":false,"slope":null,"width":null,"curb_height":null,"surface":"unknown","elevator_required":false,"elevator_status":null,"blocked":false,"block_reason":null,"wheelchair_accessible":null,"accessibility_status":"unknown","source":"osm","accessibility_source":"osm_tags","confidence":0.7,"verified":false,"updated_at":null,"highway":["residential"],"raw_accessibility_tags":{},"crosswalk_samples":[],"approach_ids":[],"demo_editable":false,"feature_type":"edge"}},{"type":"Feature","geometry":{"type":"LineString","coordinates":[[126.9255726,37.3955973],[126.9249764,37.3963196]]},"properties":{"edge_id":"OSM_E_380063837_eb6e6204ac","from_node":"OSM_N3834106177","to_node":"OSM_N3834106178","osm_u":"3834106177","osm_v":"3834106178","osm_key":"0","osm_way_ids":[380063837],"name":"안양로248번길","length":96.045,"stairs":false,"slope":null,"width":null,"curb_height":null,"surface":"unknown","elevator_required":false,"elevator_status":null,"blocked":false,"block_reason":null,"wheelchair_accessible":null,"accessibility_status":"unknown","source":"osm","accessibility_source":"osm_tags","confidence":0.7,"verified":false,"updated_at":null,"highway":["residential"],"raw_accessibility_tags":{},"crosswalk_samples":[],"approach_ids":[],"demo_editable":false,"feature_type":"edge"}},{"type":"Feature","geometry":{"type":"LineString","coordinates":[[126.9241651,37.3982643],[126.9245565,37.3978983]]},"properties":{"edge_id":"OSM_E_38608991_e7b0c12447","from_node":"OSM_N3834106179","to_node":"OSM_N3834106188","osm_u":"3834106179","osm_v":"3834106188","osm_key":"0","osm_way_ids":[38608991],"name":"장내로150번길","length":53.402,"stairs":false,"slope":null,"width":null,"curb_height":null,"surface":"unknown","elevator_required":false,"elevator_status":null,"blocked":false,"block_reason":null,"wheelchair_accessible":null,"accessibility_status":"unknown","source":"osm","accessibility_source":"osm_tags","confidence":0.7,"verified":false,"updated_at":null,"highway":["residential"],"raw_accessibility_tags":{},"crosswalk_samples":[],"approach_ids":[],"demo_editable":false,"feature_type":"edge"}},{"type":"Feature","geometry":{"type":"LineString","coordinates":[[126.9241651,37.3982643],[126.9247935,37.3986415]]},"properties":{"edge_id":"OSM_E_380073443_22579d3fcb","from_node":"OSM_N3834106179","to_node":"OSM_N3834216036","osm_u":"3834106179","osm_v":"3834216036","osm_key":"0","osm_way_ids":[380073443],"name":"장내로","length":69.575,"stairs":false,"slope":null,"width":null,"curb_height":null,"surface":"unknown","elevator_required":false,"elevator_status":null,"blocked":false,"block_reason":null,"wheelchair_accessible":null,"accessibility_status":"unknown","source":"osm","accessibility_source":"osm_tags","confidence":0.7,"verified":false,"updated_at":null,"highway":["tertiary_link"],"raw_accessibility_tags":{},"crosswalk_samples":[],"approach_ids":[],"demo_editable":false,"feature_type":"edge"}},{"type":"Feature","geometry":{"type":"LineString","coordinates":[[126.9241651,37.3982643],[126.9235855,37.3979686],[126.9232825,37.3978691]]},"properties":{"edge_id":"OSM_E_380073443_a595264f2a","from_node":"OSM_N3834106179","to_node":"OSM_N3834216040","osm_u":"3834106179","osm_v":"3834216040","osm_key":"0","osm_way_ids":[380073443],"name":"장내로","length":89.812,"stairs":false,"slope":null,"width":null,"curb_height":null,"surface":"unknown","elevator_required":false,"elevator_status":null,"blocked":false,"block_reason":null,"wheelchair_accessible":null,"accessibility_status":"unknown","source":"osm","accessibility_source":"osm_tags","confidence":0.7,"verified":false,"updated_at":null,"highway":["tertiary_link"],"raw_accessibility_tags":{},"crosswalk_samples":[],"approach_ids":[],"demo_editable":false,"feature_type":"edge"}},{"type":"Feature","geometry":{"type":"LineString","coordinates":[[126.923159,37.3978015],[126.9235261,37.3973457]]},"properties":{"edge_id":"OSM_E_379904080_3d9514b302","from_node":"OSM_N3834106180","to_node":"OSM_N3834106187","osm_u":"3834106180","osm_v":"3834106187","osm_key":"0","osm_way_ids":[379904080],"name":"장내로140번길","length":60.169,"stairs":false,"slope":null,"width":null,"curb_height":null,"surface":"unknown","elevator_required":false,"elevator_status":null,"blocked":false,"block_reason":null,"wheelchair_accessible":null,"accessibility_status":"unknown","source":"osm","accessibility_source":"osm_tags","confidence":0.7,"verified":false,"updated_at":null,"highway":["residential"],"raw_accessibility_tags":{},"crosswalk_samples":[],"approach_ids":[],"demo_editable":false,"feature_type":"edge"}},{"type":"Feature","geometry":{"type":"LineString","coordinates":[[126.923159,37.3978015],[126.9232825,37.3978691]]},"properties":{"edge_id":"OSM_E_863717799_876df58d23","from_node":"OSM_N3834106180","to_node":"OSM_N3834216040","osm_u":"3834106180","osm_v":"3834216040","osm_key":"0","osm_way_ids":[863717799],"name":"장내로","length":13.249,"stairs":false,"slope":null,"width":null,"curb_height":null,"surface":"unknown","elevator_required":false,"elevator_status":null,"blocked":false,"block_reason":null,"wheelchair_accessible":null,"accessibility_status":"unknown","source":"osm","accessibility_source":"osm_tags","confidence":0.7,"verified":false,"updated_at":null,"highway":["tertiary"],"raw_accessibility_tags":{},"crosswalk_samples":[],"approach_ids":[],"demo_editable":false,"feature_type":"edge"}},{"type":"Feature","geometry":{"type":"LineString","coordinates":[[126.9241871,37.3965494],[126.9238375,37.3969587]]},"properties":{"edge_id":"OSM_E_379904080_64ab29ebe4","from_node":"OSM_N3834106181","to_node":"OSM_N3834106184","osm_u":"3834106181","osm_v":"3834106184","osm_key":"0","osm_way_ids":[379904080],"name":"장내로140번길","length":55.001,"stairs":false,"slope":null,"width":null,"curb_height":null,"surface":"unknown","elevator_required":false,"elevator_status":null,"blocked":false,"block_reason":null,"wheelchair_accessible":null,"accessibility_status":"unknown","source":"osm","accessibility_source":"osm_tags","confidence":0.7,"verified":false,"updated_at":null,"highway":["residential"],"raw_accessibility_tags":{},"crosswalk_samples":[],"approach_ids":[],"demo_editable":false,"feature_type":"edge"}},{"type":"Feature","geometry":{"type":"LineString","coordinates":[[126.9241871,37.3965494],[126.9253209,37.3971402]]},"properties":{"edge_id":"OSM_E_380063840_9023886f0a","from_node":"OSM_N3834106181","to_node":"OSM_N3834106182","osm_u":"3834106181","osm_v":"3834106182","osm_key":"0","osm_way_ids":[380063840],"name":"장내로140번길","length":119.781,"stairs":false,"slope":null,"width":null,"curb_height":null,"surface":"unknown","elevator_required":false,"elevator_status":null,"blocked":false,"block_reason":null,"wheelchair_accessible":null,"accessibility_status":"unknown","source":"osm","accessibility_source":"osm_tags","confidence":0.7,"verified":false,"updated_at":null,"highway":["residential"],"raw_accessibility_tags":{},"crosswalk_samples":[],"approach_ids":[],"demo_editable":false,"feature_type":"edge"}},{"type":"Feature","geometry":{"type":"LineString","coordinates":[[126.9253209,37.3971402],[126.9249282,37.3975252]]},"properties":{"edge_id":"OSM_E_38608991_be20bf35d4","from_node":"OSM_N3834106182","to_node":"OSM_N3834106185","osm_u":"3834106182","osm_v":"3834106185","osm_key":"0","osm_way_ids":[38608991],"name":"장내로150번길","length":55.101,"stairs":false,"slope":null,"width":null,"curb_height":null,"surface":"unknown","elevator_required":false,"elevator_status":null,"blocked":false,"block_reason":null,"wheelchair_accessible":null,"accessibility_status":"unknown","source":"osm","accessibility_source":"osm_tags","confidence":0.7,"verified":false,"updated_at":null,"highway":["residential"],"raw_accessibility_tags":{},"crosswalk_samples":[],"approach_ids":[],"demo_editable":false,"feature_type":"edge"}},{"type":"Feature","geometry":{"type":"LineString","coordinates":[[126.9232367,37.3966289],[126.9238375,37.3969587]]},"properties":{"edge_id":"OSM_E_380063841_07c3b9f867","from_node":"OSM_N3834106183","to_node":"OSM_N3834106184","osm_u":"3834106183","osm_v":"3834106184","osm_key":"0","osm_way_ids":[380063841],"name":"안양로268번길","length":64.511,"stairs":false,"slope":null,"width":null,"curb_height":null,"surface":"unknown","elevator_required":false,"elevator_status":null,"blocked":false,"block_reason":null,"wheelchair_accessible":null,"accessibility_status":"unknown","source":"osm","accessibility_source":"osm_tags","confidence":0.7,"verified":false,"updated_at":null,"highway":["residential"],"raw_accessibility_tags":{},"crosswalk_samples":["CW17"],"approach_ids":["CW17-A","CW17-B"],"demo_editable":false,"feature_type":"edge"}},{"type":"Feature","geometry":{"type":"LineString","coordinates":[[126.9238375,37.3969587],[126.9235261,37.3973457]]},"properties":{"edge_id":"OSM_E_379904080_226d603131","from_node":"OSM_N3834106184","to_node":"OSM_N3834106187","osm_u":"3834106184","osm_v":"3834106187","osm_key":"0","osm_way_ids":[379904080],"name":"장내로140번길","length":51.074,"stairs":false,"slope":null,"width":null,"curb_height":null,"surface":"unknown","elevator_required":false,"elevator_status":null,"blocked":false,"block_reason":null,"wheelchair_accessible":null,"accessibility_status":"unknown","source":"osm","accessibility_source":"osm_tags","confidence":0.7,"verified":false,"updated_at":null,"highway":["residential"],"raw_accessibility_tags":{},"crosswalk_samples":[],"approach_ids":[],"demo_editable":false,"feature_type":"edge"}},{"type":"Feature","geometry":{"type":"LineString","coordinates":[[126.9238375,37.3969587],[126.9249282,37.3975252]]},"properties":{"edge_id":"OSM_E_380063841_363103ddc7","from_node":"OSM_N3834106184","to_node":"OSM_N3834106185","osm_u":"3834106184","osm_v":"3834106185","osm_key":"0","osm_way_ids":[380063841],"name":"안양로268번길","length":115.115,"stairs":false,"slope":null,"width":null,"curb_height":null,"surface":"unknown","elevator_required":false,"elevator_status":null,"blocked":false,"block_reason":null,"wheelchair_accessible":null,"accessibility_status":"unknown","source":"osm","accessibility_source":"osm_tags","confidence":0.7,"verified":false,"updated_at":null,"highway":["residential"],"raw_accessibility_tags":{},"crosswalk_samples":[],"approach_ids":[],"demo_editable":false,"feature_type":"edge"}},{"type":"Feature","geometry":{"type":"LineString","coordinates":[[126.9249282,37.3975252],[126.9245565,37.3978983]]},"properties":{"edge_id":"OSM_E_38608991_1e8d7dc38c","from_node":"OSM_N3834106185","to_node":"OSM_N3834106188","osm_u":"3834106185","osm_v":"3834106188","osm_key":"0","osm_way_ids":[38608991],"name":"장내로150번길","length":52.908,"stairs":false,"slope":null,"width":null,"curb_height":null,"surface":"unknown","elevator_required":false,"elevator_status":null,"blocked":false,"block_reason":null,"wheelchair_accessible":null,"accessibility_status":"unknown","source":"osm","accessibility_source":"osm_tags","confidence":0.7,"verified":false,"updated_at":null,"highway":["residential"],"raw_accessibility_tags":{},"crosswalk_samples":[],"approach_ids":[],"demo_editable":false,"feature_type":"edge"}},{"type":"Feature","geometry":{"type":"LineString","coordinates":[[126.9249282,37.3975252],[126.9255523,37.3978599]]},"properties":{"edge_id":"OSM_E_380063841_b035f69dd4","from_node":"OSM_N3834106185","to_node":"OSM_N3834106186","osm_u":"3834106185","osm_v":"3834106186","osm_key":"0","osm_way_ids":[380063841],"name":"안양로268번길","length":66.518,"stairs":false,"slope":null,"width":null,"curb_height":null,"surface":"unknown","elevator_required":false,"elevator_status":null,"blocked":false,"block_reason":null,"wheelchair_accessible":null,"accessibility_status":"unknown","source":"osm","accessibility_source":"osm_tags","confidence":0.7,"verified":false,"updated_at":null,"highway":["residential"],"raw_accessibility_tags":{},"crosswalk_samples":[],"approach_ids":[],"demo_editable":false,"feature_type":"edge"}},{"type":"Feature","geometry":{"type":"LineString","coordinates":[[126.9255523,37.3978599],[126.9251916,37.3982375],[126.9248696,37.3985679]]},"properties":{"edge_id":"OSM_E_318729248_62043fbbc3","from_node":"OSM_N3834106186","to_node":"OSM_N9212422519","osm_u":"3834106186","osm_v":"9212422519","osm_key":"0","osm_way_ids":[318729248],"name":"만안로","length":99.172,"stairs":false,"slope":null,"width":null,"curb_height":null,"surface":"unknown","elevator_required":false,"elevator_status":null,"blocked":false,"block_reason":null,"wheelchair_accessible":null,"accessibility_status":"unknown","source":"osm","accessibility_source":"osm_tags","confidence":0.7,"verified":false,"updated_at":null,"highway":["tertiary"],"raw_accessibility_tags":{},"crosswalk_samples":[],"approach_ids":[],"demo_editable":false,"feature_type":"edge"}},{"type":"Feature","geometry":{"type":"LineString","coordinates":[[126.9235261,37.3973457],[126.9245565,37.3978983]]},"properties":{"edge_id":"OSM_E_380063842_bf4f1c13d1","from_node":"OSM_N3834106187","to_node":"OSM_N3834106188","osm_u":"3834106187","osm_v":"3834106188","osm_key":"0","osm_way_ids":[380063842],"name":"장내로140번길","length":109.822,"stairs":false,"slope":null,"width":null,"curb_height":null,"surface":"unknown","elevator_required":false,"elevator_status":null,"blocked":false,"block_reason":null,"wheelchair_accessible":null,"accessibility_status":"unknown","source":"osm","accessibility_source":"osm_tags","confidence":0.7,"verified":false,"updated_at":null,"highway":["residential"],"raw_accessibility_tags":{},"crosswalk_samples":[],"approach_ids":[],"demo_editable":false,"feature_type":"edge"}},{"type":"Feature","geometry":{"type":"LineString","coordinates":[[126.9195177,37.3972555],[126.9190009,37.3969864]]},"properties":{"edge_id":"OSM_E_380073428_a25686faf1","from_node":"OSM_N3834216003","to_node":"OSM_N3834216012","osm_u":"3834216003","osm_v":"3834216012","osm_key":"0","osm_way_ids":[380073428],"name":"냉천로193번길","length":54.586,"stairs":false,"slope":null,"width":null,"curb_height":null,"surface":"unknown","elevator_required":false,"elevator_status":null,"blocked":false,"block_reason":null,"wheelchair_accessible":null,"accessibility_status":"unknown","source":"osm","accessibility_source":"osm_tags","confidence":0.7,"verified":false,"updated_at":null,"highway":["residential"],"raw_accessibility_tags":{},"crosswalk_samples":[],"approach_ids":[],"demo_editable":false,"feature_type":"edge"}},{"type":"Feature","geometry":{"type":"LineString","coordinates":[[126.9195177,37.3972555],[126.9200238,37.3975115]]},"properties":{"edge_id":"OSM_E_380073436_1eb4eebd29","from_node":"OSM_N3834216003","to_node":"OSM_N7606941289","osm_u":"3834216003","osm_v":"7606941289","osm_key":"0","osm_way_ids":[380073436],"name":"안양로291번길","length":53.001,"stairs":false,"slope":null,"width":null,"curb_height":null,"surface":"unknown","elevator_required":false,"elevator_status":null,"blocked":false,"block_reason":null,"wheelchair_accessible":null,"accessibility_status":"unknown","source":"osm","accessibility_source":"osm_tags","confidence":0.7,"verified":false,"updated_at":null,"highway":["residential"],"raw_accessibility_tags":{},"crosswalk_samples":[],"approach_ids":[],"demo_editable":false,"feature_type":"edge"}},{"type":"Feature","geometry":{"type":"LineString","coordinates":[[126.9195177,37.3972555],[126.9188453,37.3980597]]},"properties":{"edge_id":"OSM_E_814338816_f0b4672c0f","from_node":"OSM_N3834216003","to_node":"OSM_N3834216021","osm_u":"3834216003","osm_v":"3834216021","osm_key":"0","osm_way_ids":[814338816],"name":"냉천로","length":107.353,"stairs":false,"slope":null,"width":null,"curb_height":null,"surface":"unknown","elevator_required":false,"elevator_status":null,"blocked":false,"block_reason":null,"wheelchair_accessible":null,"accessibility_status":"unknown","source":"osm","accessibility_source":"osm_tags","confidence":0.7,"verified":false,"updated_at":null,"highway":["tertiary"],"raw_accessibility_tags":{},"crosswalk_samples":[],"approach_ids":[],"demo_editable":false,"feature_type":"edge"}},{"type":"Feature","geometry":{"type":"LineString","coordinates":[[126.9195177,37.3972555],[126.9197783,37.3969387]]},"properties":{"edge_id":"OSM_E_814338816_04d9a9cf78","from_node":"OSM_N3834216003","to_node":"OSM_N3834216013","osm_u":"3834216003","osm_v":"3834216013","osm_key":"0","osm_way_ids":[814338816],"name":"냉천로","length":42.082,"stairs":false,"slope":null,"width":null,"curb_height":null,"surface":"unknown","elevator_required":false,"elevator_status":null,"blocked":false,"block_reason":null,"wheelchair_accessible":null,"accessibility_status":"unknown","source":"osm","accessibility_source":"osm_tags","confidence":0.7,"verified":false,"updated_at":null,"highway":["tertiary"],"raw_accessibility_tags":{},"crosswalk_samples":[],"approach_ids":[],"demo_editable":false,"feature_type":"edge"}},{"type":"Feature","geometry":{"type":"LineString","coordinates":[[126.9180261,37.3973612],[126.9184323,37.3977117]]},"properties":{"edge_id":"OSM_E_380073430_f34f94e0a7","from_node":"OSM_N3834216008","to_node":"OSM_N3834216009","osm_u":"3834216008","osm_v":"3834216009","osm_key":"0","osm_way_ids":[380073430],"name":"냉천로203번길","length":52.977,"stairs":false,"slope":null,"width":null,"curb_height":null,"surface":"unknown","elevator_required":false,"elevator_status":null,"blocked":false,"block_reason":null,"wheelchair_accessible":null,"accessibility_status":"unknown","source":"osm","accessibility_source":"osm_tags","confidence":0.7,"verified":false,"updated_at":null,"highway":["residential"],"raw_accessibility_tags":{},"crosswalk_samples":[],"approach_ids":[],"demo_editable":false,"feature_type":"edge"}},{"type":"Feature","geometry":{"type":"LineString","coordinates":[[126.9180261,37.3973612],[126.9185395,37.3967415]]},"properties":{"edge_id":"OSM_E_380073431_0948bd050c","from_node":"OSM_N3834216008","to_node":"OSM_N3834216011","osm_u":"3834216008","osm_v":"3834216011","osm_key":"0","osm_way_ids":[380073431],"name":"장내로99번길","length":82.493,"stairs":false,"slope":null,"width":null,"curb_height":null,"surface":"unknown","elevator_required":false,"elevator_status":null,"blocked":false,"block_reason":null,"wheelchair_accessible":null,"accessibility_status":"unknown","source":"osm","accessibility_source":"osm_tags","confidence":0.7,"verified":false,"updated_at":null,"highway":["residential"],"raw_accessibility_tags":{"sidewalk":"no"},"crosswalk_samples":[],"approach_ids":[],"demo_editable":false,"feature_type":"edge"}},{"type":"Feature","geometry":{"type":"LineString","coordinates":[[126.9184323,37.3977117],[126.9188453,37.3980597]]},"properties":{"edge_id":"OSM_E_380073430_f75e2c329b","from_node":"OSM_N3834216009","to_node":"OSM_N3834216021","osm_u":"3834216009","osm_v":"3834216021","osm_key":"0","osm_way_ids":[380073430],"name":"냉천로203번길","length":53.183,"stairs":false,"slope":null,"width":null,"curb_height":null,"surface":"unknown","elevator_required":false,"elevator_status":null,"blocked":false,"block_reason":null,"wheelchair_accessible":null,"accessibility_status":"unknown","source":"osm","accessibility_source":"osm_tags","confidence":0.7,"verified":false,"updated_at":null,"highway":["residential"],"raw_accessibility_tags":{},"crosswalk_samples":[],"approach_ids":[],"demo_editable":false,"feature_type":"edge"}},{"type":"Feature","geometry":{"type":"LineString","coordinates":[[126.9184323,37.3977117],[126.9190009,37.3969864]]},"properties":{"edge_id":"OSM_E_380073432_3ca24f03f5","from_node":"OSM_N3834216009","to_node":"OSM_N3834216012","osm_u":"3834216009","osm_v":"3834216012","osm_key":"0","osm_way_ids":[380073432],"name":"냉천로193번길","length":95.012,"stairs":false,"slope":null,"width":null,"curb_height":null,"surface":"unknown","elevator_required":false,"elevator_status":null,"blocked":false,"block_reason":null,"wheelchair_accessible":null,"accessibility_status":"unknown","source":"osm","accessibility_source":"osm_tags","confidence":0.7,"verified":false,"updated_at":null,"highway":["residential"],"raw_accessibility_tags":{},"crosswalk_samples":[],"approach_ids":[],"demo_editable":false,"feature_type":"edge"}},{"type":"Feature","geometry":{"type":"LineString","coordinates":[[126.9185395,37.3967415],[126.9180886,37.396502]]},"properties":{"edge_id":"OSM_E_380073428_ddadf224fd","from_node":"OSM_N3834216011","to_node":"OSM_N7564106314","osm_u":"3834216011","osm_v":"7564106314","osm_key":"0","osm_way_ids":[380073428],"name":"냉천로193번길","length":47.915,"stairs":false,"slope":null,"width":null,"curb_height":null,"surface":"unknown","elevator_required":false,"elevator_status":null,"blocked":false,"block_reason":null,"wheelchair_accessible":null,"accessibility_status":"unknown","source":"osm","accessibility_source":"osm_tags","confidence":0.7,"verified":false,"updated_at":null,"highway":["residential"],"raw_accessibility_tags":{},"crosswalk_samples":[],"approach_ids":[],"demo_editable":false,"feature_type":"edge"}},{"type":"Feature","geometry":{"type":"LineString","coordinates":[[126.9185395,37.3967415],[126.9190009,37.3969864]]},"properties":{"edge_id":"OSM_E_380073428_6cedf6aaf3","from_node":"OSM_N3834216011","to_node":"OSM_N3834216012","osm_u":"3834216011","osm_v":"3834216012","osm_key":"0","osm_way_ids":[380073428],"name":"냉천로193번길","length":49.019,"stairs":false,"slope":null,"width":null,"curb_height":null,"surface":"unknown","elevator_required":false,"elevator_status":null,"blocked":false,"block_reason":null,"wheelchair_accessible":null,"accessibility_status":"unknown","source":"osm","accessibility_source":"osm_tags","confidence":0.7,"verified":false,"updated_at":null,"highway":["residential"],"raw_accessibility_tags":{},"crosswalk_samples":[],"approach_ids":[],"demo_editable":false,"feature_type":"edge"}},{"type":"Feature","geometry":{"type":"LineString","coordinates":[[126.9185395,37.3967415],[126.9188173,37.3964216]]},"properties":{"edge_id":"OSM_E_380073431_1837e8064d","from_node":"OSM_N3834216011","to_node":"OSM_N3834216014","osm_u":"3834216011","osm_v":"3834216014","osm_key":"0","osm_way_ids":[380073431],"name":"장내로99번길","length":43.215,"stairs":false,"slope":null,"width":null,"curb_height":null,"surface":"unknown","elevator_required":false,"elevator_status":null,"blocked":false,"block_reason":null,"wheelchair_accessible":null,"accessibility_status":"unknown","source":"osm","accessibility_source":"osm_tags","confidence":0.7,"verified":false,"updated_at":null,"highway":["residential"],"raw_accessibility_tags":{"sidewalk":"no"},"crosswalk_samples":[],"approach_ids":[],"demo_editable":false,"feature_type":"edge"}},{"type":"Feature","geometry":{"type":"LineString","coordinates":[[126.9197783,37.3969387],[126.9188173,37.3964216]]},"properties":{"edge_id":"OSM_E_380073433_b6c31fc506","from_node":"OSM_N3834216013","to_node":"OSM_N3834216014","osm_u":"3834216013","osm_v":"3834216014","osm_key":"0","osm_way_ids":[380073433],"name":"냉천로189번길","length":102.533,"stairs":false,"slope":null,"width":null,"curb_height":null,"surface":"unknown","elevator_required":false,"elevator_status":null,"blocked":false,"block_reason":null,"wheelchair_accessible":null,"accessibility_status":"unknown","source":"osm","accessibility_source":"osm_tags","confidence":0.7,"verified":false,"updated_at":null,"highway":["residential"],"raw_accessibility_tags":{},"crosswalk_samples":[],"approach_ids":[],"demo_editable":false,"feature_type":"edge"}},{"type":"Feature","geometry":{"type":"LineString","coordinates":[[126.9197783,37.3969387],[126.9207179,37.3974382]]},"properties":{"edge_id":"OSM_E_380073435_6aba2e407b","from_node":"OSM_N3834216013","to_node":"OSM_N3834216019","osm_u":"3834216013","osm_v":"3834216019","osm_key":"0","osm_way_ids":[380073435],"name":"냉천로","length":99.872,"stairs":false,"slope":null,"width":null,"curb_height":null,"surface":"unknown","elevator_required":false,"elevator_status":null,"blocked":false,"block_reason":null,"wheelchair_accessible":null,"accessibility_status":"unknown","source":"osm","accessibility_source":"osm_tags","confidence":0.7,"verified":false,"updated_at":null,"highway":["residential"],"raw_accessibility_tags":{},"crosswalk_samples":[],"approach_ids":[],"demo_editable":false,"feature_type":"edge"}},{"type":"Feature","geometry":{"type":"LineString","coordinates":[[126.9197783,37.3969387],[126.9200287,37.3966409]]},"properties":{"edge_id":"OSM_E_814338816_89e2521b50","from_node":"OSM_N3834216013","to_node":"OSM_N3834216016","osm_u":"3834216013","osm_v":"3834216016","osm_key":"0","osm_way_ids":[814338816],"name":"냉천로","length":39.822,"stairs":false,"slope":null,"width":null,"curb_height":null,"surface":"unknown","elevator_required":false,"elevator_status":null,"blocked":false,"block_reason":null,"wheelchair_accessible":null,"accessibility_status":"unknown","source":"osm","accessibility_source":"osm_tags","confidence":0.7,"verified":false,"updated_at":null,"highway":["tertiary"],"raw_accessibility_tags":{},"crosswalk_samples":[],"approach_ids":[],"demo_editable":false,"feature_type":"edge"}},{"type":"Feature","geometry":{"type":"LineString","coordinates":[[126.9188173,37.3964216],[126.9190614,37.3961234]]},"properties":{"edge_id":"OSM_E_380073431_236e60963e","from_node":"OSM_N3834216014","to_node":"OSM_N3834216017","osm_u":"3834216014","osm_v":"3834216017","osm_key":"0","osm_way_ids":[380073431],"name":"장내로99번길","length":39.553,"stairs":false,"slope":null,"width":null,"curb_height":null,"surface":"unknown","elevator_required":false,"elevator_status":null,"blocked":false,"block_reason":null,"wheelchair_accessible":null,"accessibility_status":"unknown","source":"osm","accessibility_source":"osm_tags","confidence":0.7,"verified":false,"updated_at":null,"highway":["residential"],"raw_accessibility_tags":{"sidewalk":"no"},"crosswalk_samples":[],"approach_ids":[],"demo_editable":false,"feature_type":"edge"}},{"type":"Feature","geometry":{"type":"LineString","coordinates":[[126.9188173,37.3964216],[126.9179515,37.3959709]]},"properties":{"edge_id":"OSM_E_380073433_8671a35e40","from_node":"OSM_N3834216014","to_node":"OSM_N3834216015","osm_u":"3834216014","osm_v":"3834216015","osm_key":"0","osm_way_ids":[380073433],"name":"냉천로189번길","length":91.441,"stairs":false,"slope":null,"width":null,"curb_height":null,"surface":"unknown","elevator_required":false,"elevator_status":null,"blocked":false,"block_reason":null,"wheelchair_accessible":null,"accessibility_status":"unknown","source":"osm","accessibility_source":"osm_tags","confidence":0.7,"verified":false,"updated_at":null,"highway":["residential"],"raw_accessibility_tags":{},"crosswalk_samples":[],"approach_ids":[],"demo_editable":false,"feature_type":"edge"}},{"type":"Feature","geometry":{"type":"LineString","coordinates":[[126.9179515,37.3959709],[126.9182038,37.3956748]]},"properties":{"edge_id":"OSM_E_380073429_4c80fb03dd","from_node":"OSM_N3834216015","to_node":"OSM_N3834216018","osm_u":"3834216015","osm_v":"3834216018","osm_key":"0","osm_way_ids":[380073429],"name":"장내로89번길","length":39.759,"stairs":false,"slope":null,"width":null,"curb_height":null,"surface":"asphalt","elevator_required":false,"elevator_status":null,"blocked":false,"block_reason":null,"wheelchair_accessible":null,"accessibility_status":"unknown","source":"osm","accessibility_source":"osm_tags","confidence":0.7,"verified":false,"updated_at":null,"highway":["residential"],"raw_accessibility_tags":{"sidewalk":"no"},"crosswalk_samples":[],"approach_ids":[],"demo_editable":false,"feature_type":"edge"}},{"type":"Feature","geometry":{"type":"LineString","coordinates":[[126.9200287,37.3966409],[126.9190614,37.3961234]]},"properties":{"edge_id":"OSM_E_380073434_dcf7545a31","from_node":"OSM_N3834216016","to_node":"OSM_N3834216017","osm_u":"3834216016","osm_v":"3834216017","osm_key":"0","osm_way_ids":[380073434],"name":"냉천로185번길","length":103.02,"stairs":false,"slope":null,"width":null,"curb_height":null,"surface":"unknown","elevator_required":false,"elevator_status":null,"blocked":false,"block_reason":null,"wheelchair_accessible":null,"accessibility_status":"unknown","source":"osm","accessibility_source":"osm_tags","confidence":0.7,"verified":false,"updated_at":null,"highway":["residential"],"raw_accessibility_tags":{},"crosswalk_samples":[],"approach_ids":[],"demo_editable":false,"feature_type":"edge"}},{"type":"Feature","geometry":{"type":"LineString","coordinates":[[126.9190614,37.3961234],[126.9182038,37.3956748]]},"properties":{"edge_id":"OSM_E_380073434_0b44260a30","from_node":"OSM_N3834216017","to_node":"OSM_N3834216018","osm_u":"3834216017","osm_v":"3834216018","osm_key":"0","osm_way_ids":[380073434],"name":"냉천로185번길","length":90.707,"stairs":false,"slope":null,"width":null,"curb_height":null,"surface":"unknown","elevator_required":false,"elevator_status":null,"blocked":false,"block_reason":null,"wheelchair_accessible":null,"accessibility_status":"unknown","source":"osm","accessibility_source":"osm_tags","confidence":0.7,"verified":false,"updated_at":null,"highway":["residential"],"raw_accessibility_tags":{},"crosswalk_samples":[],"approach_ids":[],"demo_editable":false,"feature_type":"edge"}},{"type":"Feature","geometry":{"type":"LineString","coordinates":[[126.9207179,37.3974382],[126.9204507,37.3977274]]},"properties":{"edge_id":"OSM_E_380073438_17a321dfe5","from_node":"OSM_N3834216019","to_node":"OSM_N3834216024","osm_u":"3834216019","osm_v":"3834216024","osm_key":"0","osm_way_ids":[380073438],"name":"장내로119번길","length":39.891,"stairs":false,"slope":null,"width":null,"curb_height":null,"surface":"unknown","elevator_required":false,"elevator_status":null,"blocked":false,"block_reason":null,"wheelchair_accessible":null,"accessibility_status":"unknown","source":"osm","accessibility_source":"osm_tags","confidence":0.7,"verified":false,"updated_at":null,"highway":["residential"],"raw_accessibility_tags":{},"crosswalk_samples":[],"approach_ids":[],"demo_editable":false,"feature_type":"edge"}},{"type":"Feature","geometry":{"type":"LineString","coordinates":[[126.9188453,37.3980597],[126.9193316,37.3983221]]},"properties":{"edge_id":"OSM_E_380073437_585dcd4e77","from_node":"OSM_N3834216021","to_node":"OSM_N7606941290","osm_u":"3834216021","osm_v":"7606941290","osm_key":"0","osm_way_ids":[380073437],"name":"안양로303번길","length":51.93,"stairs":false,"slope":null,"width":null,"curb_height":null,"surface":"unknown","elevator_required":false,"elevator_status":null,"blocked":false,"block_reason":null,"wheelchair_accessible":null,"accessibility_status":"unknown","source":"osm","accessibility_source":"osm_tags","confidence":0.7,"verified":false,"updated_at":null,"highway":["residential"],"raw_accessibility_tags":{},"crosswalk_samples":[],"approach_ids":[],"demo_editable":false,"feature_type":"edge"}},{"type":"Feature","geometry":{"type":"LineString","coordinates":[[126.9192098,37.3992315],[126.9197186,37.3995967]]},"properties":{"edge_id":"OSM_E_38609547_602e845a5e","from_node":"OSM_N3834216022","to_node":"OSM_N3834216029","osm_u":"3834216022","osm_v":"3834216029","osm_key":"0","osm_way_ids":[38609547],"name":"병목안로","length":60.573,"stairs":false,"slope":null,"width":null,"curb_height":null,"surface":"unknown","elevator_required":false,"elevator_status":null,"blocked":false,"block_reason":null,"wheelchair_accessible":null,"accessibility_status":"unknown","source":"osm","accessibility_source":"osm_tags","confidence":0.7,"verified":false,"updated_at":null,"highway":["tertiary"],"raw_accessibility_tags":{},"crosswalk_samples":[],"approach_ids":[],"demo_editable":false,"feature_type":"edge"}},{"type":"Feature","geometry":{"type":"LineString","coordinates":[[126.9192098,37.3992315],[126.9197281,37.3985932],[126.9197671,37.3985572]]},"properties":{"edge_id":"OSM_E_814338814_93214637ff","from_node":"OSM_N3834216022","to_node":"OSM_N3834216023","osm_u":"3834216022","osm_v":"3834216023","osm_key":"0","osm_way_ids":[814338814],"name":"장내로119번길","length":89.743,"stairs":false,"slope":null,"width":null,"curb_height":null,"surface":"asphalt","elevator_required":false,"elevator_status":null,"blocked":false,"block_reason":null,"wheelchair_accessible":null,"accessibility_status":"unknown","source":"osm","accessibility_source":"osm_tags","confidence":0.7,"verified":false,"updated_at":null,"highway":["residential"],"raw_accessibility_tags":{"sidewalk":"both"},"crosswalk_samples":[],"approach_ids":[],"demo_editable":false,"feature_type":"edge"}},{"type":"Feature","geometry":{"type":"LineString","coordinates":[[126.9197671,37.3985572],[126.9193316,37.3983221]]},"properties":{"edge_id":"OSM_E_380073437_18739dd040","from_node":"OSM_N3834216023","to_node":"OSM_N7606941290","osm_u":"3834216023","osm_v":"7606941290","osm_key":"0","osm_way_ids":[380073437],"name":"안양로303번길","length":46.512,"stairs":false,"slope":null,"width":null,"curb_height":null,"surface":"unknown","elevator_required":false,"elevator_status":null,"blocked":false,"block_reason":null,"wheelchair_accessible":null,"accessibility_status":"unknown","source":"osm","accessibility_source":"osm_tags","confidence":0.7,"verified":false,"updated_at":null,"highway":["residential"],"raw_accessibility_tags":{},"crosswalk_samples":[],"approach_ids":[],"demo_editable":false,"feature_type":"edge"}},{"type":"Feature","geometry":{"type":"LineString","coordinates":[[126.9197671,37.3985572],[126.9203474,37.3988521]]},"properties":{"edge_id":"OSM_E_380073437_ed36baf8c6","from_node":"OSM_N3834216023","to_node":"OSM_N3834216028","osm_u":"3834216023","osm_v":"3834216028","osm_key":"0","osm_way_ids":[380073437],"name":"안양로303번길","length":60.853,"stairs":false,"slope":null,"width":null,"curb_height":null,"surface":"unknown","elevator_required":false,"elevator_status":null,"blocked":false,"block_reason":null,"wheelchair_accessible":null,"accessibility_status":"unknown","source":"osm","accessibility_source":"osm_tags","confidence":0.7,"verified":false,"updated_at":null,"highway":["residential"],"raw_accessibility_tags":{},"crosswalk_samples":[],"approach_ids":[],"demo_editable":false,"feature_type":"edge"}},{"type":"Feature","geometry":{"type":"LineString","coordinates":[[126.9197671,37.3985572],[126.9204507,37.3977274]]},"properties":{"edge_id":"OSM_E_380073438_9cfc5e1cc0","from_node":"OSM_N3834216023","to_node":"OSM_N3834216024","osm_u":"3834216023","osm_v":"3834216024","osm_key":"0","osm_way_ids":[380073438],"name":"장내로119번길","length":110.274,"stairs":false,"slope":null,"width":null,"curb_height":null,"surface":"unknown","elevator_required":false,"elevator_status":null,"blocked":false,"block_reason":null,"wheelchair_accessible":null,"accessibility_status":"unknown","source":"osm","accessibility_source":"osm_tags","confidence":0.7,"verified":false,"updated_at":null,"highway":["residential"],"raw_accessibility_tags":{},"crosswalk_samples":[],"approach_ids":[],"demo_editable":false,"feature_type":"edge"}},{"type":"Feature","geometry":{"type":"LineString","coordinates":[[126.9204507,37.3977274],[126.9200238,37.3975115]]},"properties":{"edge_id":"OSM_E_380073436_3324c2b32e","from_node":"OSM_N3834216024","to_node":"OSM_N7606941289","osm_u":"3834216024","osm_v":"7606941289","osm_key":"0","osm_way_ids":[380073436],"name":"안양로291번길","length":44.704,"stairs":false,"slope":null,"width":null,"curb_height":null,"surface":"unknown","elevator_required":false,"elevator_status":null,"blocked":false,"block_reason":null,"wheelchair_accessible":null,"accessibility_status":"unknown","source":"osm","accessibility_source":"osm_tags","confidence":0.7,"verified":false,"updated_at":null,"highway":["residential"],"raw_accessibility_tags":{},"crosswalk_samples":[],"approach_ids":[],"demo_editable":false,"feature_type":"edge"}},{"type":"Feature","geometry":{"type":"LineString","coordinates":[[126.9204507,37.3977274],[126.9210444,37.3980181]]},"properties":{"edge_id":"OSM_E_380073436_9b1a00f64a","from_node":"OSM_N3834216024","to_node":"OSM_N3834216027","osm_u":"3834216024","osm_v":"3834216027","osm_key":"0","osm_way_ids":[380073436],"name":"안양로291번길","length":61.607,"stairs":false,"slope":null,"width":null,"curb_height":null,"surface":"unknown","elevator_required":false,"elevator_status":null,"blocked":false,"block_reason":null,"wheelchair_accessible":null,"accessibility_status":"unknown","source":"osm","accessibility_source":"osm_tags","confidence":0.7,"verified":false,"updated_at":null,"highway":["residential"],"raw_accessibility_tags":{},"crosswalk_samples":[],"approach_ids":[],"demo_editable":false,"feature_type":"edge"}},{"type":"Feature","geometry":{"type":"LineString","coordinates":[[126.9218088,37.397087],[126.9210444,37.3980181]]},"properties":{"edge_id":"OSM_E_380073439_1f60ffee86","from_node":"OSM_N3834216026","to_node":"OSM_N3834216027","osm_u":"3834216026","osm_v":"3834216027","osm_key":"0","osm_way_ids":[380073439],"name":"장내로125번길","length":123.608,"stairs":false,"slope":null,"width":null,"curb_height":null,"surface":"unknown","elevator_required":false,"elevator_status":null,"blocked":false,"block_reason":null,"wheelchair_accessible":null,"accessibility_status":"unknown","source":"osm","accessibility_source":"osm_tags","confidence":0.7,"verified":false,"updated_at":null,"highway":["residential"],"raw_accessibility_tags":{},"crosswalk_samples":[],"approach_ids":[],"demo_editable":false,"feature_type":"edge"}},{"type":"Feature","geometry":{"type":"LineString","coordinates":[[126.9210444,37.3980181],[126.9203474,37.3988521]]},"properties":{"edge_id":"OSM_E_380073439_773e6e4917","from_node":"OSM_N3834216027","to_node":"OSM_N3834216028","osm_u":"3834216027","osm_v":"3834216028","osm_key":"0","osm_way_ids":[380073439],"name":"장내로125번길","length":111.315,"stairs":false,"slope":null,"width":null,"curb_height":null,"surface":"unknown","elevator_required":false,"elevator_status":null,"blocked":false,"block_reason":null,"wheelchair_accessible":null,"accessibility_status":"unknown","source":"osm","accessibility_source":"osm_tags","confidence":0.7,"verified":false,"updated_at":null,"highway":["residential"],"raw_accessibility_tags":{},"crosswalk_samples":[],"approach_ids":[],"demo_editable":false,"feature_type":"edge"}},{"type":"Feature","geometry":{"type":"LineString","coordinates":[[126.9203474,37.3988521],[126.9197186,37.3995967]]},"properties":{"edge_id":"OSM_E_814338813_74e1def732","from_node":"OSM_N3834216028","to_node":"OSM_N3834216029","osm_u":"3834216028","osm_v":"3834216029","osm_key":"0","osm_way_ids":[814338813],"name":"장내로125번길","length":99.702,"stairs":false,"slope":null,"width":null,"curb_height":null,"surface":"unknown","elevator_required":false,"elevator_status":null,"blocked":false,"block_reason":null,"wheelchair_accessible":null,"accessibility_status":"unknown","source":"osm","accessibility_source":"osm_tags","confidence":0.7,"verified":false,"updated_at":null,"highway":["residential"],"raw_accessibility_tags":{"sidewalk":"no"},"crosswalk_samples":[],"approach_ids":[],"demo_editable":false,"feature_type":"edge"}},{"type":"Feature","geometry":{"type":"LineString","coordinates":[[126.9197186,37.3995967],[126.9203617,37.4000676]]},"properties":{"edge_id":"OSM_E_38609547_40c76e3ab4","from_node":"OSM_N3834216029","to_node":"OSM_N7819267524","osm_u":"3834216029","osm_v":"7819267524","osm_key":"0","osm_way_ids":[38609547],"name":"병목안로","length":77.259,"stairs":false,"slope":null,"width":null,"curb_height":null,"surface":"unknown","elevator_required":false,"elevator_status":null,"blocked":false,"block_reason":null,"wheelchair_accessible":null,"accessibility_status":"unknown","source":"osm","accessibility_source":"osm_tags","confidence":0.7,"verified":false,"updated_at":null,"highway":["tertiary"],"raw_accessibility_tags":{},"crosswalk_samples":[],"approach_ids":[],"demo_editable":false,"feature_type":"edge"}},{"type":"Feature","geometry":{"type":"LineString","coordinates":[[126.9213284,37.3999618],[126.9222359,37.4004407]]},"properties":{"edge_id":"OSM_E_380073440_1025eae4d9","from_node":"OSM_N3834216030","to_node":"OSM_N3834216031","osm_u":"3834216030","osm_v":"3834216031","osm_key":"0","osm_way_ids":[380073440],"name":"장내로139번길","length":96.239,"stairs":false,"slope":null,"width":null,"curb_height":null,"surface":"unknown","elevator_required":false,"elevator_status":null,"blocked":false,"block_reason":null,"wheelchair_accessible":null,"accessibility_status":"unknown","source":"osm","accessibility_source":"osm_tags","confidence":0.7,"verified":false,"updated_at":null,"highway":["residential"],"raw_accessibility_tags":{},"crosswalk_samples":[],"approach_ids":[],"demo_editable":false,"feature_type":"edge"}},{"type":"Feature","geometry":{"type":"LineString","coordinates":[[126.9222359,37.4004407],[126.9222068,37.4004769],[126.9224911,37.4006159],[126.9225144,37.4006134],[126.9226664,37.4005968],[126.9227879,37.4005828]]},"properties":{"edge_id":"OSM_E_815577073-844141924_ea899fa812","from_node":"OSM_N3834216031","to_node":"OSM_N7874349618","osm_u":"3834216031","osm_v":"7874349618","osm_key":"0","osm_way_ids":[815577073,844141924],"name":"OSM 보행 구간","length":60.74,"stairs":false,"slope":null,"width":null,"curb_height":null,"surface":"unknown","elevator_required":false,"elevator_status":null,"blocked":false,"block_reason":null,"wheelchair_accessible":null,"accessibility_status":"unknown","source":"osm","accessibility_source":"osm_tags","confidence":0.7,"verified":false,"updated_at":null,"highway":["service","residential"],"raw_accessibility_tags":{},"crosswalk_samples":[],"approach_ids":[],"demo_editable":false,"feature_type":"edge"}},{"type":"Feature","geometry":{"type":"LineString","coordinates":[[126.9221134,37.3990521],[126.9225735,37.3992764]]},"properties":{"edge_id":"OSM_E_380073441_a6687fcd9d","from_node":"OSM_N3834216032","to_node":"OSM_N3834216033","osm_u":"3834216032","osm_v":"3834216033","osm_key":"0","osm_way_ids":[380073441],"name":"OSM 보행 구간","length":47.686,"stairs":false,"slope":null,"width":null,"curb_height":null,"surface":"unknown","elevator_required":false,"elevator_status":null,"blocked":false,"block_reason":null,"wheelchair_accessible":null,"accessibility_status":"unknown","source":"osm","accessibility_source":"osm_tags","confidence":0.7,"verified":false,"updated_at":null,"highway":["residential"],"raw_accessibility_tags":{},"crosswalk_samples":[],"approach_ids":[],"demo_editable":false,"feature_type":"edge"}},{"type":"Feature","geometry":{"type":"LineString","coordinates":[[126.9247935,37.3986415],[126.9248159,37.3986198]]},"properties":{"edge_id":"OSM_E_318729248_41eb74d9df","from_node":"OSM_N3834216036","to_node":"OSM_N9212422517","osm_u":"3834216036","osm_v":"9212422517","osm_key":"0","osm_way_ids":[318729248],"name":"만안로","length":3.121,"stairs":false,"slope":null,"width":null,"curb_height":null,"surface":"unknown","elevator_required":false,"elevator_status":null,"blocked":false,"block_reason":null,"wheelchair_accessible":null,"accessibility_status":"unknown","source":"osm","accessibility_source":"osm_tags","confidence":0.7,"verified":false,"updated_at":null,"highway":["tertiary"],"raw_accessibility_tags":{},"crosswalk_samples":[],"approach_ids":[],"demo_editable":false,"feature_type":"edge"}},{"type":"Feature","geometry":{"type":"LineString","coordinates":[[126.9232825,37.3978691],[126.9240198,37.3982478],[126.9253909,37.3990887],[126.9257035,37.3992901],[126.92597,37.3994639],[126.9261531,37.3995719],[126.9263648,37.3996689],[126.9266714,37.3997692]]},"properties":{"edge_id":"OSM_E_380073444-380073445-863717799_3ae02c420e","from_node":"OSM_N3834216040","to_node":"OSM_N3834216616","osm_u":"3834216040","osm_v":"3834216616","osm_key":"0","osm_way_ids":[380073444,380073445,863717799],"name":"장내로","length":367.605,"stairs":false,"slope":null,"width":null,"curb_height":null,"surface":"unknown","elevator_required":false,"elevator_status":null,"blocked":false,"block_reason":null,"wheelchair_accessible":null,"accessibility_status":"unknown","source":"osm","accessibility_source":"osm_tags","confidence":0.7,"verified":false,"updated_at":null,"highway":["tertiary"],"raw_accessibility_tags":{},"crosswalk_samples":["CW15"],"approach_ids":["CW15-A","CW15-B"],"demo_editable":false,"feature_type":"edge"}},{"type":"Feature","geometry":{"type":"LineString","coordinates":[[126.9280634,37.4000423],[126.9279672,37.4001302]]},"properties":{"edge_id":"OSM_E_60819380_dbfec3fd30","from_node":"OSM_N3834216046","to_node":"OSM_N3834216560","osm_u":"3834216046","osm_v":"3834216560","osm_key":"0","osm_way_ids":[60819380],"name":"안양천서로","length":12.952,"stairs":false,"slope":null,"width":null,"curb_height":null,"surface":"unknown","elevator_required":false,"elevator_status":null,"blocked":false,"block_reason":null,"wheelchair_accessible":null,"accessibility_status":"unknown","source":"osm","accessibility_source":"osm_tags","confidence":0.7,"verified":false,"updated_at":null,"highway":["tertiary"],"raw_accessibility_tags":{},"crosswalk_samples":[],"approach_ids":[],"demo_editable":false,"feature_type":"edge"}},{"type":"Feature","geometry":{"type":"LineString","coordinates":[[126.9280634,37.4000423],[126.928186,37.3999439]]},"properties":{"edge_id":"OSM_E_60819380_845dffc5af","from_node":"OSM_N3834216046","to_node":"OSM_N9219073899","osm_u":"3834216046","osm_v":"9219073899","osm_key":"0","osm_way_ids":[60819380],"name":"안양천서로","length":15.395,"stairs":false,"slope":null,"width":null,"curb_height":null,"surface":"unknown","elevator_required":false,"elevator_status":null,"blocked":false,"block_reason":null,"wheelchair_accessible":null,"accessibility_status":"unknown","source":"osm","accessibility_source":"osm_tags","confidence":0.7,"verified":false,"updated_at":null,"highway":["tertiary"],"raw_accessibility_tags":{},"crosswalk_samples":[],"approach_ids":[],"demo_editable":false,"feature_type":"edge"}},{"type":"Feature","geometry":{"type":"LineString","coordinates":[[126.9253143,37.3990305],[126.9251071,37.3992598]]},"properties":{"edge_id":"OSM_E_589960556_382d7f5430","from_node":"OSM_N3834216047","to_node":"OSM_N9219040787","osm_u":"3834216047","osm_v":"9219040787","osm_key":"0","osm_way_ids":[589960556],"name":"태평로","length":31.386,"stairs":false,"slope":null,"width":null,"curb_height":null,"surface":"unknown","elevator_required":false,"elevator_status":null,"blocked":false,"block_reason":null,"wheelchair_accessible":null,"accessibility_status":"unknown","source":"osm","accessibility_source":"osm_tags","confidence":0.7,"verified":false,"updated_at":null,"highway":["residential"],"raw_accessibility_tags":{},"crosswalk_samples":[],"approach_ids":[],"demo_editable":false,"feature_type":"edge"}},{"type":"Feature","geometry":{"type":"LineString","coordinates":[[126.9253143,37.3990305],[126.9257365,37.3984719],[126.9263868,37.3977465]]},"properties":{"edge_id":"OSM_E_318699979_bd6d0e3aaa","from_node":"OSM_N3834216047","to_node":"OSM_N13468357909","osm_u":"3834216047","osm_v":"13468357909","osm_key":"0","osm_way_ids":[318699979],"name":"태평로","length":171.477,"stairs":false,"slope":null,"width":null,"curb_height":null,"surface":"unknown","elevator_required":false,"elevator_status":null,"blocked":false,"block_reason":null,"wheelchair_accessible":null,"accessibility_status":"unknown","source":"osm","accessibility_source":"osm_tags","confidence":0.7,"verified":false,"updated_at":null,"highway":["tertiary"],"raw_accessibility_tags":{},"crosswalk_samples":[],"approach_ids":[],"demo_editable":false,"feature_type":"edge"}},{"type":"Feature","geometry":{"type":"LineString","coordinates":[[126.9253143,37.3990305],[126.9253271,37.3991329],[126.9255067,37.3992478]]},"properties":{"edge_id":"OSM_E_380073446_e0ffe27941","from_node":"OSM_N3834216047","to_node":"OSM_N3834216621","osm_u":"3834216047","osm_v":"3834216621","osm_key":"0","osm_way_ids":[380073446],"name":"장내로","length":31.812,"stairs":false,"slope":null,"width":null,"curb_height":null,"surface":"unknown","elevator_required":false,"elevator_status":null,"blocked":false,"block_reason":null,"wheelchair_accessible":null,"accessibility_status":"unknown","source":"osm","accessibility_source":"osm_tags","confidence":0.7,"verified":false,"updated_at":null,"highway":["tertiary_link"],"raw_accessibility_tags":{},"crosswalk_samples":[],"approach_ids":[],"demo_editable":false,"feature_type":"edge"}},{"type":"Feature","geometry":{"type":"LineString","coordinates":[[126.9253143,37.3990305],[126.9254385,37.3990336],[126.9255506,37.399109]]},"properties":{"edge_id":"OSM_E_380073450_2672808b57","from_node":"OSM_N3834216047","to_node":"OSM_N9212422518","osm_u":"3834216047","osm_v":"9212422518","osm_key":"0","osm_way_ids":[380073450],"name":"장내로","length":23.952,"stairs":false,"slope":null,"width":null,"curb_height":null,"surface":"unknown","elevator_required":false,"elevator_status":null,"blocked":false,"block_reason":null,"wheelchair_accessible":null,"accessibility_status":"unknown","source":"osm","accessibility_source":"osm_tags","confidence":0.7,"verified":false,"updated_at":null,"highway":["tertiary_link"],"raw_accessibility_tags":{},"crosswalk_samples":[],"approach_ids":[],"demo_editable":false,"feature_type":"edge"}},{"type":"Feature","geometry":{"type":"LineString","coordinates":[[126.9279672,37.4001302],[126.9274332,37.4005954]]},"properties":{"edge_id":"OSM_E_60819380_11ca288854","from_node":"OSM_N3834216560","to_node":"OSM_N9219073904","osm_u":"3834216560","osm_v":"9219073904","osm_key":"0","osm_way_ids":[60819380],"name":"안양천서로","length":70.006,"stairs":false,"slope":null,"width":null,"curb_height":null,"surface":"unknown","elevator_required":false,"elevator_status":null,"blocked":false,"block_reason":null,"wheelchair_accessible":null,"accessibility_status":"unknown","source":"osm","accessibility_source":"osm_tags","confidence":0.7,"verified":false,"updated_at":null,"highway":["tertiary"],"raw_accessibility_tags":{},"crosswalk_samples":[],"approach_ids":[],"demo_editable":false,"feature_type":"edge"}},{"type":"Feature","geometry":{"type":"LineString","coordinates":[[126.9279672,37.4001302],[126.9273799,37.3999708],[126.9266714,37.3997692]]},"properties":{"edge_id":"OSM_E_380073445_613e9e9d6d","from_node":"OSM_N3834216560","to_node":"OSM_N3834216616","osm_u":"3834216560","osm_v":"3834216616","osm_key":"0","osm_way_ids":[380073445],"name":"장내로","length":121.302,"stairs":false,"slope":null,"width":null,"curb_height":null,"surface":"unknown","elevator_required":false,"elevator_status":null,"blocked":false,"block_reason":null,"wheelchair_accessible":null,"accessibility_status":"unknown","source":"osm","accessibility_source":"osm_tags","confidence":0.7,"verified":false,"updated_at":null,"highway":["tertiary"],"raw_accessibility_tags":{},"crosswalk_samples":[],"approach_ids":[],"demo_editable":false,"feature_type":"edge"}},{"type":"Feature","geometry":{"type":"LineString","coordinates":[[126.9283783,37.3964427],[126.9287732,37.3965824]]},"properties":{"edge_id":"OSM_E_927235364_189a0933d6","from_node":"OSM_N3834216593","to_node":"OSM_N3834216594","osm_u":"3834216593","osm_v":"3834216594","osm_key":"0","osm_way_ids":[927235364],"name":"OSM 보행 구간","length":38.187,"stairs":false,"slope":null,"width":null,"curb_height":null,"surface":"unknown","elevator_required":false,"elevator_status":null,"blocked":false,"block_reason":null,"wheelchair_accessible":null,"accessibility_status":"unknown","source":"osm","accessibility_source":"osm_tags","confidence":0.7,"verified":false,"updated_at":null,"highway":["residential"],"raw_accessibility_tags":{},"crosswalk_samples":[],"approach_ids":[],"demo_editable":false,"feature_type":"edge"}},{"type":"Feature","geometry":{"type":"LineString","coordinates":[[126.9283783,37.3964427],[126.9283993,37.3964141],[126.9284712,37.3963075],[126.9288678,37.3964714],[126.9289903,37.3962993]]},"properties":{"edge_id":"OSM_E_927235362_fb017f3c4b","from_node":"OSM_N3834216593","to_node":"OSM_N8603104521","osm_u":"3834216593","osm_v":"8603104521","osm_key":"0","osm_way_ids":[927235362],"name":"OSM 보행 구간","length":78.606,"stairs":false,"slope":null,"width":null,"curb_height":null,"surface":"unknown","elevator_required":false,"elevator_status":null,"blocked":false,"block_reason":null,"wheelchair_accessible":null,"accessibility_status":"unknown","source":"osm","accessibility_source":"osm_tags","confidence":0.7,"verified":false,"updated_at":null,"highway":["residential"],"raw_accessibility_tags":{},"crosswalk_samples":[],"approach_ids":[],"demo_editable":false,"feature_type":"edge"}},{"type":"Feature","geometry":{"type":"LineString","coordinates":[[126.9305792,37.397561],[126.9304437,37.3977184],[126.9303835,37.3977893]]},"properties":{"edge_id":"OSM_E_60819380_25763fa4cc","from_node":"OSM_N3834216600","to_node":"OSM_N9219128421","osm_u":"3834216600","osm_v":"9219128421","osm_key":"0","osm_way_ids":[60819380],"name":"안양천서로","length":30.713,"stairs":false,"slope":null,"width":null,"curb_height":null,"surface":"unknown","elevator_required":false,"elevator_status":null,"blocked":false,"block_reason":null,"wheelchair_accessible":null,"accessibility_status":"unknown","source":"osm","accessibility_source":"osm_tags","confidence":0.7,"verified":false,"updated_at":null,"highway":["tertiary"],"raw_accessibility_tags":{},"crosswalk_samples":[],"approach_ids":[],"demo_editable":false,"feature_type":"edge"}},{"type":"Feature","geometry":{"type":"LineString","coordinates":[[126.9305792,37.397561],[126.930627,37.3975046],[126.9306569,37.3974679]]},"properties":{"edge_id":"OSM_E_60819380_205281e851","from_node":"OSM_N3834216600","to_node":"OSM_N13468357940","osm_u":"3834216600","osm_v":"13468357940","osm_key":"0","osm_way_ids":[60819380],"name":"안양천서로","length":12.422,"stairs":false,"slope":null,"width":null,"curb_height":null,"surface":"unknown","elevator_required":false,"elevator_status":null,"blocked":false,"block_reason":null,"wheelchair_accessible":null,"accessibility_status":"unknown","source":"osm","accessibility_source":"osm_tags","confidence":0.7,"verified":false,"updated_at":null,"highway":["tertiary"],"raw_accessibility_tags":{},"crosswalk_samples":[],"approach_ids":[],"demo_editable":false,"feature_type":"edge"}},{"type":"Feature","geometry":{"type":"LineString","coordinates":[[126.9305792,37.397561],[126.9308799,37.3975096],[126.9310576,37.3974382],[126.9312658,37.3972156],[126.9313632,37.3971136]]},"properties":{"edge_id":"OSM_E_863717798_b91decf049","from_node":"OSM_N3834216600","to_node":"OSM_N8046494979","osm_u":"3834216600","osm_v":"8046494979","osm_key":"0","osm_way_ids":[863717798],"name":"OSM 보행 구간","length":89.836,"stairs":false,"slope":null,"width":null,"curb_height":null,"surface":"unknown","elevator_required":false,"elevator_status":null,"blocked":false,"block_reason":null,"wheelchair_accessible":null,"accessibility_status":"unknown","source":"osm","accessibility_source":"osm_tags","confidence":0.7,"verified":false,"updated_at":null,"highway":["unclassified"],"raw_accessibility_tags":{},"crosswalk_samples":[],"approach_ids":[],"demo_editable":false,"feature_type":"edge"}},{"type":"Feature","geometry":{"type":"LineString","coordinates":[[126.9264343,37.4014656],[126.9255711,37.4021786]]},"properties":{"edge_id":"OSM_E_60819380_3bdc9ecd31","from_node":"OSM_N3834216605","to_node":"OSM_N4641716964","osm_u":"3834216605","osm_v":"4641716964","osm_key":"0","osm_way_ids":[60819380],"name":"안양천서로","length":109.998,"stairs":false,"slope":null,"width":null,"curb_height":null,"surface":"unknown","elevator_required":false,"elevator_status":null,"blocked":false,"block_reason":null,"wheelchair_accessible":null,"accessibility_status":"unknown","source":"osm","accessibility_source":"osm_tags","confidence":0.7,"verified":false,"updated_at":null,"highway":["tertiary"],"raw_accessibility_tags":{},"crosswalk_samples":[],"approach_ids":[],"demo_editable":false,"feature_type":"edge"}},{"type":"Feature","geometry":{"type":"LineString","coordinates":[[126.9264343,37.4014656],[126.927143,37.4008482]]},"properties":{"edge_id":"OSM_E_60819380_c2b1db4e64","from_node":"OSM_N3834216605","to_node":"OSM_N13473651382","osm_u":"3834216605","osm_v":"13473651382","osm_key":"0","osm_way_ids":[60819380],"name":"안양천서로","length":92.909,"stairs":false,"slope":null,"width":null,"curb_height":null,"surface":"unknown","elevator_required":false,"elevator_status":null,"blocked":false,"block_reason":null,"wheelchair_accessible":null,"accessibility_status":"unknown","source":"osm","accessibility_source":"osm_tags","confidence":0.7,"verified":false,"updated_at":null,"highway":["tertiary"],"raw_accessibility_tags":{},"crosswalk_samples":[],"approach_ids":[],"demo_editable":false,"feature_type":"edge"}},{"type":"Feature","geometry":{"type":"LineString","coordinates":[[126.9264343,37.4014656],[126.925299,37.4010346]]},"properties":{"edge_id":"OSM_E_380073459_e8800b9e86","from_node":"OSM_N3834216605","to_node":"OSM_N3834216626","osm_u":"3834216605","osm_v":"3834216626","osm_key":"0","osm_way_ids":[380073459],"name":"태평로134번길","length":111.148,"stairs":false,"slope":null,"width":null,"curb_height":null,"surface":"unknown","elevator_required":false,"elevator_status":null,"blocked":false,"block_reason":null,"wheelchair_accessible":null,"accessibility_status":"unknown","source":"osm","accessibility_source":"osm_tags","confidence":0.7,"verified":false,"updated_at":null,"highway":["residential"],"raw_accessibility_tags":{},"crosswalk_samples":[],"approach_ids":[],"demo_editable":false,"feature_type":"edge"}},{"type":"Feature","geometry":{"type":"LineString","coordinates":[[126.9264343,37.4014656],[126.928056,37.4017552]]},"properties":{"edge_id":"OSM_E_380194918_b3c58d2501","from_node":"OSM_N3834216605","to_node":"OSM_N3835345585","osm_u":"3834216605","osm_v":"3835345585","osm_key":"0","osm_way_ids":[380194918],"name":"안일교","length":146.825,"stairs":false,"slope":null,"width":null,"curb_height":null,"surface":"unknown","elevator_required":false,"elevator_status":null,"blocked":false,"block_reason":null,"wheelchair_accessible":null,"accessibility_status":"unknown","source":"osm","accessibility_source":"osm_tags","confidence":0.7,"verified":false,"updated_at":null,"highway":["tertiary"],"raw_accessibility_tags":{},"crosswalk_samples":[],"approach_ids":[],"demo_editable":false,"feature_type":"edge"}},{"type":"Feature","geometry":{"type":"LineString","coordinates":[[126.9266714,37.3997692],[126.9265138,37.3997838],[126.9263158,37.3997185],[126.9261035,37.3996279],[126.9259308,37.3995301],[126.9255067,37.3992478]]},"properties":{"edge_id":"OSM_E_380073446_847d57a0aa","from_node":"OSM_N3834216616","to_node":"OSM_N3834216621","osm_u":"3834216616","osm_v":"3834216621","osm_key":"0","osm_way_ids":[380073446],"name":"장내로","length":121.853,"stairs":false,"slope":null,"width":null,"curb_height":null,"surface":"unknown","elevator_required":false,"elevator_status":null,"blocked":false,"block_reason":null,"wheelchair_accessible":null,"accessibility_status":"unknown","source":"osm","accessibility_source":"osm_tags","confidence":0.7,"verified":false,"updated_at":null,"highway":["tertiary_link"],"raw_accessibility_tags":{},"crosswalk_samples":[],"approach_ids":[],"demo_editable":false,"feature_type":"edge"}},{"type":"Feature","geometry":{"type":"LineString","coordinates":[[126.9266714,37.3997692],[126.9265778,37.3996742],[126.9264174,37.3996168],[126.926219,37.3995254],[126.9260275,37.3994199],[126.9255506,37.399109]]},"properties":{"edge_id":"OSM_E_380073450_31824906cb","from_node":"OSM_N3834216616","to_node":"OSM_N9212422518","osm_u":"3834216616","osm_v":"9212422518","osm_key":"0","osm_way_ids":[380073450],"name":"장내로","length":124.296,"stairs":false,"slope":null,"width":null,"curb_height":null,"surface":"unknown","elevator_required":false,"elevator_status":null,"blocked":false,"block_reason":null,"wheelchair_accessible":null,"accessibility_status":"unknown","source":"osm","accessibility_source":"osm_tags","confidence":0.7,"verified":false,"updated_at":null,"highway":["tertiary_link"],"raw_accessibility_tags":{},"crosswalk_samples":[],"approach_ids":[],"demo_editable":false,"feature_type":"edge"}},{"type":"Feature","geometry":{"type":"LineString","coordinates":[[126.9255067,37.3992478],[126.9251071,37.3992598]]},"properties":{"edge_id":"OSM_E_998459720_87016d4f1a","from_node":"OSM_N3834216621","to_node":"OSM_N9219040787","osm_u":"3834216621","osm_v":"9219040787","osm_key":"0","osm_way_ids":[998459720],"name":"OSM 보행 구간","length":35.324,"stairs":false,"slope":null,"width":null,"curb_height":null,"surface":"unknown","elevator_required":false,"elevator_status":null,"blocked":false,"block_reason":null,"wheelchair_accessible":null,"accessibility_status":"unknown","source":"osm","accessibility_source":"osm_tags","confidence":0.7,"verified":false,"updated_at":null,"highway":["tertiary_link"],"raw_accessibility_tags":{},"crosswalk_samples":[],"approach_ids":[],"demo_editable":false,"feature_type":"edge"}},{"type":"Feature","geometry":{"type":"LineString","coordinates":[[126.925299,37.4010346],[126.925475,37.4007377]]},"properties":{"edge_id":"OSM_E_1469144024_a4c4e41644","from_node":"OSM_N3834216626","to_node":"OSM_N13473651507","osm_u":"3834216626","osm_v":"13473651507","osm_key":"0","osm_way_ids":[1469144024],"name":"OSM 보행 구간","length":36.491,"stairs":false,"slope":null,"width":null,"curb_height":null,"surface":"unknown","elevator_required":false,"elevator_status":null,"blocked":false,"block_reason":null,"wheelchair_accessible":null,"accessibility_status":"unknown","source":"osm","accessibility_source":"osm_tags","confidence":0.7,"verified":false,"updated_at":null,"highway":["residential"],"raw_accessibility_tags":{},"crosswalk_samples":[],"approach_ids":[],"demo_editable":false,"feature_type":"edge"}},{"type":"Feature","geometry":{"type":"LineString","coordinates":[[126.9223894,37.404572],[126.9216727,37.4037876]]},"properties":{"edge_id":"OSM_E_380073462_65ea80ab8d","from_node":"OSM_N3834216627","to_node":"OSM_N3834216628","osm_u":"3834216627","osm_v":"3834216628","osm_key":"0","osm_way_ids":[380073462],"name":"안양천서로","length":107.774,"stairs":false,"slope":null,"width":null,"curb_height":null,"surface":"unknown","elevator_required":false,"elevator_status":null,"blocked":false,"block_reason":null,"wheelchair_accessible":null,"accessibility_status":"unknown","source":"osm","accessibility_source":"osm_tags","confidence":0.7,"verified":false,"updated_at":null,"highway":["residential"],"raw_accessibility_tags":{},"crosswalk_samples":[],"approach_ids":[],"demo_editable":false,"feature_type":"edge"}},{"type":"Feature","geometry":{"type":"LineString","coordinates":[[126.9223894,37.404572],[126.9227743,37.4043088],[126.9234046,37.4039637],[126.9240487,37.4034784],[126.9254158,37.4023112]]},"properties":{"edge_id":"OSM_E_60819380_fa291dd1d2","from_node":"OSM_N3834216627","to_node":"OSM_N9219084721","osm_u":"3834216627","osm_v":"9219084721","osm_key":"0","osm_way_ids":[60819380],"name":"안양천서로","length":368.17,"stairs":false,"slope":null,"width":null,"curb_height":null,"surface":"unknown","elevator_required":false,"elevator_status":null,"blocked":false,"block_reason":null,"wheelchair_accessible":null,"accessibility_status":"unknown","source":"osm","accessibility_source":"osm_tags","confidence":0.7,"verified":false,"updated_at":null,"highway":["tertiary"],"raw_accessibility_tags":{},"crosswalk_samples":[],"approach_ids":[],"demo_editable":false,"feature_type":"edge"}},{"type":"Feature","geometry":{"type":"LineString","coordinates":[[126.9216727,37.4037876],[126.9217524,37.4036174],[126.9221306,37.4031519],[126.9227919,37.4023904]]},"properties":{"edge_id":"OSM_E_589960556_35a0432f7c","from_node":"OSM_N3834216628","to_node":"OSM_N8974707420","osm_u":"3834216628","osm_v":"8974707420","osm_key":"0","osm_way_ids":[589960556],"name":"태평로","length":184.667,"stairs":false,"slope":null,"width":null,"curb_height":null,"surface":"unknown","elevator_required":false,"elevator_status":null,"blocked":false,"block_reason":null,"wheelchair_accessible":null,"accessibility_status":"unknown","source":"osm","accessibility_source":"osm_tags","confidence":0.7,"verified":false,"updated_at":null,"highway":["residential"],"raw_accessibility_tags":{},"crosswalk_samples":["CW01","CW03"],"approach_ids":["CW01-A","CW01-B","CW03-A","CW03-B"],"demo_editable":false,"feature_type":"edge"}},{"type":"Feature","geometry":{"type":"LineString","coordinates":[[126.9200666,37.4003996],[126.9203617,37.4000676]]},"properties":{"edge_id":"OSM_E_915477950_3d69322e67","from_node":"OSM_N3835239886","to_node":"OSM_N7819267524","osm_u":"3835239886","osm_v":"7819267524","osm_key":"0","osm_way_ids":[915477950],"name":"안양로","length":45.193,"stairs":false,"slope":null,"width":null,"curb_height":null,"surface":"asphalt","elevator_required":false,"elevator_status":null,"blocked":false,"block_reason":null,"wheelchair_accessible":null,"accessibility_status":"unknown","source":"osm","accessibility_source":"osm_tags","confidence":0.7,"verified":false,"updated_at":null,"highway":["tertiary"],"raw_accessibility_tags":{},"crosswalk_samples":[],"approach_ids":[],"demo_editable":false,"feature_type":"edge"}},{"type":"Feature","geometry":{"type":"LineString","coordinates":[[126.9200666,37.4003996],[126.9203954,37.4006944],[126.9205724,37.400889],[126.9206181,37.4009133],[126.9206777,37.400919]]},"properties":{"edge_id":"OSM_E_380184681_d31ec1cff8","from_node":"OSM_N3835239886","to_node":"OSM_N3835239888","osm_u":"3835239886","osm_v":"3835239888","osm_key":"0","osm_way_ids":[380184681],"name":"안양로320번길","length":80.653,"stairs":false,"slope":null,"width":null,"curb_height":null,"surface":"unknown","elevator_required":false,"elevator_status":null,"blocked":false,"block_reason":null,"wheelchair_accessible":null,"accessibility_status":"unknown","source":"osm","accessibility_source":"osm_tags","confidence":0.7,"verified":false,"updated_at":null,"highway":["residential"],"raw_accessibility_tags":{},"crosswalk_samples":[],"approach_ids":[],"demo_editable":false,"feature_type":"edge"}},{"type":"Feature","geometry":{"type":"LineString","coordinates":[[126.9206777,37.400919],[126.9208258,37.4011442],[126.9209165,37.4013287],[126.9213008,37.401577]]},"properties":{"edge_id":"OSM_E_380184681-837321097_1e3e748951","from_node":"OSM_N3835239888","to_node":"OSM_N7814727316","osm_u":"3835239888","osm_v":"7814727316","osm_key":"0","osm_way_ids":[380184681,837321097],"name":"안양로320번길","length":94.034,"stairs":false,"slope":null,"width":null,"curb_height":null,"surface":"unknown","elevator_required":false,"elevator_status":null,"blocked":false,"block_reason":null,"wheelchair_accessible":null,"accessibility_status":"unknown","source":"osm","accessibility_source":"osm_tags","confidence":0.7,"verified":false,"updated_at":null,"highway":["residential"],"raw_accessibility_tags":{},"crosswalk_samples":[],"approach_ids":[],"demo_editable":false,"feature_type":"edge"}},{"type":"Feature","geometry":{"type":"LineString","coordinates":[[126.9206307,37.4031188],[126.9206738,37.4030767]]},"properties":{"edge_id":"OSM_E_915477947_e2b2a2a4a7","from_node":"OSM_N3835239902","to_node":"OSM_N3835345581","osm_u":"3835239902","osm_v":"3835345581","osm_key":"0","osm_way_ids":[915477947],"name":"만안로","length":6.034,"stairs":false,"slope":null,"width":null,"curb_height":null,"surface":"unknown","elevator_required":false,"elevator_status":null,"blocked":false,"block_reason":null,"wheelchair_accessible":null,"accessibility_status":"unknown","source":"osm","accessibility_source":"osm_tags","confidence":0.7,"verified":false,"updated_at":null,"highway":["tertiary"],"raw_accessibility_tags":{},"crosswalk_samples":[],"approach_ids":[],"demo_editable":false,"feature_type":"edge"}},{"type":"Feature","geometry":{"type":"LineString","coordinates":[[126.9206307,37.4031188],[126.9205106,37.4030161],[126.9204655,37.4028663],[126.9204344,37.4027232]]},"properties":{"edge_id":"OSM_E_380184682_b0cd27b32e","from_node":"OSM_N3835239902","to_node":"OSM_N3835280047","osm_u":"3835239902","osm_v":"3835280047","osm_key":"0","osm_way_ids":[380184682],"name":"안양로324번길","length":48.861,"stairs":false,"slope":null,"width":null,"curb_height":null,"surface":"unknown","elevator_required":false,"elevator_status":null,"blocked":false,"block_reason":null,"wheelchair_accessible":null,"accessibility_status":"unknown","source":"osm","accessibility_source":"osm_tags","confidence":0.7,"verified":false,"updated_at":null,"highway":["residential"],"raw_accessibility_tags":{},"crosswalk_samples":[],"approach_ids":[],"demo_editable":false,"feature_type":"edge"}},{"type":"Feature","geometry":{"type":"LineString","coordinates":[[126.9185183,37.4022797],[126.9178458,37.4019253]]},"properties":{"edge_id":"OSM_E_380188854_94bf2ab410","from_node":"OSM_N3835279855","to_node":"OSM_N3835279856","osm_u":"3835279855","osm_v":"3835279856","osm_key":"0","osm_way_ids":[380188854],"name":"안양로343번길","length":71.286,"stairs":false,"slope":null,"width":null,"curb_height":null,"surface":"unknown","elevator_required":false,"elevator_status":null,"blocked":false,"block_reason":null,"wheelchair_accessible":null,"accessibility_status":"unknown","source":"osm","accessibility_source":"osm_tags","confidence":0.7,"verified":false,"updated_at":null,"highway":["residential"],"raw_accessibility_tags":{},"crosswalk_samples":[],"approach_ids":[],"demo_editable":false,"feature_type":"edge"}},{"type":"Feature","geometry":{"type":"LineString","coordinates":[[126.9185183,37.4022797],[126.9187524,37.4020095]]},"properties":{"edge_id":"OSM_E_915477950_573147c44c","from_node":"OSM_N3835279855","to_node":"OSM_N3835280045","osm_u":"3835279855","osm_v":"3835280045","osm_key":"0","osm_way_ids":[915477950],"name":"안양로","length":36.473,"stairs":false,"slope":null,"width":null,"curb_height":null,"surface":"asphalt","elevator_required":false,"elevator_status":null,"blocked":false,"block_reason":null,"wheelchair_accessible":null,"accessibility_status":"unknown","source":"osm","accessibility_source":"osm_tags","confidence":0.7,"verified":false,"updated_at":null,"highway":["tertiary"],"raw_accessibility_tags":{},"crosswalk_samples":[],"approach_ids":[],"demo_editable":false,"feature_type":"edge"}},{"type":"Feature","geometry":{"type":"LineString","coordinates":[[126.9178458,37.4019253],[126.9184066,37.4012505]]},"properties":{"edge_id":"OSM_E_380188872_ab174b4d9a","from_node":"OSM_N3835279856","to_node":"OSM_N3835279984","osm_u":"3835279856","osm_v":"3835279984","osm_key":"0","osm_way_ids":[380188872],"name":"안양로329번길","length":89.912,"stairs":false,"slope":null,"width":null,"curb_height":null,"surface":"unknown","elevator_required":false,"elevator_status":null,"blocked":false,"block_reason":null,"wheelchair_accessible":null,"accessibility_status":"unknown","source":"osm","accessibility_source":"osm_tags","confidence":0.7,"verified":false,"updated_at":null,"highway":["residential"],"raw_accessibility_tags":{},"crosswalk_samples":[],"approach_ids":[],"demo_editable":false,"feature_type":"edge"}},{"type":"Feature","geometry":{"type":"LineString","coordinates":[[126.9193818,37.401254],[126.9187031,37.4008985]]},"properties":{"edge_id":"OSM_E_380188857_732afc434e","from_node":"OSM_N3835279964","to_node":"OSM_N3835279965","osm_u":"3835279964","osm_v":"3835279965","osm_key":"0","osm_way_ids":[380188857],"name":"안양로329번길","length":71.811,"stairs":false,"slope":null,"width":null,"curb_height":null,"surface":"unknown","elevator_required":false,"elevator_status":null,"blocked":false,"block_reason":null,"wheelchair_accessible":null,"accessibility_status":"unknown","source":"osm","accessibility_source":"osm_tags","confidence":0.7,"verified":false,"updated_at":null,"highway":["residential"],"raw_accessibility_tags":{},"crosswalk_samples":[],"approach_ids":[],"demo_editable":false,"feature_type":"edge"}},{"type":"Feature","geometry":{"type":"LineString","coordinates":[[126.9193818,37.401254],[126.9193464,37.4012972],[126.9192562,37.4014073]]},"properties":{"edge_id":"OSM_E_915477950_dfae5f6f89","from_node":"OSM_N3835279964","to_node":"OSM_N3835280043","osm_u":"3835279964","osm_v":"3835280043","osm_key":"0","osm_way_ids":[915477950],"name":"안양로","length":20.339,"stairs":false,"slope":null,"width":null,"curb_height":null,"surface":"asphalt","elevator_required":false,"elevator_status":null,"blocked":false,"block_reason":null,"wheelchair_accessible":null,"accessibility_status":"unknown","source":"osm","accessibility_source":"osm_tags","confidence":0.7,"verified":false,"updated_at":null,"highway":["tertiary"],"raw_accessibility_tags":{},"crosswalk_samples":[],"approach_ids":[],"demo_editable":false,"feature_type":"edge"}},{"type":"Feature","geometry":{"type":"LineString","coordinates":[[126.9187031,37.4008985],[126.9171049,37.4008602]]},"properties":{"edge_id":"OSM_E_380188857_927b6bf099","from_node":"OSM_N3835279965","to_node":"OSM_N3835280000","osm_u":"3835279965","osm_v":"3835280000","osm_key":"0","osm_way_ids":[380188857],"name":"안양로329번길","length":141.24,"stairs":false,"slope":null,"width":null,"curb_height":null,"surface":"unknown","elevator_required":false,"elevator_status":null,"blocked":false,"block_reason":null,"wheelchair_accessible":null,"accessibility_status":"unknown","source":"osm","accessibility_source":"osm_tags","confidence":0.7,"verified":false,"updated_at":null,"highway":["residential"],"raw_accessibility_tags":{},"crosswalk_samples":[],"approach_ids":[],"demo_editable":false,"feature_type":"edge"}},{"type":"Feature","geometry":{"type":"LineString","coordinates":[[126.9187031,37.4008985],[126.9184066,37.4012505]]},"properties":{"edge_id":"OSM_E_380188872_e2885a0492","from_node":"OSM_N3835279965","to_node":"OSM_N3835279984","osm_u":"3835279965","osm_v":"3835279984","osm_key":"0","osm_way_ids":[380188872],"name":"안양로329번길","length":47.095,"stairs":false,"slope":null,"width":null,"curb_height":null,"surface":"unknown","elevator_required":false,"elevator_status":null,"blocked":false,"block_reason":null,"wheelchair_accessible":null,"accessibility_status":"unknown","source":"osm","accessibility_source":"osm_tags","confidence":0.7,"verified":false,"updated_at":null,"highway":["residential"],"raw_accessibility_tags":{},"crosswalk_samples":[],"approach_ids":[],"demo_editable":false,"feature_type":"edge"}},{"type":"Feature","geometry":{"type":"LineString","coordinates":[[126.9187031,37.4008985],[126.9190771,37.4004522],[126.918782,37.4002051]]},"properties":{"edge_id":"OSM_E_380188882_55c9c40edc","from_node":"OSM_N3835279965","to_node":"OSM_N3835280005","osm_u":"3835279965","osm_v":"3835280005","osm_key":"0","osm_way_ids":[380188882],"name":"양화로72번길","length":97.492,"stairs":false,"slope":null,"width":null,"curb_height":null,"surface":"unknown","elevator_required":false,"elevator_status":null,"blocked":false,"block_reason":null,"wheelchair_accessible":null,"accessibility_status":"unknown","source":"osm","accessibility_source":"osm_tags","confidence":0.7,"verified":false,"updated_at":null,"highway":["residential"],"raw_accessibility_tags":{},"crosswalk_samples":[],"approach_ids":[],"demo_editable":false,"feature_type":"edge"}},{"type":"Feature","geometry":{"type":"LineString","coordinates":[[126.917489,37.4005168],[126.9185067,37.4005152],[126.918782,37.4002051]]},"properties":{"edge_id":"OSM_E_706308832_73313b9c85","from_node":"OSM_N3835279993","to_node":"OSM_N3835280005","osm_u":"3835279993","osm_v":"3835280005","osm_key":"0","osm_way_ids":[706308832],"name":"박달로578번길","length":132.093,"stairs":false,"slope":null,"width":null,"curb_height":null,"surface":"unknown","elevator_required":false,"elevator_status":null,"blocked":false,"block_reason":null,"wheelchair_accessible":null,"accessibility_status":"unknown","source":"osm","accessibility_source":"osm_tags","confidence":0.7,"verified":false,"updated_at":null,"highway":["residential"],"raw_accessibility_tags":{},"crosswalk_samples":[],"approach_ids":[],"demo_editable":false,"feature_type":"edge"}},{"type":"Feature","geometry":{"type":"LineString","coordinates":[[126.9184394,37.400002],[126.918782,37.4002051]]},"properties":{"edge_id":"OSM_E_380188882_40136e9bcc","from_node":"OSM_N3835279995","to_node":"OSM_N3835280005","osm_u":"3835279995","osm_v":"3835280005","osm_key":"0","osm_way_ids":[380188882],"name":"양화로72번길","length":37.761,"stairs":false,"slope":null,"width":null,"curb_height":null,"surface":"unknown","elevator_required":false,"elevator_status":null,"blocked":false,"block_reason":null,"wheelchair_accessible":null,"accessibility_status":"unknown","source":"osm","accessibility_source":"osm_tags","confidence":0.7,"verified":false,"updated_at":null,"highway":["residential"],"raw_accessibility_tags":{},"crosswalk_samples":[],"approach_ids":[],"demo_editable":false,"feature_type":"edge"}},{"type":"Feature","geometry":{"type":"LineString","coordinates":[[126.9192562,37.4014073],[126.9198195,37.4017033]]},"properties":{"edge_id":"OSM_E_380188894_dc2784a823","from_node":"OSM_N3835280043","to_node":"OSM_N3835280048","osm_u":"3835280043","osm_v":"3835280048","osm_key":"0","osm_way_ids":[380188894],"name":"안양로332번길","length":59.659,"stairs":false,"slope":null,"width":null,"curb_height":null,"surface":"unknown","elevator_required":false,"elevator_status":null,"blocked":false,"block_reason":null,"wheelchair_accessible":null,"accessibility_status":"unknown","source":"osm","accessibility_source":"osm_tags","confidence":0.7,"verified":false,"updated_at":null,"highway":["residential"],"raw_accessibility_tags":{},"crosswalk_samples":[],"approach_ids":[],"demo_editable":false,"feature_type":"edge"}},{"type":"Feature","geometry":{"type":"LineString","coordinates":[[126.9192562,37.4014073],[126.9192008,37.4014735],[126.9187524,37.4020095]]},"properties":{"edge_id":"OSM_E_915477950_37db09f9c0","from_node":"OSM_N3835280043","to_node":"OSM_N3835280045","osm_u":"3835280043","osm_v":"3835280045","osm_key":"0","osm_way_ids":[915477950],"name":"안양로","length":80.401,"stairs":false,"slope":null,"width":null,"curb_height":null,"surface":"asphalt","elevator_required":false,"elevator_status":null,"blocked":false,"block_reason":null,"wheelchair_accessible":null,"accessibility_status":"unknown","source":"osm","accessibility_source":"osm_tags","confidence":0.7,"verified":false,"updated_at":null,"highway":["tertiary"],"raw_accessibility_tags":{},"crosswalk_samples":[],"approach_ids":[],"demo_editable":false,"feature_type":"edge"}},{"type":"Feature","geometry":{"type":"LineString","coordinates":[[126.9203405,37.4019334],[126.9203692,37.4021184],[126.9204221,37.4026104],[126.9204344,37.4027232]]},"properties":{"edge_id":"OSM_E_380184682_134e52f788","from_node":"OSM_N3835280044","to_node":"OSM_N3835280047","osm_u":"3835280044","osm_v":"3835280047","osm_key":"0","osm_way_ids":[380184682],"name":"안양로324번길","length":88.224,"stairs":false,"slope":null,"width":null,"curb_height":null,"surface":"unknown","elevator_required":false,"elevator_status":null,"blocked":false,"block_reason":null,"wheelchair_accessible":null,"accessibility_status":"unknown","source":"osm","accessibility_source":"osm_tags","confidence":0.7,"verified":false,"updated_at":null,"highway":["residential"],"raw_accessibility_tags":{},"crosswalk_samples":[],"approach_ids":[],"demo_editable":false,"feature_type":"edge"}},{"type":"Feature","geometry":{"type":"LineString","coordinates":[[126.9203405,37.4019334],[126.9202992,37.4017437],[126.9202748,37.4014563],[126.920223,37.4013507],[126.9202087,37.4013237]]},"properties":{"edge_id":"OSM_E_380184682_8c07d69d61","from_node":"OSM_N3835280044","to_node":"OSM_N3835280054","osm_u":"3835280044","osm_v":"3835280054","osm_key":"0","osm_way_ids":[380184682],"name":"안양로324번길","length":69.296,"stairs":false,"slope":null,"width":null,"curb_height":null,"surface":"unknown","elevator_required":false,"elevator_status":null,"blocked":false,"block_reason":null,"wheelchair_accessible":null,"accessibility_status":"unknown","source":"osm","accessibility_source":"osm_tags","confidence":0.7,"verified":false,"updated_at":null,"highway":["residential"],"raw_accessibility_tags":{},"crosswalk_samples":[],"approach_ids":[],"demo_editable":false,"feature_type":"edge"}},{"type":"Feature","geometry":{"type":"LineString","coordinates":[[126.9203405,37.4019334],[126.9202101,37.4019057],[126.9198195,37.4017033]]},"properties":{"edge_id":"OSM_E_380188896_baa0c848c9","from_node":"OSM_N3835280044","to_node":"OSM_N3835280048","osm_u":"3835280044","osm_v":"3835280048","osm_key":"0","osm_way_ids":[380188896],"name":"OSM 보행 구간","length":53.117,"stairs":false,"slope":null,"width":null,"curb_height":null,"surface":"unknown","elevator_required":false,"elevator_status":null,"blocked":false,"block_reason":null,"wheelchair_accessible":null,"accessibility_status":"unknown","source":"osm","accessibility_source":"osm_tags","confidence":0.7,"verified":false,"updated_at":null,"highway":["residential"],"raw_accessibility_tags":{},"crosswalk_samples":[],"approach_ids":[],"demo_editable":false,"feature_type":"edge"}},{"type":"Feature","geometry":{"type":"LineString","coordinates":[[126.9203405,37.4019334],[126.9202386,37.4019566],[126.9197485,37.4025329]]},"properties":{"edge_id":"OSM_E_380188900_4cfb32d34a","from_node":"OSM_N3835280044","to_node":"OSM_N3835280055","osm_u":"3835280044","osm_v":"3835280055","osm_key":"0","osm_way_ids":[380188900],"name":"안양로340번길","length":86.698,"stairs":false,"slope":null,"width":null,"curb_height":null,"surface":"unknown","elevator_required":false,"elevator_status":null,"blocked":false,"block_reason":null,"wheelchair_accessible":null,"accessibility_status":"unknown","source":"osm","accessibility_source":"osm_tags","confidence":0.7,"verified":false,"updated_at":null,"highway":["residential"],"raw_accessibility_tags":{},"crosswalk_samples":[],"approach_ids":[],"demo_editable":false,"feature_type":"edge"}},{"type":"Feature","geometry":{"type":"LineString","coordinates":[[126.9187524,37.4020095],[126.9193315,37.4023081]]},"properties":{"edge_id":"OSM_E_380188895_e06d61b955","from_node":"OSM_N3835280045","to_node":"OSM_N3835280049","osm_u":"3835280045","osm_v":"3835280049","osm_key":"0","osm_way_ids":[380188895],"name":"안양로340번길","length":60.984,"stairs":false,"slope":null,"width":null,"curb_height":null,"surface":"unknown","elevator_required":false,"elevator_status":null,"blocked":false,"block_reason":null,"wheelchair_accessible":null,"accessibility_status":"unknown","source":"osm","accessibility_source":"osm_tags","confidence":0.7,"verified":false,"updated_at":null,"highway":["residential"],"raw_accessibility_tags":{},"crosswalk_samples":[],"approach_ids":[],"demo_editable":false,"feature_type":"edge"}},{"type":"Feature","geometry":{"type":"LineString","coordinates":[[126.9201893,37.4027605],[126.9198589,37.4031467]]},"properties":{"edge_id":"OSM_E_380188895_bb6207cb3f","from_node":"OSM_N3835280046","to_node":"OSM_N3835280053","osm_u":"3835280046","osm_v":"3835280053","osm_key":"0","osm_way_ids":[380188895],"name":"안양로340번길","length":51.922,"stairs":false,"slope":null,"width":null,"curb_height":null,"surface":"unknown","elevator_required":false,"elevator_status":null,"blocked":false,"block_reason":null,"wheelchair_accessible":null,"accessibility_status":"unknown","source":"osm","accessibility_source":"osm_tags","confidence":0.7,"verified":false,"updated_at":null,"highway":["residential"],"raw_accessibility_tags":{},"crosswalk_samples":[],"approach_ids":[],"demo_editable":false,"feature_type":"edge"}},{"type":"Feature","geometry":{"type":"LineString","coordinates":[[126.9201893,37.4027605],[126.9197485,37.4025329]]},"properties":{"edge_id":"OSM_E_380188895_eb6a60216c","from_node":"OSM_N3835280046","to_node":"OSM_N3835280055","osm_u":"3835280046","osm_v":"3835280055","osm_key":"0","osm_way_ids":[380188895],"name":"안양로340번길","length":46.439,"stairs":false,"slope":null,"width":null,"curb_height":null,"surface":"unknown","elevator_required":false,"elevator_status":null,"blocked":false,"block_reason":null,"wheelchair_accessible":null,"accessibility_status":"unknown","source":"osm","accessibility_source":"osm_tags","confidence":0.7,"verified":false,"updated_at":null,"highway":["residential"],"raw_accessibility_tags":{},"crosswalk_samples":[],"approach_ids":[],"demo_editable":false,"feature_type":"edge"}},{"type":"Feature","geometry":{"type":"LineString","coordinates":[[126.9201893,37.4027605],[126.9204344,37.4027232]]},"properties":{"edge_id":"OSM_E_380194325_839d453cdb","from_node":"OSM_N3835280046","to_node":"OSM_N3835280047","osm_u":"3835280046","osm_v":"3835280047","osm_key":"0","osm_way_ids":[380194325],"name":"OSM 보행 구간","length":22.044,"stairs":false,"slope":null,"width":null,"curb_height":null,"surface":"unknown","elevator_required":false,"elevator_status":null,"blocked":false,"block_reason":null,"wheelchair_accessible":null,"accessibility_status":"unknown","source":"osm","accessibility_source":"osm_tags","confidence":0.7,"verified":false,"updated_at":null,"highway":["residential"],"raw_accessibility_tags":{},"crosswalk_samples":[],"approach_ids":[],"demo_editable":false,"feature_type":"edge"}},{"type":"Feature","geometry":{"type":"LineString","coordinates":[[126.9198195,37.4017033],[126.9193315,37.4023081]]},"properties":{"edge_id":"OSM_E_380188894_18106949ac","from_node":"OSM_N3835280048","to_node":"OSM_N3835280049","osm_u":"3835280048","osm_v":"3835280049","osm_key":"0","osm_way_ids":[380188894],"name":"안양로332번길","length":79.88,"stairs":false,"slope":null,"width":null,"curb_height":null,"surface":"unknown","elevator_required":false,"elevator_status":null,"blocked":false,"block_reason":null,"wheelchair_accessible":null,"accessibility_status":"unknown","source":"osm","accessibility_source":"osm_tags","confidence":0.7,"verified":false,"updated_at":null,"highway":["residential"],"raw_accessibility_tags":{},"crosswalk_samples":[],"approach_ids":[],"demo_editable":false,"feature_type":"edge"}},{"type":"Feature","geometry":{"type":"LineString","coordinates":[[126.9198195,37.4017033],[126.9201445,37.401352],[126.9202087,37.4013237]]},"properties":{"edge_id":"OSM_E_380188899_b21d1ba8b9","from_node":"OSM_N3835280048","to_node":"OSM_N3835280054","osm_u":"3835280048","osm_v":"3835280054","osm_key":"0","osm_way_ids":[380188899],"name":"안양로324번길","length":54.963,"stairs":false,"slope":null,"width":null,"curb_height":null,"surface":"unknown","elevator_required":false,"elevator_status":null,"blocked":false,"block_reason":null,"wheelchair_accessible":null,"accessibility_status":"unknown","source":"osm","accessibility_source":"osm_tags","confidence":0.7,"verified":false,"updated_at":null,"highway":["residential"],"raw_accessibility_tags":{},"crosswalk_samples":[],"approach_ids":[],"demo_editable":false,"feature_type":"edge"}},{"type":"Feature","geometry":{"type":"LineString","coordinates":[[126.9193315,37.4023081],[126.9189985,37.4026998]]},"properties":{"edge_id":"OSM_E_380188894_5c53fb1346","from_node":"OSM_N3835280049","to_node":"OSM_N3835280052","osm_u":"3835280049","osm_v":"3835280052","osm_key":"0","osm_way_ids":[380188894],"name":"안양로332번길","length":52.557,"stairs":false,"slope":null,"width":null,"curb_height":null,"surface":"unknown","elevator_required":false,"elevator_status":null,"blocked":false,"block_reason":null,"wheelchair_accessible":null,"accessibility_status":"unknown","source":"osm","accessibility_source":"osm_tags","confidence":0.7,"verified":false,"updated_at":null,"highway":["residential"],"raw_accessibility_tags":{},"crosswalk_samples":[],"approach_ids":[],"demo_editable":false,"feature_type":"edge"}},{"type":"Feature","geometry":{"type":"LineString","coordinates":[[126.9193315,37.4023081],[126.9197485,37.4025329]]},"properties":{"edge_id":"OSM_E_380188895_f7842487cf","from_node":"OSM_N3835280049","to_node":"OSM_N3835280055","osm_u":"3835280049","osm_v":"3835280055","osm_key":"0","osm_way_ids":[380188895],"name":"안양로340번길","length":44.515,"stairs":false,"slope":null,"width":null,"curb_height":null,"surface":"unknown","elevator_required":false,"elevator_status":null,"blocked":false,"block_reason":null,"wheelchair_accessible":null,"accessibility_status":"unknown","source":"osm","accessibility_source":"osm_tags","confidence":0.7,"verified":false,"updated_at":null,"highway":["residential"],"raw_accessibility_tags":{},"crosswalk_samples":[],"approach_ids":[],"demo_editable":false,"feature_type":"edge"}},{"type":"Feature","geometry":{"type":"LineString","coordinates":[[126.9187015,37.4030563],[126.9189985,37.4026998]]},"properties":{"edge_id":"OSM_E_380188894_cba5dbdd4a","from_node":"OSM_N3835280050","to_node":"OSM_N3835280052","osm_u":"3835280050","osm_v":"3835280052","osm_key":"0","osm_way_ids":[380188894],"name":"안양로332번길","length":47.536,"stairs":false,"slope":null,"width":null,"curb_height":null,"surface":"unknown","elevator_required":false,"elevator_status":null,"blocked":false,"block_reason":null,"wheelchair_accessible":null,"accessibility_status":"unknown","source":"osm","accessibility_source":"osm_tags","confidence":0.7,"verified":false,"updated_at":null,"highway":["residential"],"raw_accessibility_tags":{},"crosswalk_samples":[],"approach_ids":[],"demo_editable":false,"feature_type":"edge"}},{"type":"Feature","geometry":{"type":"LineString","coordinates":[[126.9187015,37.4030563],[126.9195756,37.4035196]]},"properties":{"edge_id":"OSM_E_915477945_1d0c7ffd44","from_node":"OSM_N3835280050","to_node":"OSM_N13168924057","osm_u":"3835280050","osm_v":"13168924057","osm_key":"0","osm_way_ids":[915477945],"name":"박달로","length":92.819,"stairs":false,"slope":null,"width":null,"curb_height":null,"surface":"unknown","elevator_required":false,"elevator_status":null,"blocked":false,"block_reason":null,"wheelchair_accessible":null,"accessibility_status":"unknown","source":"osm","accessibility_source":"osm_tags","confidence":0.7,"verified":false,"updated_at":null,"highway":["tertiary"],"raw_accessibility_tags":{},"crosswalk_samples":[],"approach_ids":[],"demo_editable":false,"feature_type":"edge"}},{"type":"Feature","geometry":{"type":"LineString","coordinates":[[126.9187015,37.4030563],[126.9183558,37.4034819],[126.9180716,37.4038206]]},"properties":{"edge_id":"OSM_E_380194322_5a689b96d7","from_node":"OSM_N3835280050","to_node":"OSM_N3835341217","osm_u":"3835280050","osm_v":"3835341217","osm_key":"0","osm_way_ids":[380194322],"name":"안양로372번길","length":101.583,"stairs":false,"slope":null,"width":null,"curb_height":null,"surface":"unknown","elevator_required":false,"elevator_status":null,"blocked":false,"block_reason":null,"wheelchair_accessible":null,"accessibility_status":"unknown","source":"osm","accessibility_source":"osm_tags","confidence":0.7,"verified":false,"updated_at":null,"highway":["residential"],"raw_accessibility_tags":{},"crosswalk_samples":[],"approach_ids":[],"demo_editable":false,"feature_type":"edge"}},{"type":"Feature","geometry":{"type":"LineString","coordinates":[[126.9189985,37.4026998],[126.9198589,37.4031467]]},"properties":{"edge_id":"OSM_E_380188898_cfbadce1ca","from_node":"OSM_N3835280052","to_node":"OSM_N3835280053","osm_u":"3835280052","osm_v":"3835280053","osm_key":"0","osm_way_ids":[380188898],"name":"안양로332번길","length":90.805,"stairs":false,"slope":null,"width":null,"curb_height":null,"surface":"unknown","elevator_required":false,"elevator_status":null,"blocked":false,"block_reason":null,"wheelchair_accessible":null,"accessibility_status":"unknown","source":"osm","accessibility_source":"osm_tags","confidence":0.7,"verified":false,"updated_at":null,"highway":["residential"],"raw_accessibility_tags":{},"crosswalk_samples":[],"approach_ids":[],"demo_editable":false,"feature_type":"edge"}},{"type":"Feature","geometry":{"type":"LineString","coordinates":[[126.9198589,37.4031467],[126.9195756,37.4035196]]},"properties":{"edge_id":"OSM_E_1432709988_dcb5debf59","from_node":"OSM_N3835280053","to_node":"OSM_N13168924057","osm_u":"3835280053","osm_v":"13168924057","osm_key":"0","osm_way_ids":[1432709988],"name":"OSM 보행 구간","length":48.431,"stairs":false,"slope":null,"width":null,"curb_height":null,"surface":"unknown","elevator_required":false,"elevator_status":null,"blocked":false,"block_reason":null,"wheelchair_accessible":null,"accessibility_status":"unknown","source":"osm","accessibility_source":"osm_tags","confidence":0.7,"verified":false,"updated_at":null,"highway":["residential"],"raw_accessibility_tags":{},"crosswalk_samples":[],"approach_ids":[],"demo_editable":false,"feature_type":"edge"}},{"type":"Feature","geometry":{"type":"LineString","coordinates":[[126.9192088,37.4055592],[126.9200644,37.4045959],[126.9203586,37.4042101],[126.9206108,37.4037909],[126.9207415,37.4035646],[126.9208256,37.4033865],[126.9208349,37.4032752],[126.9208069,37.4031713],[126.9207636,37.4031206],[126.9206738,37.4030767]]},"properties":{"edge_id":"OSM_E_380194914_668d24ec90","from_node":"OSM_N3835345572","to_node":"OSM_N3835345581","osm_u":"3835345572","osm_v":"3835345581","osm_key":"0","osm_way_ids":[380194914],"name":"만안로340번길","length":322.091,"stairs":false,"slope":null,"width":null,"curb_height":null,"surface":"unknown","elevator_required":false,"elevator_status":null,"blocked":false,"block_reason":null,"wheelchair_accessible":null,"accessibility_status":"unknown","source":"osm","accessibility_source":"osm_tags","confidence":0.7,"verified":false,"updated_at":null,"highway":["residential"],"raw_accessibility_tags":{},"crosswalk_samples":[],"approach_ids":[],"demo_editable":false,"feature_type":"edge"}},{"type":"Feature","geometry":{"type":"LineString","coordinates":[[126.9206738,37.4030767],[126.9209841,37.4027389],[126.9213177,37.4022938],[126.9215172,37.4020639]]},"properties":{"edge_id":"OSM_E_915477947_d2ce447501","from_node":"OSM_N3835345581","to_node":"OSM_N7874793364","osm_u":"3835345581","osm_v":"7874793364","osm_key":"0","osm_way_ids":[915477947],"name":"만안로","length":135.149,"stairs":false,"slope":null,"width":null,"curb_height":null,"surface":"unknown","elevator_required":false,"elevator_status":null,"blocked":false,"block_reason":null,"wheelchair_accessible":null,"accessibility_status":"unknown","source":"osm","accessibility_source":"osm_tags","confidence":0.7,"verified":false,"updated_at":null,"highway":["tertiary"],"raw_accessibility_tags":{},"crosswalk_samples":["CW04"],"approach_ids":["CW04-A","CW04-B"],"demo_editable":false,"feature_type":"edge"}},{"type":"Feature","geometry":{"type":"LineString","coordinates":[[126.928056,37.4017552],[126.9275474,37.4021225]]},"properties":{"edge_id":"OSM_E_318699997_00078dfcff","from_node":"OSM_N3835345585","to_node":"OSM_N3840227366","osm_u":"3835345585","osm_v":"3840227366","osm_key":"0","osm_way_ids":[318699997],"name":"경수대로","length":60.716,"stairs":false,"slope":null,"width":null,"curb_height":null,"surface":"unknown","elevator_required":false,"elevator_status":null,"blocked":false,"block_reason":null,"wheelchair_accessible":null,"accessibility_status":"unknown","source":"osm","accessibility_source":"osm_tags","confidence":0.7,"verified":false,"updated_at":null,"highway":["primary"],"raw_accessibility_tags":{},"crosswalk_samples":[],"approach_ids":[],"demo_editable":false,"feature_type":"edge"}},{"type":"Feature","geometry":{"type":"LineString","coordinates":[[126.928056,37.4017552],[126.9282916,37.4017553]]},"properties":{"edge_id":"OSM_E_380698412_b96e30250e","from_node":"OSM_N3835345585","to_node":"OSM_N3844419606","osm_u":"3835345585","osm_v":"3844419606","osm_key":"0","osm_way_ids":[380698412],"name":"임곡로","length":20.811,"stairs":false,"slope":null,"width":null,"curb_height":null,"surface":"unknown","elevator_required":false,"elevator_status":null,"blocked":false,"block_reason":null,"wheelchair_accessible":null,"accessibility_status":"unknown","source":"osm","accessibility_source":"osm_tags","confidence":0.7,"verified":false,"updated_at":null,"highway":["tertiary"],"raw_accessibility_tags":{},"crosswalk_samples":[],"approach_ids":[],"demo_editable":false,"feature_type":"edge"}},{"type":"Feature","geometry":{"type":"LineString","coordinates":[[126.928056,37.4017552],[126.9284414,37.4014166],[126.9286098,37.4012636]]},"properties":{"edge_id":"OSM_E_318699997_ee8a30bade","from_node":"OSM_N3835345585","to_node":"OSM_N9212511357","osm_u":"3835345585","osm_v":"9212511357","osm_key":"0","osm_way_ids":[318699997],"name":"경수대로","length":73.359,"stairs":false,"slope":null,"width":null,"curb_height":null,"surface":"unknown","elevator_required":false,"elevator_status":null,"blocked":false,"block_reason":null,"wheelchair_accessible":null,"accessibility_status":"unknown","source":"osm","accessibility_source":"osm_tags","confidence":0.7,"verified":false,"updated_at":null,"highway":["primary"],"raw_accessibility_tags":{},"crosswalk_samples":[],"approach_ids":[],"demo_editable":false,"feature_type":"edge"}},{"type":"Feature","geometry":{"type":"LineString","coordinates":[[126.9274401,37.4022192],[126.9275474,37.4021225]]},"properties":{"edge_id":"OSM_E_318699997_32f773d2fa","from_node":"OSM_N3835345602","to_node":"OSM_N3840227366","osm_u":"3835345602","osm_v":"3840227366","osm_key":"0","osm_way_ids":[318699997],"name":"경수대로","length":14.334,"stairs":false,"slope":null,"width":null,"curb_height":null,"surface":"unknown","elevator_required":false,"elevator_status":null,"blocked":false,"block_reason":null,"wheelchair_accessible":null,"accessibility_status":"unknown","source":"osm","accessibility_source":"osm_tags","confidence":0.7,"verified":false,"updated_at":null,"highway":["primary"],"raw_accessibility_tags":{},"crosswalk_samples":[],"approach_ids":[],"demo_editable":false,"feature_type":"edge"}},{"type":"Feature","geometry":{"type":"LineString","coordinates":[[126.9274401,37.4022192],[126.9270691,37.4025441],[126.9255439,37.4038301],[126.9249483,37.4043976],[126.9246315,37.4047519],[126.9243087,37.4051129],[126.9235641,37.4060622],[126.9229659,37.4069559]]},"properties":{"edge_id":"OSM_E_318699997_d3ba568d7a","from_node":"OSM_N3835345602","to_node":"OSM_N13473969088","osm_u":"3835345602","osm_v":"13473969088","osm_key":"0","osm_way_ids":[318699997],"name":"경수대로","length":661.877,"stairs":false,"slope":null,"width":null,"curb_height":null,"surface":"unknown","elevator_required":false,"elevator_status":null,"blocked":false,"block_reason":null,"wheelchair_accessible":null,"accessibility_status":"unknown","source":"osm","accessibility_source":"osm_tags","confidence":0.7,"verified":false,"updated_at":null,"highway":["primary"],"raw_accessibility_tags":{},"crosswalk_samples":[],"approach_ids":[],"demo_editable":false,"feature_type":"edge"}},{"type":"Feature","geometry":{"type":"LineString","coordinates":[[126.9274401,37.4022192],[126.9273219,37.4022572],[126.927204,37.4022879],[126.9271145,37.4023137],[126.9270454,37.4023477],[126.9269475,37.4024033],[126.9260117,37.4032058],[126.924926,37.4042187],[126.9246773,37.4043834],[126.9244123,37.40452],[126.9235277,37.4050111],[126.923468,37.4050475],[126.9223386,37.4057045],[126.9220893,37.405882],[126.9216631,37.4062355]]},"properties":{"edge_id":"OSM_E_380194921_0c3836c32c","from_node":"OSM_N3835345602","to_node":"OSM_N13473969091","osm_u":"3835345602","osm_v":"13473969091","osm_key":"0","osm_way_ids":[380194921],"name":"경수대로1001번길","length":684.131,"stairs":false,"slope":null,"width":null,"curb_height":null,"surface":"unknown","elevator_required":false,"elevator_status":null,"blocked":false,"block_reason":null,"wheelchair_accessible":null,"accessibility_status":"unknown","source":"osm","accessibility_source":"osm_tags","confidence":0.7,"verified":false,"updated_at":null,"highway":["residential"],"raw_accessibility_tags":{},"crosswalk_samples":[],"approach_ids":[],"demo_editable":false,"feature_type":"edge"}},{"type":"Feature","geometry":{"type":"LineString","coordinates":[[126.9275474,37.4021225],[126.9274767,37.4020692],[126.9273295,37.40196]]},"properties":{"edge_id":"OSM_E_380698409_5059255537","from_node":"OSM_N3840227366","to_node":"OSM_N9212534116","osm_u":"3840227366","osm_v":"9212534116","osm_key":"0","osm_way_ids":[380698409],"name":"OSM 보행 구간","length":26.4,"stairs":true,"slope":null,"width":null,"curb_height":null,"surface":"unknown","elevator_required":false,"elevator_status":null,"blocked":false,"block_reason":null,"wheelchair_accessible":false,"accessibility_status":"unknown","source":"osm","accessibility_source":"osm_tags","confidence":0.7,"verified":false,"updated_at":null,"highway":["steps"],"raw_accessibility_tags":{},"crosswalk_samples":[],"approach_ids":[],"demo_editable":false,"feature_type":"edge"}},{"type":"Feature","geometry":{"type":"LineString","coordinates":[[126.9282916,37.4017553],[126.927579,37.4023706]]},"properties":{"edge_id":"OSM_E_318699994_911471cbfa","from_node":"OSM_N3844419606","to_node":"OSM_N6111249701","osm_u":"3844419606","osm_v":"6111249701","osm_key":"0","osm_way_ids":[318699994],"name":"경수대로","length":92.969,"stairs":false,"slope":null,"width":null,"curb_height":null,"surface":"unknown","elevator_required":false,"elevator_status":null,"blocked":false,"block_reason":null,"wheelchair_accessible":null,"accessibility_status":"unknown","source":"osm","accessibility_source":"osm_tags","confidence":0.7,"verified":false,"updated_at":null,"highway":["primary"],"raw_accessibility_tags":{},"crosswalk_samples":[],"approach_ids":[],"demo_editable":false,"feature_type":"edge"}},{"type":"Feature","geometry":{"type":"LineString","coordinates":[[126.9282916,37.4017553],[126.9290181,37.4011319]]},"properties":{"edge_id":"OSM_E_318699994_06bc3d73f0","from_node":"OSM_N3844419606","to_node":"OSM_N9212511358","osm_u":"3844419606","osm_v":"9212511358","osm_key":"0","osm_way_ids":[318699994],"name":"경수대로","length":94.464,"stairs":false,"slope":null,"width":null,"curb_height":null,"surface":"unknown","elevator_required":false,"elevator_status":null,"blocked":false,"block_reason":null,"wheelchair_accessible":null,"accessibility_status":"unknown","source":"osm","accessibility_source":"osm_tags","confidence":0.7,"verified":false,"updated_at":null,"highway":["primary"],"raw_accessibility_tags":{},"crosswalk_samples":[],"approach_ids":[],"demo_editable":false,"feature_type":"edge"}},{"type":"Feature","geometry":{"type":"LineString","coordinates":[[126.9282916,37.4017553],[126.9287709,37.4017764]]},"properties":{"edge_id":"OSM_E_380698412_3c9b499ae5","from_node":"OSM_N3844419606","to_node":"OSM_N8046525086","osm_u":"3844419606","osm_v":"8046525086","osm_key":"0","osm_way_ids":[380698412],"name":"임곡로","length":42.403,"stairs":false,"slope":null,"width":null,"curb_height":null,"surface":"unknown","elevator_required":false,"elevator_status":null,"blocked":false,"block_reason":null,"wheelchair_accessible":null,"accessibility_status":"unknown","source":"osm","accessibility_source":"osm_tags","confidence":0.7,"verified":false,"updated_at":null,"highway":["tertiary"],"raw_accessibility_tags":{},"crosswalk_samples":[],"approach_ids":[],"demo_editable":false,"feature_type":"edge"}},{"type":"Feature","geometry":{"type":"LineString","coordinates":[[126.9325264,37.4001615],[126.9316247,37.3994015]]},"properties":{"edge_id":"OSM_E_381203803_0e352c64cd","from_node":"OSM_N3844419608","to_node":"OSM_N3844419621","osm_u":"3844419608","osm_v":"3844419621","osm_key":"0","osm_way_ids":[381203803],"name":"OSM 보행 구간","length":116.13,"stairs":false,"slope":null,"width":null,"curb_height":null,"surface":"unknown","elevator_required":false,"elevator_status":null,"blocked":false,"block_reason":null,"wheelchair_accessible":null,"accessibility_status":"unknown","source":"osm","accessibility_source":"osm_tags","confidence":0.7,"verified":false,"updated_at":null,"highway":["residential"],"raw_accessibility_tags":{},"crosswalk_samples":[],"approach_ids":[],"demo_editable":false,"feature_type":"edge"}},{"type":"Feature","geometry":{"type":"LineString","coordinates":[[126.9325264,37.4001615],[126.9310147,37.4003816],[126.9308794,37.4004384],[126.9306233,37.400511]]},"properties":{"edge_id":"OSM_E_381203802_8eb77083da","from_node":"OSM_N3844419608","to_node":"OSM_N3844419609","osm_u":"3844419608","osm_v":"3844419609","osm_key":"0","osm_way_ids":[381203802],"name":"비산로","length":173.297,"stairs":false,"slope":null,"width":null,"curb_height":null,"surface":"unknown","elevator_required":false,"elevator_status":null,"blocked":false,"block_reason":null,"wheelchair_accessible":null,"accessibility_status":"unknown","source":"osm","accessibility_source":"osm_tags","confidence":0.7,"verified":false,"updated_at":null,"highway":["residential"],"raw_accessibility_tags":{},"crosswalk_samples":[],"approach_ids":[],"demo_editable":false,"feature_type":"edge"}},{"type":"Feature","geometry":{"type":"LineString","coordinates":[[126.9306233,37.400511],[126.9302599,37.4005766],[126.9295748,37.4006537]]},"properties":{"edge_id":"OSM_E_381203805_292e56ecaa","from_node":"OSM_N3844419609","to_node":"OSM_N3844419623","osm_u":"3844419609","osm_v":"3844419623","osm_key":"0","osm_way_ids":[381203805],"name":"경수대로","length":94.041,"stairs":false,"slope":null,"width":null,"curb_height":null,"surface":"unknown","elevator_required":false,"elevator_status":null,"blocked":false,"block_reason":null,"wheelchair_accessible":null,"accessibility_status":"unknown","source":"osm","accessibility_source":"osm_tags","confidence":0.7,"verified":false,"updated_at":null,"highway":["residential"],"raw_accessibility_tags":{},"crosswalk_samples":[],"approach_ids":[],"demo_editable":false,"feature_type":"edge"}},{"type":"Feature","geometry":{"type":"LineString","coordinates":[[126.9306233,37.400511],[126.930654,37.4006758],[126.9307074,37.4007739],[126.9307918,37.4011197],[126.9308133,37.4011899],[126.930926,37.4013325]]},"properties":{"edge_id":"OSM_E_481148746_bc27551d28","from_node":"OSM_N3844419609","to_node":"OSM_N3844419611","osm_u":"3844419609","osm_v":"3844419611","osm_key":"0","osm_way_ids":[481148746],"name":"비산로","length":96.332,"stairs":false,"slope":null,"width":null,"curb_height":null,"surface":"unknown","elevator_required":false,"elevator_status":null,"blocked":false,"block_reason":null,"wheelchair_accessible":null,"accessibility_status":"unknown","source":"osm","accessibility_source":"osm_tags","confidence":0.7,"verified":false,"updated_at":null,"highway":["residential"],"raw_accessibility_tags":{},"crosswalk_samples":[],"approach_ids":[],"demo_editable":false,"feature_type":"edge"}},{"type":"Feature","geometry":{"type":"LineString","coordinates":[[126.930926,37.4013325],[126.9308462,37.4013902]]},"properties":{"edge_id":"OSM_E_1467935157_6752fd4fa9","from_node":"OSM_N3844419611","to_node":"OSM_N13463603708","osm_u":"3844419611","osm_v":"13463603708","osm_key":"0","osm_way_ids":[1467935157],"name":"OSM 보행 구간","length":9.532,"stairs":false,"slope":null,"width":null,"curb_height":null,"surface":"unknown","elevator_required":false,"elevator_status":null,"blocked":false,"block_reason":null,"wheelchair_accessible":null,"accessibility_status":"unknown","source":"osm","accessibility_source":"osm_tags","confidence":0.7,"verified":false,"updated_at":null,"highway":["service"],"raw_accessibility_tags":{},"crosswalk_samples":[],"approach_ids":[],"demo_editable":false,"feature_type":"edge"}},{"type":"Feature","geometry":{"type":"LineString","coordinates":[[126.930926,37.4013325],[126.9310864,37.4014594],[126.9311276,37.4014755]]},"properties":{"edge_id":"OSM_E_481148746_8492f47ef5","from_node":"OSM_N3844419611","to_node":"OSM_N13463603724","osm_u":"3844419611","osm_v":"13463603724","osm_key":"0","osm_way_ids":[481148746],"name":"비산로","length":24.052,"stairs":false,"slope":null,"width":null,"curb_height":null,"surface":"unknown","elevator_required":false,"elevator_status":null,"blocked":false,"block_reason":null,"wheelchair_accessible":null,"accessibility_status":"unknown","source":"osm","accessibility_source":"osm_tags","confidence":0.7,"verified":false,"updated_at":null,"highway":["residential"],"raw_accessibility_tags":{},"crosswalk_samples":[],"approach_ids":[],"demo_editable":false,"feature_type":"edge"}},{"type":"Feature","geometry":{"type":"LineString","coordinates":[[126.9295748,37.4006537],[126.9290181,37.4011319]]},"properties":{"edge_id":"OSM_E_318699994_17e31cb39b","from_node":"OSM_N3844419623","to_node":"OSM_N9212511358","osm_u":"3844419623","osm_v":"9212511358","osm_key":"0","osm_way_ids":[318699994],"name":"경수대로","length":72.427,"stairs":false,"slope":null,"width":null,"curb_height":null,"surface":"unknown","elevator_required":false,"elevator_status":null,"blocked":false,"block_reason":null,"wheelchair_accessible":null,"accessibility_status":"unknown","source":"osm","accessibility_source":"osm_tags","confidence":0.7,"verified":false,"updated_at":null,"highway":["primary"],"raw_accessibility_tags":{},"crosswalk_samples":[],"approach_ids":[],"demo_editable":false,"feature_type":"edge"}},{"type":"Feature","geometry":{"type":"LineString","coordinates":[[126.9319914,37.3977216],[126.9318052,37.3979332]]},"properties":{"edge_id":"OSM_E_472055677_0b10159498","from_node":"OSM_N4631142940","to_node":"OSM_N4660798780","osm_u":"4631142940","osm_v":"4660798780","osm_key":"0","osm_way_ids":[472055677],"name":"관악대로69번길","length":28.708,"stairs":false,"slope":null,"width":null,"curb_height":null,"surface":"unknown","elevator_required":false,"elevator_status":null,"blocked":false,"block_reason":null,"wheelchair_accessible":null,"accessibility_status":"unknown","source":"osm","accessibility_source":"osm_tags","confidence":0.7,"verified":false,"updated_at":null,"highway":["service"],"raw_accessibility_tags":{},"crosswalk_samples":[],"approach_ids":[],"demo_editable":false,"feature_type":"edge"}},{"type":"Feature","geometry":{"type":"LineString","coordinates":[[126.9237699,37.4011795],[126.9243069,37.4014872]]},"properties":{"edge_id":"OSM_E_469912229_b2a08d315e","from_node":"OSM_N4641716963","to_node":"OSM_N4641716985","osm_u":"4641716963","osm_v":"4641716985","osm_key":"0","osm_way_ids":[469912229],"name":"OSM 보행 구간","length":58.487,"stairs":false,"slope":null,"width":null,"curb_height":null,"surface":"unknown","elevator_required":false,"elevator_status":null,"blocked":false,"block_reason":null,"wheelchair_accessible":null,"accessibility_status":"unknown","source":"osm","accessibility_source":"osm_tags","confidence":0.7,"verified":false,"updated_at":null,"highway":["residential"],"raw_accessibility_tags":{},"crosswalk_samples":[],"approach_ids":[],"demo_editable":false,"feature_type":"edge"}},{"type":"Feature","geometry":{"type":"LineString","coordinates":[[126.9237699,37.4011795],[126.9237004,37.4012578],[126.9227919,37.4023904]]},"properties":{"edge_id":"OSM_E_589960556_92626e3562","from_node":"OSM_N4641716963","to_node":"OSM_N8974707420","osm_u":"4641716963","osm_v":"8974707420","osm_key":"0","osm_way_ids":[589960556],"name":"태평로","length":159.988,"stairs":false,"slope":null,"width":null,"curb_height":null,"surface":"unknown","elevator_required":false,"elevator_status":null,"blocked":false,"block_reason":null,"wheelchair_accessible":null,"accessibility_status":"unknown","source":"osm","accessibility_source":"osm_tags","confidence":0.7,"verified":false,"updated_at":null,"highway":["residential"],"raw_accessibility_tags":{},"crosswalk_samples":["CW05","CW08","CW10"],"approach_ids":["CW05-A","CW05-B","CW08-A","CW08-B","CW10-A","CW10-B"],"demo_editable":false,"feature_type":"edge"}},{"type":"Feature","geometry":{"type":"LineString","coordinates":[[126.9255711,37.4021786],[126.9254158,37.4023112]]},"properties":{"edge_id":"OSM_E_60819380_0d2bedb788","from_node":"OSM_N4641716964","to_node":"OSM_N9219084721","osm_u":"4641716964","osm_v":"9219084721","osm_key":"0","osm_way_ids":[60819380],"name":"안양천서로","length":20.139,"stairs":false,"slope":null,"width":null,"curb_height":null,"surface":"unknown","elevator_required":false,"elevator_status":null,"blocked":false,"block_reason":null,"wheelchair_accessible":null,"accessibility_status":"unknown","source":"osm","accessibility_source":"osm_tags","confidence":0.7,"verified":false,"updated_at":null,"highway":["tertiary"],"raw_accessibility_tags":{},"crosswalk_samples":[],"approach_ids":[],"demo_editable":false,"feature_type":"edge"}},{"type":"Feature","geometry":{"type":"LineString","coordinates":[[126.9255711,37.4021786],[126.9251532,37.4019466],[126.9249133,37.4018164],[126.9247738,37.4017407]]},"properties":{"edge_id":"OSM_E_469912229_b5acb42ac1","from_node":"OSM_N4641716964","to_node":"OSM_N8974707434","osm_u":"4641716964","osm_v":"8974707434","osm_key":"0","osm_way_ids":[469912229],"name":"OSM 보행 구간","length":85.622,"stairs":false,"slope":null,"width":null,"curb_height":null,"surface":"unknown","elevator_required":false,"elevator_status":null,"blocked":false,"block_reason":null,"wheelchair_accessible":null,"accessibility_status":"unknown","source":"osm","accessibility_source":"osm_tags","confidence":0.7,"verified":false,"updated_at":null,"highway":["residential"],"raw_accessibility_tags":{},"crosswalk_samples":[],"approach_ids":[],"demo_editable":false,"feature_type":"edge"}},{"type":"Feature","geometry":{"type":"LineString","coordinates":[[126.9247202,37.4017116],[126.9247738,37.4017407]]},"properties":{"edge_id":"OSM_E_469912229_b5de858b2d","from_node":"OSM_N4641716965","to_node":"OSM_N8974707434","osm_u":"4641716965","osm_v":"8974707434","osm_key":"0","osm_way_ids":[469912229],"name":"OSM 보행 구간","length":5.735,"stairs":false,"slope":null,"width":null,"curb_height":null,"surface":"unknown","elevator_required":false,"elevator_status":null,"blocked":false,"block_reason":null,"wheelchair_accessible":null,"accessibility_status":"unknown","source":"osm","accessibility_source":"osm_tags","confidence":0.7,"verified":false,"updated_at":null,"highway":["residential"],"raw_accessibility_tags":{},"crosswalk_samples":[],"approach_ids":[],"demo_editable":false,"feature_type":"edge"}},{"type":"Feature","geometry":{"type":"LineString","coordinates":[[126.9247202,37.4017116],[126.9245668,37.4016283]]},"properties":{"edge_id":"OSM_E_469912229_b119f0c048","from_node":"OSM_N4641716965","to_node":"OSM_N8974707429","osm_u":"4641716965","osm_v":"8974707429","osm_key":"0","osm_way_ids":[469912229],"name":"OSM 보행 구간","length":16.414,"stairs":false,"slope":null,"width":null,"curb_height":null,"surface":"unknown","elevator_required":false,"elevator_status":null,"blocked":false,"block_reason":null,"wheelchair_accessible":null,"accessibility_status":"unknown","source":"osm","accessibility_source":"osm_tags","confidence":0.7,"verified":false,"updated_at":null,"highway":["residential"],"raw_accessibility_tags":{},"crosswalk_samples":[],"approach_ids":[],"demo_editable":false,"feature_type":"edge"}},{"type":"Feature","geometry":{"type":"LineString","coordinates":[[126.9247202,37.4017116],[126.924421,37.4019891],[126.9244102,37.4019992]]},"properties":{"edge_id":"OSM_E_469912230_084e034f5a","from_node":"OSM_N4641716965","to_node":"OSM_N8974707390","osm_u":"4641716965","osm_v":"8974707390","osm_key":"0","osm_way_ids":[469912230],"name":"OSM 보행 구간","length":42.102,"stairs":false,"slope":null,"width":null,"curb_height":null,"surface":"unknown","elevator_required":false,"elevator_status":null,"blocked":false,"block_reason":null,"wheelchair_accessible":null,"accessibility_status":"unknown","source":"osm","accessibility_source":"osm_tags","confidence":0.7,"verified":false,"updated_at":null,"highway":["residential"],"raw_accessibility_tags":{},"crosswalk_samples":[],"approach_ids":[],"demo_editable":false,"feature_type":"edge"}},{"type":"Feature","geometry":{"type":"LineString","coordinates":[[126.92359,37.4027904],[126.9233286,37.40304]]},"properties":{"edge_id":"OSM_E_469912230_0ef8ba0a67","from_node":"OSM_N4641716967","to_node":"OSM_N8974707408","osm_u":"4641716967","osm_v":"8974707408","osm_key":"0","osm_way_ids":[469912230],"name":"OSM 보행 구간","length":36.103,"stairs":false,"slope":null,"width":null,"curb_height":null,"surface":"unknown","elevator_required":false,"elevator_status":null,"blocked":false,"block_reason":null,"wheelchair_accessible":null,"accessibility_status":"unknown","source":"osm","accessibility_source":"osm_tags","confidence":0.7,"verified":false,"updated_at":null,"highway":["residential"],"raw_accessibility_tags":{},"crosswalk_samples":[],"approach_ids":[],"demo_editable":false,"feature_type":"edge"}},{"type":"Feature","geometry":{"type":"LineString","coordinates":[[126.92359,37.4027904],[126.9237843,37.402605]]},"properties":{"edge_id":"OSM_E_469912230_804c1372ea","from_node":"OSM_N4641716967","to_node":"OSM_N4641716976","osm_u":"4641716967","osm_v":"4641716976","osm_key":"0","osm_way_ids":[469912230],"name":"OSM 보행 구간","length":26.825,"stairs":false,"slope":null,"width":null,"curb_height":null,"surface":"unknown","elevator_required":false,"elevator_status":null,"blocked":false,"block_reason":null,"wheelchair_accessible":null,"accessibility_status":"unknown","source":"osm","accessibility_source":"osm_tags","confidence":0.7,"verified":false,"updated_at":null,"highway":["residential"],"raw_accessibility_tags":{},"crosswalk_samples":[],"approach_ids":[],"demo_editable":false,"feature_type":"edge"}},{"type":"Feature","geometry":{"type":"LineString","coordinates":[[126.92359,37.4027904],[126.9237441,37.4028746]]},"properties":{"edge_id":"OSM_E_469912232_9248566176","from_node":"OSM_N4641716967","to_node":"OSM_N4641716975","osm_u":"4641716967","osm_v":"4641716975","osm_key":"0","osm_way_ids":[469912232],"name":"OSM 보행 구간","length":16.521,"stairs":false,"slope":null,"width":null,"curb_height":null,"surface":"unknown","elevator_required":false,"elevator_status":null,"blocked":false,"block_reason":null,"wheelchair_accessible":null,"accessibility_status":"unknown","source":"osm","accessibility_source":"osm_tags","confidence":0.7,"verified":false,"updated_at":null,"highway":["residential"],"raw_accessibility_tags":{},"crosswalk_samples":[],"approach_ids":[],"demo_editable":false,"feature_type":"edge"}},{"type":"Feature","geometry":{"type":"LineString","coordinates":[[126.92359,37.4027904],[126.9232067,37.4025983]]},"properties":{"edge_id":"OSM_E_969817610_b923ff8cff","from_node":"OSM_N4641716967","to_node":"OSM_N8974707421","osm_u":"4641716967","osm_v":"8974707421","osm_key":"0","osm_way_ids":[969817610],"name":"OSM 보행 구간","length":40.033,"stairs":false,"slope":null,"width":null,"curb_height":null,"surface":"unknown","elevator_required":false,"elevator_status":null,"blocked":false,"block_reason":null,"wheelchair_accessible":null,"accessibility_status":"unknown","source":"osm","accessibility_source":"osm_tags","confidence":0.7,"verified":false,"updated_at":null,"highway":["residential"],"raw_accessibility_tags":{},"crosswalk_samples":[],"approach_ids":[],"demo_editable":false,"feature_type":"edge"}},{"type":"Feature","geometry":{"type":"LineString","coordinates":[[126.9234845,37.403131],[126.9235731,37.4030435]]},"properties":{"edge_id":"OSM_E_469912232_c5de905252","from_node":"OSM_N4641716974","to_node":"OSM_N8974707410","osm_u":"4641716974","osm_v":"8974707410","osm_key":"0","osm_way_ids":[469912232],"name":"OSM 보행 구간","length":12.487,"stairs":false,"slope":null,"width":null,"curb_height":null,"surface":"unknown","elevator_required":false,"elevator_status":null,"blocked":false,"block_reason":null,"wheelchair_accessible":null,"accessibility_status":"unknown","source":"osm","accessibility_source":"osm_tags","confidence":0.7,"verified":false,"updated_at":null,"highway":["residential"],"raw_accessibility_tags":{},"crosswalk_samples":[],"approach_ids":[],"demo_editable":false,"feature_type":"edge"}},{"type":"Feature","geometry":{"type":"LineString","coordinates":[[126.9234845,37.403131],[126.9233286,37.40304]]},"properties":{"edge_id":"OSM_E_969817605_cc7189d9fd","from_node":"OSM_N4641716974","to_node":"OSM_N8974707408","osm_u":"4641716974","osm_v":"8974707408","osm_key":"0","osm_way_ids":[969817605],"name":"OSM 보행 구간","length":17.089,"stairs":false,"slope":null,"width":null,"curb_height":null,"surface":"unknown","elevator_required":false,"elevator_status":null,"blocked":false,"block_reason":null,"wheelchair_accessible":null,"accessibility_status":"unknown","source":"osm","accessibility_source":"osm_tags","confidence":0.7,"verified":false,"updated_at":null,"highway":["residential"],"raw_accessibility_tags":{},"crosswalk_samples":[],"approach_ids":[],"demo_editable":false,"feature_type":"edge"}},{"type":"Feature","geometry":{"type":"LineString","coordinates":[[126.9234845,37.403131],[126.9236644,37.403246],[126.923754,37.4031575]]},"properties":{"edge_id":"OSM_E_469912232_79d2715372","from_node":"OSM_N4641716974","to_node":"OSM_N8974707411","osm_u":"4641716974","osm_v":"8974707411","osm_key":"0","osm_way_ids":[469912232],"name":"OSM 보행 구간","length":33.025,"stairs":false,"slope":null,"width":null,"curb_height":null,"surface":"unknown","elevator_required":false,"elevator_status":null,"blocked":false,"block_reason":null,"wheelchair_accessible":null,"accessibility_status":"unknown","source":"osm","accessibility_source":"osm_tags","confidence":0.7,"verified":false,"updated_at":null,"highway":["residential"],"raw_accessibility_tags":{},"crosswalk_samples":[],"approach_ids":[],"demo_editable":false,"feature_type":"edge"}},{"type":"Feature","geometry":{"type":"LineString","coordinates":[[126.9237441,37.4028746],[126.9235731,37.4030435]]},"properties":{"edge_id":"OSM_E_469912232_40c3f79080","from_node":"OSM_N4641716975","to_node":"OSM_N8974707410","osm_u":"4641716975","osm_v":"8974707410","osm_key":"0","osm_way_ids":[469912232],"name":"OSM 보행 구간","length":24.101,"stairs":false,"slope":null,"width":null,"curb_height":null,"surface":"unknown","elevator_required":false,"elevator_status":null,"blocked":false,"block_reason":null,"wheelchair_accessible":null,"accessibility_status":"unknown","source":"osm","accessibility_source":"osm_tags","confidence":0.7,"verified":false,"updated_at":null,"highway":["residential"],"raw_accessibility_tags":{},"crosswalk_samples":[],"approach_ids":[],"demo_editable":false,"feature_type":"edge"}},{"type":"Feature","geometry":{"type":"LineString","coordinates":[[126.9237441,37.4028746],[126.9239153,37.4029982],[126.923754,37.4031575]]},"properties":{"edge_id":"OSM_E_469912232_ba4fbe80ed","from_node":"OSM_N4641716975","to_node":"OSM_N8974707411","osm_u":"4641716975","osm_v":"8974707411","osm_key":"0","osm_way_ids":[469912232],"name":"OSM 보행 구간","length":43.167,"stairs":false,"slope":null,"width":null,"curb_height":null,"surface":"unknown","elevator_required":false,"elevator_status":null,"blocked":false,"block_reason":null,"wheelchair_accessible":null,"accessibility_status":"unknown","source":"osm","accessibility_source":"osm_tags","confidence":0.7,"verified":false,"updated_at":null,"highway":["residential"],"raw_accessibility_tags":{},"crosswalk_samples":[],"approach_ids":[],"demo_editable":false,"feature_type":"edge"}},{"type":"Feature","geometry":{"type":"LineString","coordinates":[[126.9237843,37.402605],[126.9238892,37.4025007]]},"properties":{"edge_id":"OSM_E_469912230_a6106b2fe5","from_node":"OSM_N4641716976","to_node":"OSM_N8974707401","osm_u":"4641716976","osm_v":"8974707401","osm_key":"0","osm_way_ids":[469912230],"name":"OSM 보행 구간","length":14.845,"stairs":false,"slope":null,"width":null,"curb_height":null,"surface":"unknown","elevator_required":false,"elevator_status":null,"blocked":false,"block_reason":null,"wheelchair_accessible":null,"accessibility_status":"unknown","source":"osm","accessibility_source":"osm_tags","confidence":0.7,"verified":false,"updated_at":null,"highway":["residential"],"raw_accessibility_tags":{},"crosswalk_samples":[],"approach_ids":[],"demo_editable":false,"feature_type":"edge"}},{"type":"Feature","geometry":{"type":"LineString","coordinates":[[126.9237843,37.402605],[126.9234039,37.4023369]]},"properties":{"edge_id":"OSM_E_469912233_4ab34530e8","from_node":"OSM_N4641716976","to_node":"OSM_N4641716980","osm_u":"4641716976","osm_v":"4641716980","osm_key":"0","osm_way_ids":[469912233],"name":"OSM 보행 구간","length":44.92,"stairs":false,"slope":null,"width":null,"curb_height":null,"surface":"unknown","elevator_required":false,"elevator_status":null,"blocked":false,"block_reason":null,"wheelchair_accessible":null,"accessibility_status":"unknown","source":"osm","accessibility_source":"osm_tags","confidence":0.7,"verified":false,"updated_at":null,"highway":["residential"],"raw_accessibility_tags":{},"crosswalk_samples":[],"approach_ids":[],"demo_editable":false,"feature_type":"edge"}},{"type":"Feature","geometry":{"type":"LineString","coordinates":[[126.9234039,37.4023369],[126.9231819,37.4022125],[126.9234403,37.4018993],[126.9236637,37.4020301],[126.9234039,37.4023369]]},"properties":{"edge_id":"OSM_E_469912233_d8baa4eae8","from_node":"OSM_N4641716980","to_node":"OSM_N4641716980","osm_u":"4641716980","osm_v":"4641716980","osm_key":"0","osm_way_ids":[469912233],"name":"OSM 보행 구간","length":131.267,"stairs":false,"slope":null,"width":null,"curb_height":null,"surface":"unknown","elevator_required":false,"elevator_status":null,"blocked":false,"block_reason":null,"wheelchair_accessible":null,"accessibility_status":"unknown","source":"osm","accessibility_source":"osm_tags","confidence":0.7,"verified":false,"updated_at":null,"highway":["residential"],"raw_accessibility_tags":{},"crosswalk_samples":[],"approach_ids":[],"demo_editable":false,"feature_type":"edge"}},{"type":"Feature","geometry":{"type":"LineString","coordinates":[[126.9243069,37.4014872],[126.9245668,37.4016283]]},"properties":{"edge_id":"OSM_E_469912229_8e17621d08","from_node":"OSM_N4641716985","to_node":"OSM_N8974707429","osm_u":"4641716985","osm_v":"8974707429","osm_key":"0","osm_way_ids":[469912229],"name":"OSM 보행 구간","length":27.807,"stairs":false,"slope":null,"width":null,"curb_height":null,"surface":"unknown","elevator_required":false,"elevator_status":null,"blocked":false,"block_reason":null,"wheelchair_accessible":null,"accessibility_status":"unknown","source":"osm","accessibility_source":"osm_tags","confidence":0.7,"verified":false,"updated_at":null,"highway":["residential"],"raw_accessibility_tags":{},"crosswalk_samples":[],"approach_ids":[],"demo_editable":false,"feature_type":"edge"}},{"type":"Feature","geometry":{"type":"LineString","coordinates":[[126.9243069,37.4014872],[126.9240116,37.4017995],[126.9237724,37.4016798]]},"properties":{"edge_id":"OSM_E_469912235_edc1f8bead","from_node":"OSM_N4641716985","to_node":"OSM_N4641718290","osm_u":"4641716985","osm_v":"4641718290","osm_key":"0","osm_way_ids":[469912235],"name":"OSM 보행 구간","length":68.404,"stairs":false,"slope":null,"width":null,"curb_height":null,"surface":"unknown","elevator_required":false,"elevator_status":null,"blocked":false,"block_reason":null,"wheelchair_accessible":null,"accessibility_status":"unknown","source":"osm","accessibility_source":"osm_tags","confidence":0.7,"verified":false,"updated_at":null,"highway":["residential"],"raw_accessibility_tags":{},"crosswalk_samples":[],"approach_ids":[],"demo_editable":false,"feature_type":"edge"}},{"type":"Feature","geometry":{"type":"LineString","coordinates":[[126.9237724,37.4016798],[126.9236451,37.4016102],[126.9238216,37.401405],[126.9239539,37.4014815],[126.9237724,37.4016798]]},"properties":{"edge_id":"OSM_E_469912235_b11df4e46f","from_node":"OSM_N4641718290","to_node":"OSM_N4641718290","osm_u":"4641718290","osm_v":"4641718290","osm_key":"0","osm_way_ids":[469912235],"name":"OSM 보행 구간","length":83.003,"stairs":false,"slope":null,"width":null,"curb_height":null,"surface":"unknown","elevator_required":false,"elevator_status":null,"blocked":false,"block_reason":null,"wheelchair_accessible":null,"accessibility_status":"unknown","source":"osm","accessibility_source":"osm_tags","confidence":0.7,"verified":false,"updated_at":null,"highway":["residential"],"raw_accessibility_tags":{},"crosswalk_samples":[],"approach_ids":[],"demo_editable":false,"feature_type":"edge"}},{"type":"Feature","geometry":{"type":"LineString","coordinates":[[126.9291839,37.3953067],[126.9298844,37.3947483]]},"properties":{"edge_id":"OSM_E_318699979_e55b14903a","from_node":"OSM_N4659395625","to_node":"OSM_N12152881347","osm_u":"4659395625","osm_v":"12152881347","osm_key":"0","osm_way_ids":[318699979],"name":"태평로","length":87.663,"stairs":false,"slope":null,"width":null,"curb_height":null,"surface":"unknown","elevator_required":false,"elevator_status":null,"blocked":false,"block_reason":null,"wheelchair_accessible":null,"accessibility_status":"unknown","source":"osm","accessibility_source":"osm_tags","confidence":0.7,"verified":false,"updated_at":null,"highway":["tertiary"],"raw_accessibility_tags":{},"crosswalk_samples":[],"approach_ids":[],"demo_editable":false,"feature_type":"edge"}},{"type":"Feature","geometry":{"type":"LineString","coordinates":[[126.9291839,37.3953067],[126.9294898,37.3955565],[126.9296275,37.3956689],[126.9299025,37.3958934]]},"properties":{"edge_id":"OSM_E_475755505_eac146f9af","from_node":"OSM_N4659395625","to_node":"OSM_N4659395626","osm_u":"4659395625","osm_v":"4659395626","osm_key":"0","osm_way_ids":[475755505],"name":"태평로60번길","length":91.027,"stairs":false,"slope":null,"width":null,"curb_height":null,"surface":"unknown","elevator_required":false,"elevator_status":null,"blocked":false,"block_reason":null,"wheelchair_accessible":null,"accessibility_status":"unknown","source":"osm","accessibility_source":"osm_tags","confidence":0.7,"verified":false,"updated_at":null,"highway":["residential"],"raw_accessibility_tags":{},"crosswalk_samples":[],"approach_ids":[],"demo_editable":false,"feature_type":"edge"}},{"type":"Feature","geometry":{"type":"LineString","coordinates":[[126.9299025,37.3958934],[126.9300755,37.3957663],[126.9300886,37.3957566]]},"properties":{"edge_id":"OSM_E_318699969_2e6be615d4","from_node":"OSM_N4659395626","to_node":"OSM_N8603117535","osm_u":"4659395626","osm_v":"8603117535","osm_key":"0","osm_way_ids":[318699969],"name":"OSM 보행 구간","length":22.398,"stairs":false,"slope":null,"width":null,"curb_height":null,"surface":"unknown","elevator_required":false,"elevator_status":null,"blocked":false,"block_reason":null,"wheelchair_accessible":null,"accessibility_status":"unknown","source":"osm","accessibility_source":"osm_tags","confidence":0.7,"verified":false,"updated_at":null,"highway":["residential"],"raw_accessibility_tags":{},"crosswalk_samples":[],"approach_ids":[],"demo_editable":false,"feature_type":"edge"}},{"type":"Feature","geometry":{"type":"LineString","coordinates":[[126.9299025,37.3958934],[126.930225,37.3961562],[126.9302676,37.3961909]]},"properties":{"edge_id":"OSM_E_475755505_296e4d4c7c","from_node":"OSM_N4659395626","to_node":"OSM_N9216482313","osm_u":"4659395626","osm_v":"9216482313","osm_key":"0","osm_way_ids":[475755505],"name":"태평로60번길","length":46.201,"stairs":false,"slope":null,"width":null,"curb_height":null,"surface":"unknown","elevator_required":false,"elevator_status":null,"blocked":false,"block_reason":null,"wheelchair_accessible":null,"accessibility_status":"unknown","source":"osm","accessibility_source":"osm_tags","confidence":0.7,"verified":false,"updated_at":null,"highway":["residential"],"raw_accessibility_tags":{},"crosswalk_samples":[],"approach_ids":[],"demo_editable":false,"feature_type":"edge"}},{"type":"Feature","geometry":{"type":"LineString","coordinates":[[126.9310145,37.3988781],[126.9313716,37.3991757]]},"properties":{"edge_id":"OSM_E_471928256_767ea72f33","from_node":"OSM_N4660771197","to_node":"OSM_N4660771198","osm_u":"4660771197","osm_v":"4660771198","osm_key":"0","osm_way_ids":[471928256],"name":"OSM 보행 구간","length":45.718,"stairs":false,"slope":null,"width":null,"curb_height":null,"surface":"unknown","elevator_required":false,"elevator_status":null,"blocked":false,"block_reason":null,"wheelchair_accessible":null,"accessibility_status":"unknown","source":"osm","accessibility_source":"osm_tags","confidence":0.7,"verified":false,"updated_at":null,"highway":["residential"],"raw_accessibility_tags":{},"crosswalk_samples":[],"approach_ids":[],"demo_editable":false,"feature_type":"edge"}},{"type":"Feature","geometry":{"type":"LineString","coordinates":[[126.9310145,37.3988781],[126.930825,37.3987886]]},"properties":{"edge_id":"OSM_E_471932226_423d66525d","from_node":"OSM_N4660771197","to_node":"OSM_N4660798778","osm_u":"4660771197","osm_v":"4660798778","osm_key":"0","osm_way_ids":[471932226],"name":"OSM 보행 구간","length":19.475,"stairs":true,"slope":null,"width":null,"curb_height":null,"surface":"unknown","elevator_required":false,"elevator_status":null,"blocked":false,"block_reason":null,"wheelchair_accessible":false,"accessibility_status":"unknown","source":"osm","accessibility_source":"osm_tags","confidence":0.7,"verified":false,"updated_at":null,"highway":["steps"],"raw_accessibility_tags":{},"crosswalk_samples":[],"approach_ids":[],"demo_editable":false,"feature_type":"edge"}},{"type":"Feature","geometry":{"type":"LineString","coordinates":[[126.9310145,37.3988781],[126.93073,37.3991782]]},"properties":{"edge_id":"OSM_E_472055677_bbae52af22","from_node":"OSM_N4660771197","to_node":"OSM_N4662972455","osm_u":"4660771197","osm_v":"4662972455","osm_key":"0","osm_way_ids":[472055677],"name":"관악대로69번길","length":41.775,"stairs":false,"slope":null,"width":null,"curb_height":null,"surface":"unknown","elevator_required":false,"elevator_status":null,"blocked":false,"block_reason":null,"wheelchair_accessible":null,"accessibility_status":"unknown","source":"osm","accessibility_source":"osm_tags","confidence":0.7,"verified":false,"updated_at":null,"highway":["service"],"raw_accessibility_tags":{},"crosswalk_samples":[],"approach_ids":[],"demo_editable":false,"feature_type":"edge"}},{"type":"Feature","geometry":{"type":"LineString","coordinates":[[126.9310145,37.3988781],[126.9317566,37.3979877],[126.9318052,37.3979332]]},"properties":{"edge_id":"OSM_E_472055677_1b0ff8ab2b","from_node":"OSM_N4660771197","to_node":"OSM_N4660798780","osm_u":"4660771197","osm_v":"4660798780","osm_key":"0","osm_way_ids":[472055677],"name":"관악대로69번길","length":126.17,"stairs":false,"slope":null,"width":null,"curb_height":null,"surface":"unknown","elevator_required":false,"elevator_status":null,"blocked":false,"block_reason":null,"wheelchair_accessible":null,"accessibility_status":"unknown","source":"osm","accessibility_source":"osm_tags","confidence":0.7,"verified":false,"updated_at":null,"highway":["service"],"raw_accessibility_tags":{},"crosswalk_samples":[],"approach_ids":[],"demo_editable":false,"feature_type":"edge"}},{"type":"Feature","geometry":{"type":"LineString","coordinates":[[126.9313716,37.3991757],[126.9309301,37.3993865]]},"properties":{"edge_id":"OSM_E_318699968_7260adf7e3","from_node":"OSM_N4660771198","to_node":"OSM_N4662972456","osm_u":"4660771198","osm_v":"4662972456","osm_key":"0","osm_way_ids":[318699968],"name":"OSM 보행 구간","length":45.502,"stairs":false,"slope":null,"width":null,"curb_height":null,"surface":"unknown","elevator_required":false,"elevator_status":null,"blocked":false,"block_reason":null,"wheelchair_accessible":null,"accessibility_status":"unknown","source":"osm","accessibility_source":"osm_tags","confidence":0.7,"verified":false,"updated_at":null,"highway":["primary_link"],"raw_accessibility_tags":{},"crosswalk_samples":[],"approach_ids":[],"demo_editable":false,"feature_type":"edge"}},{"type":"Feature","geometry":{"type":"LineString","coordinates":[[126.9304173,37.399691],[126.930673,37.3995308],[126.9309301,37.3993865]]},"properties":{"edge_id":"OSM_E_318699968_dd5a8c0958","from_node":"OSM_N4662952253","to_node":"OSM_N4662972456","osm_u":"4662952253","osm_v":"4662972456","osm_key":"0","osm_way_ids":[318699968],"name":"OSM 보행 구간","length":56.574,"stairs":false,"slope":null,"width":null,"curb_height":null,"surface":"unknown","elevator_required":false,"elevator_status":null,"blocked":false,"block_reason":null,"wheelchair_accessible":null,"accessibility_status":"unknown","source":"osm","accessibility_source":"osm_tags","confidence":0.7,"verified":false,"updated_at":null,"highway":["primary_link"],"raw_accessibility_tags":{},"crosswalk_samples":[],"approach_ids":[],"demo_editable":false,"feature_type":"edge"}},{"type":"Feature","geometry":{"type":"LineString","coordinates":[[126.9304173,37.399691],[126.9304054,37.3995006],[126.93073,37.3991782]]},"properties":{"edge_id":"OSM_E_472055677_3b652036f4","from_node":"OSM_N4662952253","to_node":"OSM_N4662972455","osm_u":"4662952253","osm_v":"4662972455","osm_key":"0","osm_way_ids":[472055677],"name":"관악대로69번길","length":67.104,"stairs":false,"slope":null,"width":null,"curb_height":null,"surface":"unknown","elevator_required":false,"elevator_status":null,"blocked":false,"block_reason":null,"wheelchair_accessible":null,"accessibility_status":"unknown","source":"osm","accessibility_source":"osm_tags","confidence":0.7,"verified":false,"updated_at":null,"highway":["service"],"raw_accessibility_tags":{},"crosswalk_samples":[],"approach_ids":[],"demo_editable":false,"feature_type":"edge"}},{"type":"Feature","geometry":{"type":"LineString","coordinates":[[126.93073,37.3991782],[126.9309301,37.3993865]]},"properties":{"edge_id":"OSM_E_472057866_c79d935086","from_node":"OSM_N4662972455","to_node":"OSM_N4662972456","osm_u":"4662972455","osm_v":"4662972456","osm_key":"0","osm_way_ids":[472057866],"name":"OSM 보행 구간","length":29.136,"stairs":false,"slope":null,"width":null,"curb_height":null,"surface":"unknown","elevator_required":false,"elevator_status":null,"blocked":false,"block_reason":null,"wheelchair_accessible":null,"accessibility_status":"unknown","source":"osm","accessibility_source":"osm_tags","confidence":0.7,"verified":false,"updated_at":null,"highway":["residential"],"raw_accessibility_tags":{},"crosswalk_samples":[],"approach_ids":[],"demo_editable":false,"feature_type":"edge"}},{"type":"Feature","geometry":{"type":"LineString","coordinates":[[126.9279936,37.395624],[126.9284301,37.3958533]]},"properties":{"edge_id":"OSM_E_318700000_3a42ad78af","from_node":"OSM_N4670074436","to_node":"OSM_N9212507179","osm_u":"4670074436","osm_v":"9212507179","osm_key":"0","osm_way_ids":[318700000],"name":"비산고가교","length":46.228,"stairs":false,"slope":null,"width":null,"curb_height":null,"surface":"asphalt","elevator_required":false,"elevator_status":null,"blocked":false,"block_reason":null,"wheelchair_accessible":null,"accessibility_status":"unknown","source":"osm","accessibility_source":"osm_tags","confidence":0.7,"verified":false,"updated_at":null,"highway":["tertiary"],"raw_accessibility_tags":{},"crosswalk_samples":[],"approach_ids":[],"demo_editable":false,"feature_type":"edge"}},{"type":"Feature","geometry":{"type":"LineString","coordinates":[[126.9279936,37.395624],[126.9280531,37.3955805]]},"properties":{"edge_id":"OSM_E_997743010_baf56641cd","from_node":"OSM_N4670074436","to_node":"OSM_N9212507162","osm_u":"4670074436","osm_v":"9212507162","osm_key":"0","osm_way_ids":[997743010],"name":"OSM 보행 구간","length":7.143,"stairs":false,"slope":null,"width":null,"curb_height":null,"surface":"unknown","elevator_required":false,"elevator_status":null,"blocked":false,"block_reason":null,"wheelchair_accessible":null,"accessibility_status":"unknown","source":"osm","accessibility_source":"osm_tags","confidence":0.7,"verified":false,"updated_at":null,"highway":["path"],"raw_accessibility_tags":{},"crosswalk_samples":[],"approach_ids":[],"demo_editable":false,"feature_type":"edge"}},{"type":"Feature","geometry":{"type":"LineString","coordinates":[[126.9279936,37.395624],[126.9277201,37.3954727],[126.927361,37.3952802],[126.9272646,37.3952251]]},"properties":{"edge_id":"OSM_E_286266781-318700000_626751739b","from_node":"OSM_N4670074436","to_node":"OSM_N9212507169","osm_u":"4670074436","osm_v":"9212507169","osm_key":"0","osm_way_ids":[286266781,318700000],"name":"비산고가교","length":78.202,"stairs":false,"slope":null,"width":null,"curb_height":null,"surface":"asphalt","elevator_required":false,"elevator_status":null,"blocked":false,"block_reason":null,"wheelchair_accessible":null,"accessibility_status":"unknown","source":"osm","accessibility_source":"osm_tags","confidence":0.7,"verified":false,"updated_at":null,"highway":["tertiary"],"raw_accessibility_tags":{},"crosswalk_samples":[],"approach_ids":[],"demo_editable":false,"feature_type":"edge"}},{"type":"Feature","geometry":{"type":"LineString","coordinates":[[126.9279936,37.395624],[126.9278803,37.3957048],[126.927846,37.3956352]]},"properties":{"edge_id":"OSM_E_997743011-997743020_f86bb457bf","from_node":"OSM_N4670074436","to_node":"OSM_N9212507163","osm_u":"4670074436","osm_v":"9212507163","osm_key":"0","osm_way_ids":[997743011,997743020],"name":"OSM 보행 구간","length":21.761,"stairs":true,"slope":null,"width":null,"curb_height":null,"surface":"paving_stones","elevator_required":false,"elevator_status":null,"blocked":false,"block_reason":null,"wheelchair_accessible":false,"accessibility_status":"unknown","source":"osm","accessibility_source":"osm_tags","confidence":0.7,"verified":false,"updated_at":null,"highway":["steps"],"raw_accessibility_tags":{},"crosswalk_samples":[],"approach_ids":[],"demo_editable":false,"feature_type":"edge"}},{"type":"Feature","geometry":{"type":"LineString","coordinates":[[126.9304187,37.4022879],[126.9302772,37.4024256]]},"properties":{"edge_id":"OSM_E_484348867_9aae4a9965","from_node":"OSM_N4770922208","to_node":"OSM_N4770924096","osm_u":"4770922208","osm_v":"4770924096","osm_key":"0","osm_way_ids":[484348867],"name":"OSM 보행 구간","length":19.765,"stairs":false,"slope":null,"width":null,"curb_height":null,"surface":"unknown","elevator_required":false,"elevator_status":null,"blocked":false,"block_reason":null,"wheelchair_accessible":null,"accessibility_status":"unknown","source":"osm","accessibility_source":"osm_tags","confidence":0.7,"verified":false,"updated_at":null,"highway":["service"],"raw_accessibility_tags":{},"crosswalk_samples":[],"approach_ids":[],"demo_editable":false,"feature_type":"edge"}},{"type":"Feature","geometry":{"type":"LineString","coordinates":[[126.9304187,37.4022879],[126.930429,37.4022312],[126.930384,37.4021266],[126.9302954,37.4020332],[126.9301633,37.4019554],[126.9299785,37.401904],[126.9297039,37.4018594],[126.9292431,37.4018349],[126.9287709,37.4017764]]},"properties":{"edge_id":"OSM_E_484348850_d12ea5bb0b","from_node":"OSM_N4770922208","to_node":"OSM_N8046525086","osm_u":"4770922208","osm_v":"8046525086","osm_key":"0","osm_way_ids":[484348850],"name":"OSM 보행 구간","length":171.255,"stairs":false,"slope":null,"width":null,"curb_height":null,"surface":"unknown","elevator_required":false,"elevator_status":null,"blocked":false,"block_reason":null,"wheelchair_accessible":null,"accessibility_status":"unknown","source":"osm","accessibility_source":"osm_tags","confidence":0.7,"verified":false,"updated_at":null,"highway":["service"],"raw_accessibility_tags":{},"crosswalk_samples":[],"approach_ids":[],"demo_editable":false,"feature_type":"edge"}},{"type":"Feature","geometry":{"type":"LineString","coordinates":[[126.9304187,37.4022879],[126.9305814,37.4022442],[126.9306515,37.4022332],[126.9307216,37.4022376],[126.9308306,37.4022646],[126.9309364,37.402312],[126.9310889,37.4024041]]},"properties":{"edge_id":"OSM_E_484348859_b60304af85","from_node":"OSM_N4770922208","to_node":"OSM_N4770924060","osm_u":"4770922208","osm_v":"4770924060","osm_key":"0","osm_way_ids":[484348859],"name":"OSM 보행 구간","length":65.43,"stairs":false,"slope":null,"width":null,"curb_height":null,"surface":"unknown","elevator_required":false,"elevator_status":null,"blocked":false,"block_reason":null,"wheelchair_accessible":null,"accessibility_status":"unknown","source":"osm","accessibility_source":"osm_tags","confidence":0.7,"verified":false,"updated_at":null,"highway":["service"],"raw_accessibility_tags":{},"crosswalk_samples":[],"approach_ids":[],"demo_editable":false,"feature_type":"edge"}},{"type":"Feature","geometry":{"type":"LineString","coordinates":[[126.9301963,37.4025936],[126.9302305,37.4025226]]},"properties":{"edge_id":"OSM_E_484348867_ac2b9d0b81","from_node":"OSM_N4770922209","to_node":"OSM_N8173972973","osm_u":"4770922209","osm_v":"8173972973","osm_key":"0","osm_way_ids":[484348867],"name":"OSM 보행 구간","length":8.453,"stairs":false,"slope":null,"width":null,"curb_height":null,"surface":"unknown","elevator_required":false,"elevator_status":null,"blocked":false,"block_reason":null,"wheelchair_accessible":null,"accessibility_status":"unknown","source":"osm","accessibility_source":"osm_tags","confidence":0.7,"verified":false,"updated_at":null,"highway":["service"],"raw_accessibility_tags":{},"crosswalk_samples":[],"approach_ids":[],"demo_editable":false,"feature_type":"edge"}},{"type":"Feature","geometry":{"type":"LineString","coordinates":[[126.9301963,37.4025936],[126.9302067,37.4027386],[126.9302092,37.4027862]]},"properties":{"edge_id":"OSM_E_484348863_2d14b3d65c","from_node":"OSM_N4770922209","to_node":"OSM_N8173972968","osm_u":"4770922209","osm_v":"8173972968","osm_key":"0","osm_way_ids":[484348863],"name":"OSM 보행 구간","length":21.447,"stairs":false,"slope":null,"width":null,"curb_height":null,"surface":"unknown","elevator_required":false,"elevator_status":null,"blocked":false,"block_reason":null,"wheelchair_accessible":null,"accessibility_status":"unknown","source":"osm","accessibility_source":"osm_tags","confidence":0.7,"verified":false,"updated_at":null,"highway":["service"],"raw_accessibility_tags":{},"crosswalk_samples":[],"approach_ids":[],"demo_editable":false,"feature_type":"edge"}},{"type":"Feature","geometry":{"type":"LineString","coordinates":[[126.9301963,37.4025936],[126.9300897,37.4028715],[126.9300186,37.4030961]]},"properties":{"edge_id":"OSM_E_484348867_1c2e6fbba4","from_node":"OSM_N4770922209","to_node":"OSM_N4770922210","osm_u":"4770922209","osm_v":"4770922210","osm_key":"0","osm_way_ids":[484348867],"name":"OSM 보행 구간","length":58.056,"stairs":false,"slope":null,"width":null,"curb_height":null,"surface":"unknown","elevator_required":false,"elevator_status":null,"blocked":false,"block_reason":null,"wheelchair_accessible":null,"accessibility_status":"unknown","source":"osm","accessibility_source":"osm_tags","confidence":0.7,"verified":false,"updated_at":null,"highway":["service"],"raw_accessibility_tags":{},"crosswalk_samples":[],"approach_ids":[],"demo_editable":false,"feature_type":"edge"}},{"type":"Feature","geometry":{"type":"LineString","coordinates":[[126.9300186,37.4030961],[126.9300678,37.4031263]]},"properties":{"edge_id":"OSM_E_484348855_c9174578ad","from_node":"OSM_N4770922210","to_node":"OSM_N8173972965","osm_u":"4770922210","osm_v":"8173972965","osm_key":"0","osm_way_ids":[484348855],"name":"OSM 보행 구간","length":5.492,"stairs":false,"slope":null,"width":null,"curb_height":null,"surface":"unknown","elevator_required":false,"elevator_status":null,"blocked":false,"block_reason":null,"wheelchair_accessible":null,"accessibility_status":"unknown","source":"osm","accessibility_source":"osm_tags","confidence":0.7,"verified":false,"updated_at":null,"highway":["service"],"raw_accessibility_tags":{},"crosswalk_samples":[],"approach_ids":[],"demo_editable":false,"feature_type":"edge"}},{"type":"Feature","geometry":{"type":"LineString","coordinates":[[126.9300186,37.4030961],[126.9299699,37.4030684]]},"properties":{"edge_id":"OSM_E_780189846_d4d2c0dd2b","from_node":"OSM_N4770922210","to_node":"OSM_N8173956083","osm_u":"4770922210","osm_v":"8173956083","osm_key":"0","osm_way_ids":[780189846],"name":"OSM 보행 구간","length":5.291,"stairs":false,"slope":null,"width":null,"curb_height":null,"surface":"unknown","elevator_required":false,"elevator_status":null,"blocked":false,"block_reason":null,"wheelchair_accessible":null,"accessibility_status":"unknown","source":"osm","accessibility_source":"osm_tags","confidence":0.7,"verified":false,"updated_at":null,"highway":["service"],"raw_accessibility_tags":{},"crosswalk_samples":[],"approach_ids":[],"demo_editable":false,"feature_type":"edge"}},{"type":"Feature","geometry":{"type":"LineString","coordinates":[[126.9300186,37.4030961],[126.9299308,37.4032068],[126.9298733,37.4033029],[126.9298837,37.4033856],[126.9299119,37.4034609],[126.9299629,37.403531],[126.9300181,37.4035782],[126.9301071,37.4036496]]},"properties":{"edge_id":"OSM_E_484348867_501ff2491d","from_node":"OSM_N4770922210","to_node":"OSM_N4770922215","osm_u":"4770922210","osm_v":"4770922215","osm_key":"0","osm_way_ids":[484348867],"name":"OSM 보행 구간","length":71.697,"stairs":false,"slope":null,"width":null,"curb_height":null,"surface":"unknown","elevator_required":false,"elevator_status":null,"blocked":false,"block_reason":null,"wheelchair_accessible":null,"accessibility_status":"unknown","source":"osm","accessibility_source":"osm_tags","confidence":0.7,"verified":false,"updated_at":null,"highway":["service"],"raw_accessibility_tags":{},"crosswalk_samples":[],"approach_ids":[],"demo_editable":false,"feature_type":"edge"}},{"type":"Feature","geometry":{"type":"LineString","coordinates":[[126.9301071,37.4036496],[126.93001,37.4036451],[126.9299539,37.4036455],[126.9298864,37.4036314],[126.9294388,37.4033933]]},"properties":{"edge_id":"OSM_E_878652531_77df2780b7","from_node":"OSM_N4770922215","to_node":"OSM_N8173972837","osm_u":"4770922215","osm_v":"8173972837","osm_key":"0","osm_way_ids":[878652531],"name":"OSM 보행 구간","length":67.295,"stairs":false,"slope":null,"width":null,"curb_height":null,"surface":"unknown","elevator_required":false,"elevator_status":null,"blocked":false,"block_reason":null,"wheelchair_accessible":null,"accessibility_status":"unknown","source":"osm","accessibility_source":"osm_tags","confidence":0.7,"verified":false,"updated_at":null,"highway":["service"],"raw_accessibility_tags":{},"crosswalk_samples":[],"approach_ids":[],"demo_editable":false,"feature_type":"edge"}},{"type":"Feature","geometry":{"type":"LineString","coordinates":[[126.9310296,37.4037173],[126.9300678,37.4031263]]},"properties":{"edge_id":"OSM_E_484348855_531f024474","from_node":"OSM_N4770924044","to_node":"OSM_N8173972965","osm_u":"4770924044","osm_v":"8173972965","osm_key":"0","osm_way_ids":[484348855],"name":"OSM 보행 구간","length":107.407,"stairs":false,"slope":null,"width":null,"curb_height":null,"surface":"unknown","elevator_required":false,"elevator_status":null,"blocked":false,"block_reason":null,"wheelchair_accessible":null,"accessibility_status":"unknown","source":"osm","accessibility_source":"osm_tags","confidence":0.7,"verified":false,"updated_at":null,"highway":["service"],"raw_accessibility_tags":{},"crosswalk_samples":[],"approach_ids":[],"demo_editable":false,"feature_type":"edge"}},{"type":"Feature","geometry":{"type":"LineString","coordinates":[[126.9310296,37.4037173],[126.9312209,37.4035145]]},"properties":{"edge_id":"OSM_E_878652527_dee347f964","from_node":"OSM_N4770924044","to_node":"OSM_N8173972828","osm_u":"4770924044","osm_v":"8173972828","osm_key":"0","osm_way_ids":[878652527],"name":"OSM 보행 구간","length":28.179,"stairs":false,"slope":null,"width":null,"curb_height":null,"surface":"unknown","elevator_required":false,"elevator_status":null,"blocked":false,"block_reason":null,"wheelchair_accessible":null,"accessibility_status":"unknown","source":"osm","accessibility_source":"osm_tags","confidence":0.7,"verified":false,"updated_at":null,"highway":["service"],"raw_accessibility_tags":{},"crosswalk_samples":[],"approach_ids":[],"demo_editable":false,"feature_type":"edge"}},{"type":"Feature","geometry":{"type":"LineString","coordinates":[[126.9310889,37.4024041],[126.9311871,37.402456],[126.9312514,37.4024656],[126.9313091,37.4024645],[126.9313574,37.4024475],[126.9314145,37.4024266]]},"properties":{"edge_id":"OSM_E_484348859_6565c1939a","from_node":"OSM_N4770924060","to_node":"OSM_N4770924065","osm_u":"4770924060","osm_v":"4770924065","osm_key":"0","osm_way_ids":[484348859],"name":"OSM 보행 구간","length":31.516,"stairs":false,"slope":null,"width":null,"curb_height":null,"surface":"unknown","elevator_required":false,"elevator_status":null,"blocked":false,"block_reason":null,"wheelchair_accessible":null,"accessibility_status":"unknown","source":"osm","accessibility_source":"osm_tags","confidence":0.7,"verified":false,"updated_at":null,"highway":["service"],"raw_accessibility_tags":{},"crosswalk_samples":[],"approach_ids":[],"demo_editable":false,"feature_type":"edge"}},{"type":"Feature","geometry":{"type":"LineString","coordinates":[[126.9310889,37.4024041],[126.9310413,37.4023175],[126.9309901,37.4022648],[126.930767,37.402107],[126.9307202,37.402076],[126.9306796,37.4020602],[126.9304559,37.4020529],[126.9304606,37.4019628]]},"properties":{"edge_id":"OSM_E_484348860-878652553_4a1f7f0fdd","from_node":"OSM_N4770924060","to_node":"OSM_N8173972949","osm_u":"4770924060","osm_v":"8173972949","osm_key":"0","osm_way_ids":[484348860,878652553],"name":"OSM 보행 구간","length":83.476,"stairs":false,"slope":null,"width":null,"curb_height":null,"surface":"unknown","elevator_required":false,"elevator_status":null,"blocked":false,"block_reason":null,"wheelchair_accessible":null,"accessibility_status":"unknown","source":"osm","accessibility_source":"osm_tags","confidence":0.7,"verified":false,"updated_at":null,"highway":["service"],"raw_accessibility_tags":{},"crosswalk_samples":[],"approach_ids":[],"demo_editable":false,"feature_type":"edge"}},{"type":"Feature","geometry":{"type":"LineString","coordinates":[[126.9314145,37.4024266],[126.9307634,37.4018985]]},"properties":{"edge_id":"OSM_E_380698412_186c73ca79","from_node":"OSM_N4770924065","to_node":"OSM_N13463603722","osm_u":"4770924065","osm_v":"13463603722","osm_key":"0","osm_way_ids":[380698412],"name":"임곡로","length":82.195,"stairs":false,"slope":null,"width":null,"curb_height":null,"surface":"unknown","elevator_required":false,"elevator_status":null,"blocked":false,"block_reason":null,"wheelchair_accessible":null,"accessibility_status":"unknown","source":"osm","accessibility_source":"osm_tags","confidence":0.7,"verified":false,"updated_at":null,"highway":["tertiary"],"raw_accessibility_tags":{},"crosswalk_samples":[],"approach_ids":[],"demo_editable":false,"feature_type":"edge"}},{"type":"Feature","geometry":{"type":"LineString","coordinates":[[126.9302165,37.4028384],[126.9302092,37.4027862]]},"properties":{"edge_id":"OSM_E_484348863_206321961d","from_node":"OSM_N4770924080","to_node":"OSM_N8173972968","osm_u":"4770924080","osm_v":"8173972968","osm_key":"0","osm_way_ids":[484348863],"name":"OSM 보행 구간","length":5.84,"stairs":false,"slope":null,"width":null,"curb_height":null,"surface":"unknown","elevator_required":false,"elevator_status":null,"blocked":false,"block_reason":null,"wheelchair_accessible":null,"accessibility_status":"unknown","source":"osm","accessibility_source":"osm_tags","confidence":0.7,"verified":false,"updated_at":null,"highway":["service"],"raw_accessibility_tags":{},"crosswalk_samples":[],"approach_ids":[],"demo_editable":false,"feature_type":"edge"}},{"type":"Feature","geometry":{"type":"LineString","coordinates":[[126.9302165,37.4028384],[126.9302495,37.4029033],[126.9303079,37.4029634]]},"properties":{"edge_id":"OSM_E_484348863_2e390b1eda","from_node":"OSM_N4770924080","to_node":"OSM_N8173972822","osm_u":"4770924080","osm_v":"8173972822","osm_key":"0","osm_way_ids":[484348863],"name":"OSM 보행 구간","length":16.225,"stairs":false,"slope":null,"width":null,"curb_height":null,"surface":"unknown","elevator_required":false,"elevator_status":null,"blocked":false,"block_reason":null,"wheelchair_accessible":null,"accessibility_status":"unknown","source":"osm","accessibility_source":"osm_tags","confidence":0.7,"verified":false,"updated_at":null,"highway":["service"],"raw_accessibility_tags":{},"crosswalk_samples":[],"approach_ids":[],"demo_editable":false,"feature_type":"edge"}},{"type":"Feature","geometry":{"type":"LineString","coordinates":[[126.9302165,37.4028384],[126.9301935,37.4029378],[126.9301395,37.4030379],[126.9300678,37.4031263]]},"properties":{"edge_id":"OSM_E_878652557_85f6d0e8ba","from_node":"OSM_N4770924080","to_node":"OSM_N8173972965","osm_u":"4770924080","osm_v":"8173972965","osm_key":"0","osm_way_ids":[878652557],"name":"OSM 보행 구간","length":35.041,"stairs":true,"slope":null,"width":null,"curb_height":null,"surface":"unknown","elevator_required":false,"elevator_status":null,"blocked":false,"block_reason":null,"wheelchair_accessible":false,"accessibility_status":"unknown","source":"osm","accessibility_source":"osm_tags","confidence":0.7,"verified":false,"updated_at":null,"highway":["steps"],"raw_accessibility_tags":{},"crosswalk_samples":[],"approach_ids":[],"demo_editable":false,"feature_type":"edge"}},{"type":"Feature","geometry":{"type":"LineString","coordinates":[[126.9302772,37.4024256],[126.9302305,37.4025226]]},"properties":{"edge_id":"OSM_E_484348867_4c029d011e","from_node":"OSM_N4770924096","to_node":"OSM_N8173972973","osm_u":"4770924096","osm_v":"8173972973","osm_key":"0","osm_way_ids":[484348867],"name":"OSM 보행 구간","length":11.548,"stairs":false,"slope":null,"width":null,"curb_height":null,"surface":"unknown","elevator_required":false,"elevator_status":null,"blocked":false,"block_reason":null,"wheelchair_accessible":null,"accessibility_status":"unknown","source":"osm","accessibility_source":"osm_tags","confidence":0.7,"verified":false,"updated_at":null,"highway":["service"],"raw_accessibility_tags":{},"crosswalk_samples":[],"approach_ids":[],"demo_editable":false,"feature_type":"edge"}},{"type":"Feature","geometry":{"type":"LineString","coordinates":[[126.9302772,37.4024256],[126.9302089,37.4024391]]},"properties":{"edge_id":"OSM_E_780189847_91fb76a7fb","from_node":"OSM_N4770924096","to_node":"OSM_N8173956081","osm_u":"4770924096","osm_v":"8173956081","osm_key":"0","osm_way_ids":[780189847],"name":"OSM 보행 구간","length":6.217,"stairs":false,"slope":null,"width":null,"curb_height":null,"surface":"unknown","elevator_required":false,"elevator_status":null,"blocked":false,"block_reason":null,"wheelchair_accessible":null,"accessibility_status":"unknown","source":"osm","accessibility_source":"osm_tags","confidence":0.7,"verified":false,"updated_at":null,"highway":["service"],"raw_accessibility_tags":{},"crosswalk_samples":[],"approach_ids":[],"demo_editable":false,"feature_type":"edge"}},{"type":"Feature","geometry":{"type":"LineString","coordinates":[[126.9302772,37.4024256],[126.9305892,37.4024002],[126.930722,37.402415],[126.9316711,37.4029798]]},"properties":{"edge_id":"OSM_E_484348862_dc4ccb6d8f","from_node":"OSM_N4770924096","to_node":"OSM_N8173972832","osm_u":"4770924096","osm_v":"8173972832","osm_key":"0","osm_way_ids":[484348862],"name":"OSM 보행 구간","length":144.3,"stairs":false,"slope":null,"width":null,"curb_height":null,"surface":"unknown","elevator_required":false,"elevator_status":null,"blocked":false,"block_reason":null,"wheelchair_accessible":null,"accessibility_status":"unknown","source":"osm","accessibility_source":"osm_tags","confidence":0.7,"verified":false,"updated_at":null,"highway":["service"],"raw_accessibility_tags":{},"crosswalk_samples":[],"approach_ids":[],"demo_editable":false,"feature_type":"edge"}},{"type":"Feature","geometry":{"type":"LineString","coordinates":[[126.9309738,37.4018871],[126.9311579,37.4017451],[126.9317332,37.4021117]]},"properties":{"edge_id":"OSM_E_484356348_5df231f5b4","from_node":"OSM_N4771020532","to_node":"OSM_N4771020533","osm_u":"4771020532","osm_v":"4771020533","osm_key":"0","osm_way_ids":[484356348],"name":"OSM 보행 구간","length":87.814,"stairs":false,"slope":null,"width":null,"curb_height":null,"surface":"unknown","elevator_required":false,"elevator_status":null,"blocked":false,"block_reason":null,"wheelchair_accessible":null,"accessibility_status":"unknown","source":"osm","accessibility_source":"osm_tags","confidence":0.7,"verified":false,"updated_at":null,"highway":["residential"],"raw_accessibility_tags":{},"crosswalk_samples":[],"approach_ids":[],"demo_editable":false,"feature_type":"edge"}},{"type":"Feature","geometry":{"type":"LineString","coordinates":[[126.9317332,37.4021117],[126.9318729,37.4018939],[126.931871,37.4018196],[126.9318446,37.4017632]]},"properties":{"edge_id":"OSM_E_484356349_28e9cefde5","from_node":"OSM_N4771020533","to_node":"OSM_N4771020536","osm_u":"4771020533","osm_v":"4771020536","osm_key":"0","osm_way_ids":[484356349],"name":"비산로","length":42.135,"stairs":false,"slope":null,"width":null,"curb_height":null,"surface":"unknown","elevator_required":false,"elevator_status":null,"blocked":false,"block_reason":null,"wheelchair_accessible":null,"accessibility_status":"unknown","source":"osm","accessibility_source":"osm_tags","confidence":0.7,"verified":false,"updated_at":null,"highway":["residential"],"raw_accessibility_tags":{},"crosswalk_samples":[],"approach_ids":[],"demo_editable":false,"feature_type":"edge"}},{"type":"Feature","geometry":{"type":"LineString","coordinates":[[126.9318446,37.4017632],[126.931215,37.4015095],[126.9311276,37.4014755]]},"properties":{"edge_id":"OSM_E_481148746_d88caa7016","from_node":"OSM_N4771020536","to_node":"OSM_N13463603724","osm_u":"4771020536","osm_v":"13463603724","osm_key":"0","osm_way_ids":[481148746],"name":"비산로","length":70.956,"stairs":false,"slope":null,"width":null,"curb_height":null,"surface":"unknown","elevator_required":false,"elevator_status":null,"blocked":false,"block_reason":null,"wheelchair_accessible":null,"accessibility_status":"unknown","source":"osm","accessibility_source":"osm_tags","confidence":0.7,"verified":false,"updated_at":null,"highway":["residential"],"raw_accessibility_tags":{},"crosswalk_samples":[],"approach_ids":[],"demo_editable":false,"feature_type":"edge"}},{"type":"Feature","geometry":{"type":"LineString","coordinates":[[126.9290684,37.3994632],[126.9283132,37.3998342]]},"properties":{"edge_id":"OSM_E_998463204_f8e712c0e8","from_node":"OSM_N5715203733","to_node":"OSM_N9219073901","osm_u":"5715203733","osm_v":"9219073901","osm_key":"0","osm_way_ids":[998463204],"name":"OSM 보행 구간","length":78.436,"stairs":false,"slope":null,"width":null,"curb_height":null,"surface":"unknown","elevator_required":false,"elevator_status":null,"blocked":false,"block_reason":null,"wheelchair_accessible":null,"accessibility_status":"unknown","source":"osm","accessibility_source":"osm_tags","confidence":0.7,"verified":false,"updated_at":null,"highway":["service"],"raw_accessibility_tags":{},"crosswalk_samples":[],"approach_ids":[],"demo_editable":false,"feature_type":"edge"}},{"type":"Feature","geometry":{"type":"LineString","coordinates":[[126.9305694,37.3990994],[126.9304474,37.399026],[126.9299754,37.3987497],[126.9298299,37.398661],[126.929697,37.3985751]]},"properties":{"edge_id":"OSM_E_601304174-601304175-601304176-998463205_c3d435fcdb","from_node":"OSM_N5715203735","to_node":"OSM_N9219073902","osm_u":"5715203735","osm_v":"9219073902","osm_key":"0","osm_way_ids":[601304174,601304175,601304176,998463205],"name":"OSM 보행 구간","length":96.646,"stairs":true,"slope":null,"width":null,"curb_height":null,"surface":"concrete","elevator_required":false,"elevator_status":null,"blocked":false,"block_reason":null,"wheelchair_accessible":false,"accessibility_status":"unknown","source":"osm","accessibility_source":"osm_tags","confidence":0.7,"verified":false,"updated_at":null,"highway":["steps","footway"],"raw_accessibility_tags":{},"crosswalk_samples":[],"approach_ids":[],"demo_editable":false,"feature_type":"edge"}},{"type":"Feature","geometry":{"type":"LineString","coordinates":[[126.9242374,37.388133],[126.9243616,37.3884336]]},"properties":{"edge_id":"OSM_E_814055256_1e9a5e1024","from_node":"OSM_N5997590357","to_node":"OSM_N8603159951","osm_u":"5997590357","osm_v":"8603159951","osm_key":"0","osm_way_ids":[814055256],"name":"소곡로","length":35.18,"stairs":false,"slope":null,"width":null,"curb_height":null,"surface":"unknown","elevator_required":false,"elevator_status":null,"blocked":false,"block_reason":null,"wheelchair_accessible":null,"accessibility_status":"unknown","source":"osm","accessibility_source":"osm_tags","confidence":0.7,"verified":false,"updated_at":null,"highway":["residential"],"raw_accessibility_tags":{},"crosswalk_samples":[],"approach_ids":[],"demo_editable":false,"feature_type":"edge"}},{"type":"Feature","geometry":{"type":"LineString","coordinates":[[126.9242374,37.388133],[126.9230454,37.3885264]]},"properties":{"edge_id":"OSM_E_927242296_81ea59492a","from_node":"OSM_N5997590357","to_node":"OSM_N8603159950","osm_u":"5997590357","osm_v":"8603159950","osm_key":"0","osm_way_ids":[927242296],"name":"OSM 보행 구간","length":114.036,"stairs":false,"slope":null,"width":null,"curb_height":null,"surface":"unknown","elevator_required":false,"elevator_status":null,"blocked":false,"block_reason":null,"wheelchair_accessible":null,"accessibility_status":"unknown","source":"osm","accessibility_source":"osm_tags","confidence":0.7,"verified":false,"updated_at":null,"highway":["residential"],"raw_accessibility_tags":{},"crosswalk_samples":[],"approach_ids":[],"demo_editable":false,"feature_type":"edge"}},{"type":"Feature","geometry":{"type":"LineString","coordinates":[[126.927579,37.4023706],[126.925751,37.4039471],[126.925131,37.404535],[126.9245206,37.4051994],[126.92379,37.4061462],[126.9234861,37.406606]]},"properties":{"edge_id":"OSM_E_318699994_d53a101ad3","from_node":"OSM_N6111249701","to_node":"OSM_N10577431621","osm_u":"6111249701","osm_v":"10577431621","osm_key":"0","osm_way_ids":[318699994],"name":"경수대로","length":596.301,"stairs":false,"slope":null,"width":null,"curb_height":null,"surface":"unknown","elevator_required":false,"elevator_status":null,"blocked":false,"block_reason":null,"wheelchair_accessible":null,"accessibility_status":"unknown","source":"osm","accessibility_source":"osm_tags","confidence":0.7,"verified":false,"updated_at":null,"highway":["primary"],"raw_accessibility_tags":{},"crosswalk_samples":[],"approach_ids":[],"demo_editable":false,"feature_type":"edge"}},{"type":"Feature","geometry":{"type":"LineString","coordinates":[[126.927579,37.4023706],[126.9276962,37.4026064],[126.9276345,37.4027002],[126.9276398,37.4028642],[126.9278008,37.4032606],[126.9282058,37.403627],[126.9282004,37.4037527],[126.9283184,37.4041682],[126.9285062,37.4043685],[126.9285142,37.4045709],[126.9285706,37.4046647],[126.9285223,37.4047584],[126.928525,37.4048948],[126.9285652,37.4050205],[126.9285142,37.4051164],[126.9284767,37.4054658],[126.9285277,37.4058131],[126.9284579,37.4060304],[126.9284096,37.4064437],[126.9284713,37.4069167],[126.9284204,37.4070595],[126.9280931,37.4072917],[126.9278812,37.4073471],[126.9276237,37.4073365],[126.9274923,37.4073663],[126.9273153,37.4077242],[126.9274816,37.4078414],[126.9274789,37.4081503]]},"properties":{"edge_id":"OSM_E_651748871_f4f90f059a","from_node":"OSM_N6111249701","to_node":"OSM_N6111249728","osm_u":"6111249701","osm_v":"6111249728","osm_key":"0","osm_way_ids":[651748871],"name":"OSM 보행 구간","length":742.749,"stairs":false,"slope":null,"width":null,"curb_height":null,"surface":"unknown","elevator_required":false,"elevator_status":null,"blocked":false,"block_reason":null,"wheelchair_accessible":null,"accessibility_status":"unknown","source":"osm","accessibility_source":"osm_tags","confidence":0.7,"verified":false,"updated_at":null,"highway":["path"],"raw_accessibility_tags":{},"crosswalk_samples":[],"approach_ids":[],"demo_editable":false,"feature_type":"edge"}},{"type":"Feature","geometry":{"type":"LineString","coordinates":[[126.9300801,37.4025145],[126.9301391,37.4024682],[126.9302089,37.4024391]]},"properties":{"edge_id":"OSM_E_780189847_1017a2ed19","from_node":"OSM_N7284854915","to_node":"OSM_N8173956081","osm_u":"7284854915","osm_v":"8173956081","osm_key":"0","osm_way_ids":[780189847],"name":"OSM 보행 구간","length":14.289,"stairs":false,"slope":null,"width":null,"curb_height":null,"surface":"unknown","elevator_required":false,"elevator_status":null,"blocked":false,"block_reason":null,"wheelchair_accessible":null,"accessibility_status":"unknown","source":"osm","accessibility_source":"osm_tags","confidence":0.7,"verified":false,"updated_at":null,"highway":["service"],"raw_accessibility_tags":{},"crosswalk_samples":[],"approach_ids":[],"demo_editable":false,"feature_type":"edge"}},{"type":"Feature","geometry":{"type":"LineString","coordinates":[[126.9300801,37.4025145],[126.9299801,37.4026326],[126.9295182,37.4023857],[126.9296182,37.4022676],[126.9300801,37.4025145]]},"properties":{"edge_id":"OSM_E_878652524_92e250bd82","from_node":"OSM_N7284854915","to_node":"OSM_N7284854915","osm_u":"7284854915","osm_v":"7284854915","osm_key":"0","osm_way_ids":[878652524],"name":"OSM 보행 구간","length":130.008,"stairs":false,"slope":null,"width":null,"curb_height":null,"surface":"unknown","elevator_required":false,"elevator_status":null,"blocked":false,"block_reason":null,"wheelchair_accessible":null,"accessibility_status":"unknown","source":"osm","accessibility_source":"osm_tags","confidence":0.7,"verified":false,"updated_at":null,"highway":["service"],"raw_accessibility_tags":{},"crosswalk_samples":[],"approach_ids":[],"demo_editable":false,"feature_type":"edge"}},{"type":"Feature","geometry":{"type":"LineString","coordinates":[[126.9294701,37.4027845],[126.9299699,37.4030684]]},"properties":{"edge_id":"OSM_E_780189846_8e4bb7fcdc","from_node":"OSM_N7284866956","to_node":"OSM_N8173956083","osm_u":"7284866956","osm_v":"8173956083","osm_key":"0","osm_way_ids":[780189846],"name":"OSM 보행 구간","length":54.273,"stairs":false,"slope":null,"width":null,"curb_height":null,"surface":"unknown","elevator_required":false,"elevator_status":null,"blocked":false,"block_reason":null,"wheelchair_accessible":null,"accessibility_status":"unknown","source":"osm","accessibility_source":"osm_tags","confidence":0.7,"verified":false,"updated_at":null,"highway":["service"],"raw_accessibility_tags":{},"crosswalk_samples":[],"approach_ids":[],"demo_editable":false,"feature_type":"edge"}},{"type":"Feature","geometry":{"type":"LineString","coordinates":[[126.9254631,37.3909341],[126.924989,37.3906933]]},"properties":{"edge_id":"OSM_E_808571120_858bc114a3","from_node":"OSM_N7560864755","to_node":"OSM_N7560864756","osm_u":"7560864755","osm_v":"7560864756","osm_key":"0","osm_way_ids":[808571120],"name":"냉천로","length":49.712,"stairs":false,"slope":null,"width":null,"curb_height":null,"surface":"unknown","elevator_required":false,"elevator_status":null,"blocked":false,"block_reason":null,"wheelchair_accessible":null,"accessibility_status":"unknown","source":"osm","accessibility_source":"osm_tags","confidence":0.7,"verified":false,"updated_at":null,"highway":["service"],"raw_accessibility_tags":{},"crosswalk_samples":[],"approach_ids":[],"demo_editable":false,"feature_type":"edge"}},{"type":"Feature","geometry":{"type":"LineString","coordinates":[[126.9200238,37.3975115],[126.9193316,37.3983221]]},"properties":{"edge_id":"OSM_E_814338812_386d9f6ef6","from_node":"OSM_N7606941289","to_node":"OSM_N7606941290","osm_u":"7606941289","osm_v":"7606941290","osm_key":"0","osm_way_ids":[814338812],"name":"안양로291번길","length":108.919,"stairs":false,"slope":null,"width":null,"curb_height":null,"surface":"unknown","elevator_required":false,"elevator_status":null,"blocked":false,"block_reason":null,"wheelchair_accessible":null,"accessibility_status":"unknown","source":"osm","accessibility_source":"osm_tags","confidence":0.7,"verified":false,"updated_at":null,"highway":["residential"],"raw_accessibility_tags":{},"crosswalk_samples":[],"approach_ids":[],"demo_editable":false,"feature_type":"edge"}},{"type":"Feature","geometry":{"type":"LineString","coordinates":[[126.9307267,37.396565],[126.9302676,37.3961909]]},"properties":{"edge_id":"OSM_E_475755505_764677daf6","from_node":"OSM_N7617517369","to_node":"OSM_N9216482313","osm_u":"7617517369","osm_v":"9216482313","osm_key":"0","osm_way_ids":[475755505],"name":"태평로60번길","length":58.097,"stairs":false,"slope":null,"width":null,"curb_height":null,"surface":"unknown","elevator_required":false,"elevator_status":null,"blocked":false,"block_reason":null,"wheelchair_accessible":null,"accessibility_status":"unknown","source":"osm","accessibility_source":"osm_tags","confidence":0.7,"verified":false,"updated_at":null,"highway":["residential"],"raw_accessibility_tags":{},"crosswalk_samples":[],"approach_ids":[],"demo_editable":false,"feature_type":"edge"}},{"type":"Feature","geometry":{"type":"LineString","coordinates":[[126.9307267,37.396565],[126.9308088,37.3965935],[126.9308966,37.3965724],[126.9311958,37.3963748]]},"properties":{"edge_id":"OSM_E_475755505_1e520fe9cf","from_node":"OSM_N7617517369","to_node":"OSM_N8603117533","osm_u":"7617517369","osm_v":"8603117533","osm_key":"0","osm_way_ids":[475755505],"name":"태평로60번길","length":50.389,"stairs":false,"slope":null,"width":null,"curb_height":null,"surface":"unknown","elevator_required":false,"elevator_status":null,"blocked":false,"block_reason":null,"wheelchair_accessible":null,"accessibility_status":"unknown","source":"osm","accessibility_source":"osm_tags","confidence":0.7,"verified":false,"updated_at":null,"highway":["residential"],"raw_accessibility_tags":{},"crosswalk_samples":[],"approach_ids":[],"demo_editable":false,"feature_type":"edge"}},{"type":"Feature","geometry":{"type":"LineString","coordinates":[[126.9288655,37.3940908],[126.9280923,37.39363]]},"properties":{"edge_id":"OSM_E_815630741_0cfed11059","from_node":"OSM_N7617531611","to_node":"OSM_N7617531612","osm_u":"7617531611","osm_v":"7617531612","osm_key":"0","osm_way_ids":[815630741],"name":"현충로16번길","length":85.388,"stairs":false,"slope":null,"width":null,"curb_height":null,"surface":"unknown","elevator_required":false,"elevator_status":null,"blocked":false,"block_reason":null,"wheelchair_accessible":null,"accessibility_status":"unknown","source":"osm","accessibility_source":"osm_tags","confidence":0.7,"verified":false,"updated_at":null,"highway":["service"],"raw_accessibility_tags":{},"crosswalk_samples":[],"approach_ids":[],"demo_editable":false,"feature_type":"edge"}},{"type":"Feature","geometry":{"type":"LineString","coordinates":[[126.9218986,37.4015943],[126.9218827,37.4015013]]},"properties":{"edge_id":"OSM_E_837321096_481df64db4","from_node":"OSM_N7814566289","to_node":"OSM_N7814727309","osm_u":"7814566289","osm_v":"7814727309","osm_key":"0","osm_way_ids":[837321096],"name":"OSM 보행 구간","length":10.436,"stairs":false,"slope":null,"width":null,"curb_height":null,"surface":"unknown","elevator_required":false,"elevator_status":null,"blocked":false,"block_reason":null,"wheelchair_accessible":null,"accessibility_status":"unknown","source":"osm","accessibility_source":"osm_tags","confidence":0.7,"verified":false,"updated_at":null,"highway":["service"],"raw_accessibility_tags":{},"crosswalk_samples":[],"approach_ids":[],"demo_editable":false,"feature_type":"edge"}},{"type":"Feature","geometry":{"type":"LineString","coordinates":[[126.9225188,37.4010041],[126.9226938,37.4008358]]},"properties":{"edge_id":"OSM_E_318729250_5f6768ec1c","from_node":"OSM_N7814723925","to_node":"OSM_N7814723975","osm_u":"7814723925","osm_v":"7814723975","osm_key":"0","osm_way_ids":[318729250],"name":"만안로","length":24.273,"stairs":false,"slope":null,"width":null,"curb_height":null,"surface":"unknown","elevator_required":false,"elevator_status":null,"blocked":false,"block_reason":null,"wheelchair_accessible":null,"accessibility_status":"unknown","source":"osm","accessibility_source":"osm_tags","confidence":0.7,"verified":false,"updated_at":null,"highway":["tertiary"],"raw_accessibility_tags":{},"crosswalk_samples":[],"approach_ids":[],"demo_editable":false,"feature_type":"edge"}},{"type":"Feature","geometry":{"type":"LineString","coordinates":[[126.9225188,37.4010041],[126.9225627,37.4010276],[126.9225919,37.4010302]]},"properties":{"edge_id":"OSM_E_837321092_44a3cba982","from_node":"OSM_N7814723925","to_node":"OSM_N7814723982","osm_u":"7814723925","osm_v":"7814723982","osm_key":"0","osm_way_ids":[837321092],"name":"OSM 보행 구간","length":7.272,"stairs":false,"slope":null,"width":null,"curb_height":null,"surface":"unknown","elevator_required":false,"elevator_status":null,"blocked":false,"block_reason":null,"wheelchair_accessible":null,"accessibility_status":"unknown","source":"osm","accessibility_source":"osm_tags","confidence":0.7,"verified":false,"updated_at":null,"highway":["service"],"raw_accessibility_tags":{},"crosswalk_samples":[],"approach_ids":[],"demo_editable":false,"feature_type":"edge"}},{"type":"Feature","geometry":{"type":"LineString","coordinates":[[126.9226938,37.4008358],[126.9227358,37.4008739]]},"properties":{"edge_id":"OSM_E_837321092_a967208022","from_node":"OSM_N7814723975","to_node":"OSM_N7814723981","osm_u":"7814723975","osm_v":"7814723981","osm_key":"0","osm_way_ids":[837321092],"name":"OSM 보행 구간","length":5.631,"stairs":false,"slope":null,"width":null,"curb_height":null,"surface":"unknown","elevator_required":false,"elevator_status":null,"blocked":false,"block_reason":null,"wheelchair_accessible":null,"accessibility_status":"unknown","source":"osm","accessibility_source":"osm_tags","confidence":0.7,"verified":false,"updated_at":null,"highway":["service"],"raw_accessibility_tags":{},"crosswalk_samples":[],"approach_ids":[],"demo_editable":false,"feature_type":"edge"}},{"type":"Feature","geometry":{"type":"LineString","coordinates":[[126.9226938,37.4008358],[126.9226094,37.4007921],[126.9225377,37.4007697],[126.922458,37.4007747]]},"properties":{"edge_id":"OSM_E_837321092_e19b7a2c83","from_node":"OSM_N7814723975","to_node":"OSM_N7874694139","osm_u":"7814723975","osm_v":"7874694139","osm_key":"0","osm_way_ids":[837321092],"name":"OSM 보행 구간","length":22.767,"stairs":false,"slope":null,"width":null,"curb_height":null,"surface":"unknown","elevator_required":false,"elevator_status":null,"blocked":false,"block_reason":null,"wheelchair_accessible":null,"accessibility_status":"unknown","source":"osm","accessibility_source":"osm_tags","confidence":0.7,"verified":false,"updated_at":null,"highway":["service"],"raw_accessibility_tags":{},"crosswalk_samples":[],"approach_ids":[],"demo_editable":false,"feature_type":"edge"}},{"type":"Feature","geometry":{"type":"LineString","coordinates":[[126.9227358,37.4008739],[126.9225919,37.4010302]]},"properties":{"edge_id":"OSM_E_837321093_3eebe5740f","from_node":"OSM_N7814723981","to_node":"OSM_N7814723982","osm_u":"7814723981","osm_v":"7814723982","osm_key":"0","osm_way_ids":[837321093],"name":"OSM 보행 구간","length":21.532,"stairs":false,"slope":null,"width":null,"curb_height":null,"surface":"unknown","elevator_required":false,"elevator_status":null,"blocked":false,"block_reason":null,"wheelchair_accessible":null,"accessibility_status":"unknown","source":"osm","accessibility_source":"osm_tags","confidence":0.7,"verified":false,"updated_at":null,"highway":["service"],"raw_accessibility_tags":{},"crosswalk_samples":[],"approach_ids":[],"demo_editable":false,"feature_type":"edge"}},{"type":"Feature","geometry":{"type":"LineString","coordinates":[[126.9227358,37.4008739],[126.9227598,37.4008998],[126.9227544,37.4009164],[126.922662,37.4010155],[126.9226204,37.4010302],[126.9225919,37.4010302]]},"properties":{"edge_id":"OSM_E_837321092_0f4afe4715","from_node":"OSM_N7814723981","to_node":"OSM_N7814723982","osm_u":"7814723981","osm_v":"7814723982","osm_key":"1","osm_way_ids":[837321092],"name":"OSM 보행 구간","length":25.735,"stairs":false,"slope":null,"width":null,"curb_height":null,"surface":"unknown","elevator_required":false,"elevator_status":null,"blocked":false,"block_reason":null,"wheelchair_accessible":null,"accessibility_status":"unknown","source":"osm","accessibility_source":"osm_tags","confidence":0.7,"verified":false,"updated_at":null,"highway":["service"],"raw_accessibility_tags":{},"crosswalk_samples":["CW11","CW12"],"approach_ids":["CW11-A","CW11-B","CW12-A","CW12-B"],"demo_editable":false,"feature_type":"edge"}},{"type":"Feature","geometry":{"type":"LineString","coordinates":[[126.9218827,37.4015013],[126.9218644,37.4014141],[126.921842,37.4013552],[126.9217922,37.4013229],[126.921656,37.4012599],[126.9216184,37.4012638],[126.9215715,37.401283],[126.9213008,37.401577]]},"properties":{"edge_id":"OSM_E_837321096_03e193e4f6","from_node":"OSM_N7814727309","to_node":"OSM_N7814727316","osm_u":"7814727309","osm_v":"7814727316","osm_key":"0","osm_way_ids":[837321096],"name":"OSM 보행 구간","length":84.786,"stairs":false,"slope":null,"width":null,"curb_height":null,"surface":"unknown","elevator_required":false,"elevator_status":null,"blocked":false,"block_reason":null,"wheelchair_accessible":null,"accessibility_status":"unknown","source":"osm","accessibility_source":"osm_tags","confidence":0.7,"verified":false,"updated_at":null,"highway":["service"],"raw_accessibility_tags":{},"crosswalk_samples":[],"approach_ids":[],"demo_editable":false,"feature_type":"edge"}},{"type":"Feature","geometry":{"type":"LineString","coordinates":[[126.9218827,37.4015013],[126.9219135,37.4011659],[126.9219425,37.4011233],[126.9220473,37.4011001]]},"properties":{"edge_id":"OSM_E_837321099_b54a9f3cc0","from_node":"OSM_N7814727309","to_node":"OSM_N11993432399","osm_u":"7814727309","osm_v":"11993432399","osm_key":"0","osm_way_ids":[837321099],"name":"OSM 보행 구간","length":52.389,"stairs":false,"slope":null,"width":null,"curb_height":null,"surface":"unknown","elevator_required":false,"elevator_status":null,"blocked":false,"block_reason":null,"wheelchair_accessible":null,"accessibility_status":"unknown","source":"osm","accessibility_source":"osm_tags","confidence":0.7,"verified":false,"updated_at":null,"highway":["service"],"raw_accessibility_tags":{},"crosswalk_samples":[],"approach_ids":[],"demo_editable":false,"feature_type":"edge"}},{"type":"Feature","geometry":{"type":"LineString","coordinates":[[126.9213008,37.401577],[126.9217083,37.4018435]]},"properties":{"edge_id":"OSM_E_837321098_ed4fd99d32","from_node":"OSM_N7814727316","to_node":"OSM_N7814727319","osm_u":"7814727316","osm_v":"7814727319","osm_key":"0","osm_way_ids":[837321098],"name":"만안로","length":46.624,"stairs":false,"slope":null,"width":null,"curb_height":null,"surface":"unknown","elevator_required":false,"elevator_status":null,"blocked":false,"block_reason":null,"wheelchair_accessible":null,"accessibility_status":"unknown","source":"osm","accessibility_source":"osm_tags","confidence":0.7,"verified":false,"updated_at":null,"highway":["residential"],"raw_accessibility_tags":{},"crosswalk_samples":["CW06"],"approach_ids":["CW06-A","CW06-B"],"demo_editable":false,"feature_type":"edge"}},{"type":"Feature","geometry":{"type":"LineString","coordinates":[[126.9217083,37.4018435],[126.9215172,37.4020639]]},"properties":{"edge_id":"OSM_E_915477947_2a7346f0c3","from_node":"OSM_N7814727319","to_node":"OSM_N7874793364","osm_u":"7814727319","osm_v":"7874793364","osm_key":"0","osm_way_ids":[915477947],"name":"만안로","length":29.758,"stairs":true,"slope":null,"width":null,"curb_height":null,"surface":"unknown","elevator_required":false,"elevator_status":null,"blocked":false,"block_reason":null,"wheelchair_accessible":false,"accessibility_status":"unknown","source":"osm","accessibility_source":"synthetic","confidence":0.6,"verified":false,"updated_at":null,"highway":["tertiary"],"raw_accessibility_tags":{},"crosswalk_samples":[],"approach_ids":[],"demo_editable":false,"demo_constraint":"stairs","feature_type":"edge"}},{"type":"Feature","geometry":{"type":"LineString","coordinates":[[126.921686,37.4016853],[126.9217584,37.401612]]},"properties":{"edge_id":"OSM_E_837760800_faec1a45b9","from_node":"OSM_N7819267502","to_node":"OSM_N7819267507","osm_u":"7819267502","osm_v":"7819267507","osm_key":"0","osm_way_ids":[837760800],"name":"일번가지하쇼핑몰","length":10.36,"stairs":true,"slope":null,"width":null,"curb_height":null,"surface":"unknown","elevator_required":false,"elevator_status":null,"blocked":false,"block_reason":null,"wheelchair_accessible":false,"accessibility_status":"unknown","source":"osm","accessibility_source":"osm_tags","confidence":0.7,"verified":false,"updated_at":null,"highway":["steps"],"raw_accessibility_tags":{},"crosswalk_samples":[],"approach_ids":[],"demo_editable":false,"feature_type":"edge"}},{"type":"Feature","geometry":{"type":"LineString","coordinates":[[126.9217595,37.4015211],[126.9217584,37.401612]]},"properties":{"edge_id":"OSM_E_843067493_b5a41be325","from_node":"OSM_N7819267503","to_node":"OSM_N7819267507","osm_u":"7819267503","osm_v":"7819267507","osm_key":"0","osm_way_ids":[843067493],"name":"일번가지하쇼핑몰","length":10.108,"stairs":true,"slope":null,"width":null,"curb_height":null,"surface":"unknown","elevator_required":false,"elevator_status":null,"blocked":false,"block_reason":null,"wheelchair_accessible":false,"accessibility_status":"unknown","source":"osm","accessibility_source":"osm_tags","confidence":0.7,"verified":false,"updated_at":null,"highway":["steps"],"raw_accessibility_tags":{},"crosswalk_samples":[],"approach_ids":[],"demo_editable":false,"feature_type":"edge"}},{"type":"Feature","geometry":{"type":"LineString","coordinates":[[126.9228772,37.4005586],[126.9226302,37.4008243]]},"properties":{"edge_id":"OSM_E_837760801_41e365fa11","from_node":"OSM_N7819267505","to_node":"OSM_N7819267514","osm_u":"7819267505","osm_v":"7819267514","osm_key":"0","osm_way_ids":[837760801],"name":"일번가지하쇼핑몰","length":36.728,"stairs":false,"slope":null,"width":null,"curb_height":null,"surface":"unknown","elevator_required":false,"elevator_status":null,"blocked":false,"block_reason":null,"wheelchair_accessible":null,"accessibility_status":"unknown","source":"osm","accessibility_source":"osm_tags","confidence":0.7,"verified":false,"updated_at":null,"highway":["pedestrian"],"raw_accessibility_tags":{},"crosswalk_samples":[],"approach_ids":[],"demo_editable":false,"feature_type":"edge"}},{"type":"Feature","geometry":{"type":"LineString","coordinates":[[126.9228772,37.4005586],[126.9229572,37.4006017]]},"properties":{"edge_id":"OSM_E_837760803_da00564329","from_node":"OSM_N7819267505","to_node":"OSM_N7819267508","osm_u":"7819267505","osm_v":"7819267508","osm_key":"0","osm_way_ids":[837760803],"name":"OSM 보행 구간","length":8.539,"stairs":false,"slope":null,"width":null,"curb_height":null,"surface":"unknown","elevator_required":false,"elevator_status":null,"blocked":false,"block_reason":null,"wheelchair_accessible":null,"accessibility_status":"unknown","source":"osm","accessibility_source":"osm_tags","confidence":0.7,"verified":false,"updated_at":null,"highway":["pedestrian"],"raw_accessibility_tags":{},"crosswalk_samples":[],"approach_ids":[],"demo_editable":false,"feature_type":"edge"}},{"type":"Feature","geometry":{"type":"LineString","coordinates":[[126.9228772,37.4005586],[126.9228233,37.4005289]]},"properties":{"edge_id":"OSM_E_844174050_1d4c0e9af2","from_node":"OSM_N7819267505","to_node":"OSM_N7874762610","osm_u":"7819267505","osm_v":"7874762610","osm_key":"0","osm_way_ids":[844174050],"name":"일번가지하쇼핑몰","length":5.794,"stairs":false,"slope":null,"width":null,"curb_height":null,"surface":"unknown","elevator_required":false,"elevator_status":null,"blocked":false,"block_reason":null,"wheelchair_accessible":null,"accessibility_status":"unknown","source":"osm","accessibility_source":"osm_tags","confidence":0.7,"verified":false,"updated_at":null,"highway":["pedestrian"],"raw_accessibility_tags":{},"crosswalk_samples":[],"approach_ids":[],"demo_editable":false,"feature_type":"edge"}},{"type":"Feature","geometry":{"type":"LineString","coordinates":[[126.9217584,37.401612],[126.9217756,37.4016206]]},"properties":{"edge_id":"OSM_E_837760802_f6f5facd23","from_node":"OSM_N7819267507","to_node":"OSM_N7819267511","osm_u":"7819267507","osm_v":"7819267511","osm_key":"0","osm_way_ids":[837760802],"name":"일번가지하쇼핑몰","length":1.795,"stairs":false,"slope":null,"width":null,"curb_height":null,"surface":"unknown","elevator_required":false,"elevator_status":null,"blocked":false,"block_reason":null,"wheelchair_accessible":null,"accessibility_status":"unknown","source":"osm","accessibility_source":"osm_tags","confidence":0.7,"verified":false,"updated_at":null,"highway":["pedestrian"],"raw_accessibility_tags":{},"crosswalk_samples":[],"approach_ids":[],"demo_editable":false,"feature_type":"edge"}},{"type":"Feature","geometry":{"type":"LineString","coordinates":[[126.9229572,37.4006017],[126.9230535,37.4004962]]},"properties":{"edge_id":"OSM_E_837760804_f4ee9e1a87","from_node":"OSM_N7819267508","to_node":"OSM_N7819267510","osm_u":"7819267508","osm_v":"7819267510","osm_key":"0","osm_way_ids":[837760804],"name":"OSM 보행 구간","length":14.491,"stairs":true,"slope":null,"width":null,"curb_height":null,"surface":"unknown","elevator_required":false,"elevator_status":null,"blocked":false,"block_reason":null,"wheelchair_accessible":false,"accessibility_status":"unknown","source":"osm","accessibility_source":"osm_tags","confidence":0.7,"verified":false,"updated_at":null,"highway":["steps"],"raw_accessibility_tags":{},"crosswalk_samples":[],"approach_ids":[],"demo_editable":false,"feature_type":"edge"}},{"type":"Feature","geometry":{"type":"LineString","coordinates":[[126.9229572,37.4006017],[126.9228879,37.4006804]]},"properties":{"edge_id":"OSM_E_843067494_1af41d7a06","from_node":"OSM_N7819267508","to_node":"OSM_N7819267509","osm_u":"7819267508","osm_v":"7819267509","osm_key":"0","osm_way_ids":[843067494],"name":"OSM 보행 구간","length":10.68,"stairs":true,"slope":null,"width":null,"curb_height":null,"surface":"unknown","elevator_required":false,"elevator_status":null,"blocked":false,"block_reason":null,"wheelchair_accessible":false,"accessibility_status":"unknown","source":"osm","accessibility_source":"osm_tags","confidence":0.7,"verified":false,"updated_at":null,"highway":["steps"],"raw_accessibility_tags":{},"crosswalk_samples":[],"approach_ids":[],"demo_editable":false,"feature_type":"edge"}},{"type":"Feature","geometry":{"type":"LineString","coordinates":[[126.9217756,37.4016206],[126.9222864,37.4010555]]},"properties":{"edge_id":"OSM_E_837760805_b9b4ab1354","from_node":"OSM_N7819267511","to_node":"OSM_N7819267516","osm_u":"7819267511","osm_v":"7819267516","osm_key":"0","osm_way_ids":[837760805],"name":"일번가지하쇼핑몰","length":77.358,"stairs":false,"slope":null,"width":null,"curb_height":null,"surface":"unknown","elevator_required":false,"elevator_status":null,"blocked":false,"block_reason":null,"wheelchair_accessible":null,"accessibility_status":"unknown","source":"osm","accessibility_source":"osm_tags","confidence":0.7,"verified":false,"updated_at":null,"highway":["pedestrian"],"raw_accessibility_tags":{},"crosswalk_samples":[],"approach_ids":[],"demo_editable":false,"feature_type":"edge"}},{"type":"Feature","geometry":{"type":"LineString","coordinates":[[126.9217756,37.4016206],[126.9218888,37.4016765],[126.9219066,37.4016853],[126.92239,37.4011061]]},"properties":{"edge_id":"OSM_E_837760801-837760802_205058affb","from_node":"OSM_N7819267511","to_node":"OSM_N7819267517","osm_u":"7819267511","osm_v":"7819267517","osm_key":"0","osm_way_ids":[837760801,837760802],"name":"일번가지하쇼핑몰","length":90.899,"stairs":false,"slope":null,"width":null,"curb_height":null,"surface":"unknown","elevator_required":false,"elevator_status":null,"blocked":false,"block_reason":null,"wheelchair_accessible":null,"accessibility_status":"unknown","source":"osm","accessibility_source":"osm_tags","confidence":0.7,"verified":false,"updated_at":null,"highway":["pedestrian"],"raw_accessibility_tags":{},"crosswalk_samples":[],"approach_ids":[],"demo_editable":false,"feature_type":"edge"}},{"type":"Feature","geometry":{"type":"LineString","coordinates":[[126.9226302,37.4008243],[126.92239,37.4011061]]},"properties":{"edge_id":"OSM_E_837760801_6ca1e74b8d","from_node":"OSM_N7819267514","to_node":"OSM_N7819267517","osm_u":"7819267514","osm_v":"7819267517","osm_key":"0","osm_way_ids":[837760801],"name":"일번가지하쇼핑몰","length":37.843,"stairs":false,"slope":null,"width":null,"curb_height":null,"surface":"unknown","elevator_required":false,"elevator_status":null,"blocked":false,"block_reason":null,"wheelchair_accessible":null,"accessibility_status":"unknown","source":"osm","accessibility_source":"osm_tags","confidence":0.7,"verified":false,"updated_at":null,"highway":["pedestrian"],"raw_accessibility_tags":{},"crosswalk_samples":[],"approach_ids":[],"demo_editable":false,"feature_type":"edge"}},{"type":"Feature","geometry":{"type":"LineString","coordinates":[[126.9226302,37.4008243],[126.9226141,37.4008151],[126.9225384,37.4007767],[126.9222864,37.4010555]]},"properties":{"edge_id":"OSM_E_837760805-837760806-837760808_3ef220d3ee","from_node":"OSM_N7819267514","to_node":"OSM_N7819267516","osm_u":"7819267514","osm_v":"7819267516","osm_key":"0","osm_way_ids":[837760805,837760806,837760808],"name":"일번가지하쇼핑몰","length":47.851,"stairs":false,"slope":null,"width":null,"curb_height":null,"surface":"unknown","elevator_required":false,"elevator_status":null,"blocked":false,"block_reason":null,"wheelchair_accessible":null,"accessibility_status":"unknown","source":"osm","accessibility_source":"osm_tags","confidence":0.7,"verified":false,"updated_at":null,"highway":["pedestrian"],"raw_accessibility_tags":{},"crosswalk_samples":[],"approach_ids":[],"demo_editable":false,"feature_type":"edge"}},{"type":"Feature","geometry":{"type":"LineString","coordinates":[[126.9222864,37.4010555],[126.92239,37.4011061]]},"properties":{"edge_id":"OSM_E_837760809_ebda2e4762","from_node":"OSM_N7819267516","to_node":"OSM_N7819267517","osm_u":"7819267516","osm_v":"7819267517","osm_key":"0","osm_way_ids":[837760809],"name":"일번가지하쇼핑몰","length":10.743,"stairs":false,"slope":null,"width":null,"curb_height":null,"surface":"unknown","elevator_required":false,"elevator_status":null,"blocked":false,"block_reason":null,"wheelchair_accessible":null,"accessibility_status":"unknown","source":"osm","accessibility_source":"osm_tags","confidence":0.7,"verified":false,"updated_at":null,"highway":["pedestrian"],"raw_accessibility_tags":{},"crosswalk_samples":[],"approach_ids":[],"demo_editable":false,"feature_type":"edge"}},{"type":"Feature","geometry":{"type":"LineString","coordinates":[[126.9222864,37.4010555],[126.9215047,37.4006372]]},"properties":{"edge_id":"OSM_E_837760812_66d3c4dbe7","from_node":"OSM_N7819267516","to_node":"OSM_N13473718812","osm_u":"7819267516","osm_v":"13473718812","osm_key":"0","osm_way_ids":[837760812],"name":"일번가지하쇼핑몰","length":83.255,"stairs":false,"slope":null,"width":null,"curb_height":null,"surface":"unknown","elevator_required":false,"elevator_status":null,"blocked":false,"block_reason":null,"wheelchair_accessible":null,"accessibility_status":"unknown","source":"osm","accessibility_source":"osm_tags","confidence":0.7,"verified":false,"updated_at":null,"highway":["pedestrian"],"raw_accessibility_tags":{},"crosswalk_samples":[],"approach_ids":[],"demo_editable":false,"feature_type":"edge"}},{"type":"Feature","geometry":{"type":"LineString","coordinates":[[126.92239,37.4011061],[126.9226089,37.4012092],[126.9226798,37.4012392],[126.9227483,37.4011486],[126.922763,37.4011278],[126.9228153,37.4011517],[126.9227368,37.4012551]]},"properties":{"edge_id":"OSM_E_837760810-837760811_22cb569b77","from_node":"OSM_N7819267517","to_node":"OSM_N7819267523","osm_u":"7819267517","osm_v":"7819267523","osm_key":"0","osm_way_ids":[837760810,837760811],"name":"일번가지하쇼핑몰","length":62.736,"stairs":false,"slope":null,"width":null,"curb_height":null,"surface":"unknown","elevator_required":false,"elevator_status":null,"blocked":false,"block_reason":null,"wheelchair_accessible":null,"accessibility_status":"unknown","source":"osm","accessibility_source":"osm_tags","confidence":0.7,"verified":false,"updated_at":null,"highway":["pedestrian","corridor"],"raw_accessibility_tags":{},"crosswalk_samples":[],"approach_ids":[],"demo_editable":false,"feature_type":"edge"}},{"type":"Feature","geometry":{"type":"LineString","coordinates":[[126.921666,37.3984298],[126.9210572,37.3991756],[126.9209894,37.3992586],[126.920364,37.4000259],[126.9204411,37.4000678],[126.9209399,37.4003348],[126.9210433,37.4003902],[126.9215047,37.4006372]]},"properties":{"edge_id":"OSM_E_837760812-837760813-837760814-837760815-837760816-837760817-837760818_f4c882b996","from_node":"OSM_N7819267525","to_node":"OSM_N13473718812","osm_u":"7819267525","osm_v":"13473718812","osm_key":"0","osm_way_ids":[837760812,837760813,837760814,837760815,837760816,837760817,837760818],"name":"일번가지하쇼핑몰","length":333.034,"stairs":false,"slope":null,"width":null,"curb_height":null,"surface":"asphalt","elevator_required":false,"elevator_status":null,"blocked":false,"block_reason":null,"wheelchair_accessible":null,"accessibility_status":"unknown","source":"osm","accessibility_source":"osm_tags","confidence":0.7,"verified":false,"updated_at":null,"highway":["pedestrian"],"raw_accessibility_tags":{},"crosswalk_samples":[],"approach_ids":[],"demo_editable":false,"feature_type":"edge"}},{"type":"Feature","geometry":{"type":"LineString","coordinates":[[126.9227879,37.4005828],[126.922614,37.4006827],[126.922458,37.4007747]]},"properties":{"edge_id":"OSM_E_318729251_54d2060f39","from_node":"OSM_N7874349618","to_node":"OSM_N7874694139","osm_u":"7874349618","osm_v":"7874694139","osm_key":"0","osm_way_ids":[318729251],"name":"만안로223번길","length":36.119,"stairs":false,"slope":null,"width":null,"curb_height":null,"surface":"unknown","elevator_required":false,"elevator_status":null,"blocked":false,"block_reason":null,"wheelchair_accessible":null,"accessibility_status":"unknown","source":"osm","accessibility_source":"osm_tags","confidence":0.7,"verified":false,"updated_at":null,"highway":["tertiary"],"raw_accessibility_tags":{},"crosswalk_samples":[],"approach_ids":[],"demo_editable":false,"feature_type":"edge"}},{"type":"Feature","geometry":{"type":"LineString","coordinates":[[126.9219893,37.4008709],[126.9221675,37.4006344],[126.922458,37.4007747]]},"properties":{"edge_id":"OSM_E_844169904_d04edcb4e0","from_node":"OSM_N7874694137","to_node":"OSM_N7874694139","osm_u":"7874694137","osm_v":"7874694139","osm_key":"0","osm_way_ids":[844169904],"name":"OSM 보행 구간","length":60.68,"stairs":false,"slope":null,"width":null,"curb_height":null,"surface":"unknown","elevator_required":false,"elevator_status":null,"blocked":false,"block_reason":null,"wheelchair_accessible":null,"accessibility_status":"unknown","source":"osm","accessibility_source":"osm_tags","confidence":0.7,"verified":false,"updated_at":null,"highway":["service"],"raw_accessibility_tags":{},"crosswalk_samples":[],"approach_ids":[],"demo_editable":false,"feature_type":"edge"}},{"type":"Feature","geometry":{"type":"LineString","coordinates":[[126.9227252,37.4005425],[126.9228233,37.4005289]]},"properties":{"edge_id":"OSM_E_844174049_306dca2517","from_node":"OSM_N7874762609","to_node":"OSM_N7874762610","osm_u":"7874762609","osm_v":"7874762610","osm_key":"0","osm_way_ids":[844174049],"name":"일번가지하쇼핑몰","length":8.797,"stairs":true,"slope":null,"width":null,"curb_height":null,"surface":"unknown","elevator_required":false,"elevator_status":null,"blocked":false,"block_reason":null,"wheelchair_accessible":false,"accessibility_status":"unknown","source":"osm","accessibility_source":"osm_tags","confidence":0.7,"verified":false,"updated_at":null,"highway":["steps"],"raw_accessibility_tags":{},"crosswalk_samples":[],"approach_ids":[],"demo_editable":false,"feature_type":"edge"}},{"type":"Feature","geometry":{"type":"LineString","coordinates":[[126.9228233,37.4005289],[126.9228919,37.4004793]]},"properties":{"edge_id":"OSM_E_844174051_d2c325ad89","from_node":"OSM_N7874762610","to_node":"OSM_N7874762611","osm_u":"7874762610","osm_v":"7874762611","osm_key":"0","osm_way_ids":[844174051],"name":"일번가지하쇼핑몰","length":8.194,"stairs":true,"slope":null,"width":null,"curb_height":null,"surface":"unknown","elevator_required":false,"elevator_status":null,"blocked":false,"block_reason":null,"wheelchair_accessible":false,"accessibility_status":"unknown","source":"osm","accessibility_source":"osm_tags","confidence":0.7,"verified":false,"updated_at":null,"highway":["steps"],"raw_accessibility_tags":{},"crosswalk_samples":[],"approach_ids":[],"demo_editable":false,"feature_type":"edge"}},{"type":"Feature","geometry":{"type":"LineString","coordinates":[[126.9215172,37.4020639],[126.9216586,37.4023153]]},"properties":{"edge_id":"OSM_E_844180368_aa95498182","from_node":"OSM_N7874793364","to_node":"OSM_N7874793365","osm_u":"7874793364","osm_v":"7874793365","osm_key":"0","osm_way_ids":[844180368],"name":"OSM 보행 구간","length":30.618,"stairs":false,"slope":null,"width":null,"curb_height":null,"surface":"unknown","elevator_required":false,"elevator_status":null,"blocked":false,"block_reason":null,"wheelchair_accessible":null,"accessibility_status":"unknown","source":"osm","accessibility_source":"osm_tags","confidence":0.7,"verified":false,"updated_at":null,"highway":["service"],"raw_accessibility_tags":{},"crosswalk_samples":["CW02"],"approach_ids":["CW02-A","CW02-B"],"demo_editable":false,"feature_type":"edge"}},{"type":"Feature","geometry":{"type":"LineString","coordinates":[[126.9216586,37.4023153],[126.9218159,37.4026007]]},"properties":{"edge_id":"OSM_E_844180370_7000a9514d","from_node":"OSM_N7874793365","to_node":"OSM_N7874856877","osm_u":"7874793365","osm_v":"7874856877","osm_key":"0","osm_way_ids":[844180370],"name":"OSM 보행 구간","length":34.644,"stairs":false,"slope":null,"width":null,"curb_height":null,"surface":"unknown","elevator_required":false,"elevator_status":null,"blocked":false,"block_reason":null,"wheelchair_accessible":null,"accessibility_status":"unknown","source":"osm","accessibility_source":"osm_tags","confidence":0.7,"verified":false,"updated_at":null,"highway":["service"],"raw_accessibility_tags":{},"crosswalk_samples":[],"approach_ids":[],"demo_editable":false,"feature_type":"edge"}},{"type":"Feature","geometry":{"type":"LineString","coordinates":[[126.9216586,37.4023153],[126.9216465,37.4023782],[126.921613,37.4024272],[126.9215846,37.4024485]]},"properties":{"edge_id":"OSM_E_844180369_d83e12bea7","from_node":"OSM_N7874793365","to_node":"OSM_N7874793368","osm_u":"7874793365","osm_v":"7874793368","osm_key":"0","osm_way_ids":[844180369],"name":"OSM 보행 구간","length":16.726,"stairs":false,"slope":null,"width":null,"curb_height":null,"surface":"unknown","elevator_required":false,"elevator_status":null,"blocked":false,"block_reason":null,"wheelchair_accessible":null,"accessibility_status":"unknown","source":"osm","accessibility_source":"osm_tags","confidence":0.7,"verified":false,"updated_at":null,"highway":["service"],"raw_accessibility_tags":{},"crosswalk_samples":[],"approach_ids":[],"demo_editable":false,"feature_type":"edge"}},{"type":"Feature","geometry":{"type":"LineString","coordinates":[[126.9199625,37.3998763],[126.9201043,37.3997482]]},"properties":{"edge_id":"OSM_E_844194401_94d09c08bd","from_node":"OSM_N7874938888","to_node":"OSM_N7874938893","osm_u":"7874938888","osm_v":"7874938893","osm_key":"0","osm_way_ids":[844194401],"name":"OSM 보행 구간","length":18.968,"stairs":false,"slope":null,"width":null,"curb_height":null,"surface":"unknown","elevator_required":false,"elevator_status":null,"blocked":false,"block_reason":null,"wheelchair_accessible":null,"accessibility_status":"unknown","source":"osm","accessibility_source":"osm_tags","confidence":0.7,"verified":false,"updated_at":null,"highway":["footway"],"raw_accessibility_tags":{},"crosswalk_samples":[],"approach_ids":[],"demo_editable":false,"feature_type":"edge"}},{"type":"Feature","geometry":{"type":"LineString","coordinates":[[126.9287709,37.4017764],[126.9302823,37.4017699]]},"properties":{"edge_id":"OSM_E_380698412_85d577c47b","from_node":"OSM_N8046525086","to_node":"OSM_N13463603655","osm_u":"8046525086","osm_v":"13463603655","osm_key":"0","osm_way_ids":[380698412],"name":"임곡로","length":133.508,"stairs":false,"slope":null,"width":null,"curb_height":null,"surface":"unknown","elevator_required":false,"elevator_status":null,"blocked":false,"block_reason":null,"wheelchair_accessible":null,"accessibility_status":"unknown","source":"osm","accessibility_source":"osm_tags","confidence":0.7,"verified":false,"updated_at":null,"highway":["tertiary"],"raw_accessibility_tags":{},"crosswalk_samples":[],"approach_ids":[],"demo_editable":false,"feature_type":"edge"}},{"type":"Feature","geometry":{"type":"LineString","coordinates":[[126.9302089,37.4024391],[126.9300621,37.4027637],[126.9300211,37.4028953],[126.9299699,37.4030684]]},"properties":{"edge_id":"OSM_E_878652490_57d39dc2a2","from_node":"OSM_N8173956081","to_node":"OSM_N8173956083","osm_u":"8173956081","osm_v":"8173956083","osm_key":"0","osm_way_ids":[878652490],"name":"OSM 보행 구간","length":73.199,"stairs":true,"slope":null,"width":null,"curb_height":null,"surface":"unknown","elevator_required":false,"elevator_status":null,"blocked":false,"block_reason":null,"wheelchair_accessible":false,"accessibility_status":"unknown","source":"osm","accessibility_source":"osm_tags","confidence":0.7,"verified":false,"updated_at":null,"highway":["steps"],"raw_accessibility_tags":{},"crosswalk_samples":[],"approach_ids":[],"demo_editable":false,"feature_type":"edge"}},{"type":"Feature","geometry":{"type":"LineString","coordinates":[[126.9303079,37.4029634],[126.9307154,37.4032094]]},"properties":{"edge_id":"OSM_E_484348863_c9c475b900","from_node":"OSM_N8173972822","to_node":"OSM_N8173972992","osm_u":"8173972822","osm_v":"8173972992","osm_key":"0","osm_way_ids":[484348863],"name":"OSM 보행 구간","length":45.209,"stairs":false,"slope":null,"width":null,"curb_height":null,"surface":"unknown","elevator_required":false,"elevator_status":null,"blocked":false,"block_reason":null,"wheelchair_accessible":null,"accessibility_status":"unknown","source":"osm","accessibility_source":"osm_tags","confidence":0.7,"verified":false,"updated_at":null,"highway":["service"],"raw_accessibility_tags":{},"crosswalk_samples":[],"approach_ids":[],"demo_editable":false,"feature_type":"edge"}},{"type":"Feature","geometry":{"type":"LineString","coordinates":[[126.9303079,37.4029634],[126.9304862,37.4027634]]},"properties":{"edge_id":"OSM_E_878652562_c4eb4c0605","from_node":"OSM_N8173972822","to_node":"OSM_N8173972991","osm_u":"8173972822","osm_v":"8173972991","osm_key":"0","osm_way_ids":[878652562],"name":"OSM 보행 구간","length":27.251,"stairs":true,"slope":null,"width":null,"curb_height":null,"surface":"unknown","elevator_required":false,"elevator_status":null,"blocked":false,"block_reason":null,"wheelchair_accessible":false,"accessibility_status":"unknown","source":"osm","accessibility_source":"osm_tags","confidence":0.7,"verified":false,"updated_at":null,"highway":["steps"],"raw_accessibility_tags":{},"crosswalk_samples":[],"approach_ids":[],"demo_editable":false,"feature_type":"edge"}},{"type":"Feature","geometry":{"type":"LineString","coordinates":[[126.9312209,37.4035145],[126.9307154,37.4032094]]},"properties":{"edge_id":"OSM_E_484348863_a8590a4e5e","from_node":"OSM_N8173972828","to_node":"OSM_N8173972992","osm_u":"8173972828","osm_v":"8173972992","osm_key":"0","osm_way_ids":[484348863],"name":"OSM 보행 구간","length":56.078,"stairs":false,"slope":null,"width":null,"curb_height":null,"surface":"unknown","elevator_required":false,"elevator_status":null,"blocked":false,"block_reason":null,"wheelchair_accessible":null,"accessibility_status":"unknown","source":"osm","accessibility_source":"osm_tags","confidence":0.7,"verified":false,"updated_at":null,"highway":["service"],"raw_accessibility_tags":{},"crosswalk_samples":[],"approach_ids":[],"demo_editable":false,"feature_type":"edge"}},{"type":"Feature","geometry":{"type":"LineString","coordinates":[[126.9302015,37.4023838],[126.9302737,37.4023091],[126.9303326,37.4022333],[126.9303435,37.4021861],[126.930317,37.4021339],[126.9302895,37.402105],[126.9302497,37.4020631],[126.9301754,37.402022],[126.9300918,37.4019886],[126.9299396,37.4019596],[126.9298182,37.4019364],[126.9293315,37.4019001],[126.9290608,37.401875],[126.9287796,37.4018395]]},"properties":{"edge_id":"OSM_E_878652488-878652489-878652491-878652492-878652539_585a2d0492","from_node":"OSM_N8173972887","to_node":"OSM_N8173972889","osm_u":"8173972887","osm_v":"8173972889","osm_key":"0","osm_way_ids":[878652488,878652489,878652491,878652492,878652539],"name":"OSM 보행 구간","length":175.361,"stairs":true,"slope":null,"width":null,"curb_height":null,"surface":"unknown","elevator_required":false,"elevator_status":null,"blocked":false,"block_reason":null,"wheelchair_accessible":false,"accessibility_status":"unknown","source":"osm","accessibility_source":"osm_tags","confidence":0.7,"verified":false,"updated_at":null,"highway":["steps","footway"],"raw_accessibility_tags":{},"crosswalk_samples":[],"approach_ids":[],"demo_editable":false,"feature_type":"edge"}},{"type":"Feature","geometry":{"type":"LineString","coordinates":[[126.9306208,37.4034046],[126.9305308,37.4034916]]},"properties":{"edge_id":"OSM_E_878652543_9fbcd03818","from_node":"OSM_N8173972920","to_node":"OSM_N8173972921","osm_u":"8173972920","osm_v":"8173972921","osm_key":"0","osm_way_ids":[878652543],"name":"OSM 보행 구간","length":12.521,"stairs":false,"slope":null,"width":null,"curb_height":null,"surface":"unknown","elevator_required":false,"elevator_status":null,"blocked":false,"block_reason":null,"wheelchair_accessible":null,"accessibility_status":"unknown","source":"osm","accessibility_source":"osm_tags","confidence":0.7,"verified":false,"updated_at":null,"highway":["footway"],"raw_accessibility_tags":{},"crosswalk_samples":[],"approach_ids":[],"demo_editable":false,"feature_type":"edge"}},{"type":"Feature","geometry":{"type":"LineString","coordinates":[[126.9302092,37.4027862],[126.9302619,37.4027099],[126.9303329,37.4025497]]},"properties":{"edge_id":"OSM_E_878652558_6738c451d9","from_node":"OSM_N8173972968","to_node":"OSM_N8173972969","osm_u":"8173972968","osm_v":"8173972969","osm_key":"0","osm_way_ids":[878652558],"name":"OSM 보행 구간","length":28.563,"stairs":true,"slope":null,"width":null,"curb_height":null,"surface":"unknown","elevator_required":false,"elevator_status":null,"blocked":false,"block_reason":null,"wheelchair_accessible":false,"accessibility_status":"unknown","source":"osm","accessibility_source":"osm_tags","confidence":0.7,"verified":false,"updated_at":null,"highway":["steps"],"raw_accessibility_tags":{},"crosswalk_samples":[],"approach_ids":[],"demo_editable":false,"feature_type":"edge"}},{"type":"Feature","geometry":{"type":"LineString","coordinates":[[126.9303329,37.4025497],[126.9302305,37.4025226]]},"properties":{"edge_id":"OSM_E_878652560_e85d29e3bf","from_node":"OSM_N8173972969","to_node":"OSM_N8173972973","osm_u":"8173972969","osm_v":"8173972973","osm_key":"0","osm_way_ids":[878652560],"name":"OSM 보행 구간","length":9.534,"stairs":true,"slope":null,"width":null,"curb_height":null,"surface":"unknown","elevator_required":false,"elevator_status":null,"blocked":false,"block_reason":null,"wheelchair_accessible":false,"accessibility_status":"unknown","source":"osm","accessibility_source":"osm_tags","confidence":0.7,"verified":false,"updated_at":null,"highway":["steps"],"raw_accessibility_tags":{},"crosswalk_samples":[],"approach_ids":[],"demo_editable":false,"feature_type":"edge"}},{"type":"Feature","geometry":{"type":"LineString","coordinates":[[126.9303329,37.4025497],[126.9304242,37.402531],[126.9304735,37.4024682]]},"properties":{"edge_id":"OSM_E_878652559_ad91ac8f30","from_node":"OSM_N8173972969","to_node":"OSM_N8173972971","osm_u":"8173972969","osm_v":"8173972971","osm_key":"0","osm_way_ids":[878652559],"name":"OSM 보행 구간","length":16.558,"stairs":true,"slope":null,"width":null,"curb_height":null,"surface":"unknown","elevator_required":false,"elevator_status":null,"blocked":false,"block_reason":null,"wheelchair_accessible":false,"accessibility_status":"unknown","source":"osm","accessibility_source":"osm_tags","confidence":0.7,"verified":false,"updated_at":null,"highway":["steps"],"raw_accessibility_tags":{},"crosswalk_samples":[],"approach_ids":[],"demo_editable":false,"feature_type":"edge"}},{"type":"Feature","geometry":{"type":"LineString","coordinates":[[126.9307154,37.4032094],[126.9308429,37.4030823]]},"properties":{"edge_id":"OSM_E_878652563_76022ceea5","from_node":"OSM_N8173972992","to_node":"OSM_N8173972993","osm_u":"8173972992","osm_v":"8173972993","osm_key":"0","osm_way_ids":[878652563],"name":"OSM 보행 구간","length":18.071,"stairs":true,"slope":null,"width":null,"curb_height":null,"surface":"unknown","elevator_required":false,"elevator_status":null,"blocked":false,"block_reason":null,"wheelchair_accessible":false,"accessibility_status":"unknown","source":"osm","accessibility_source":"osm_tags","confidence":0.7,"verified":false,"updated_at":null,"highway":["steps"],"raw_accessibility_tags":{},"crosswalk_samples":[],"approach_ids":[],"demo_editable":false,"feature_type":"edge"}},{"type":"Feature","geometry":{"type":"LineString","coordinates":[[126.9289903,37.3962993],[126.9286196,37.3961256]]},"properties":{"edge_id":"OSM_E_378310198_7e1984c4b3","from_node":"OSM_N8603104521","to_node":"OSM_N9212507171","osm_u":"8603104521","osm_v":"9212507171","osm_key":"0","osm_way_ids":[378310198],"name":"OSM 보행 구간","length":38.019,"stairs":false,"slope":null,"width":null,"curb_height":null,"surface":"unknown","elevator_required":false,"elevator_status":null,"blocked":false,"block_reason":null,"wheelchair_accessible":null,"accessibility_status":"unknown","source":"osm","accessibility_source":"osm_tags","confidence":0.7,"verified":false,"updated_at":null,"highway":["residential"],"raw_accessibility_tags":{},"crosswalk_samples":[],"approach_ids":[],"demo_editable":false,"feature_type":"edge"}},{"type":"Feature","geometry":{"type":"LineString","coordinates":[[126.9316205,37.396705],[126.9311958,37.3963748]]},"properties":{"edge_id":"OSM_E_927236591_b4688cb995","from_node":"OSM_N8603117532","to_node":"OSM_N8603117533","osm_u":"8603117532","osm_v":"8603117533","osm_key":"0","osm_way_ids":[927236591],"name":"OSM 보행 구간","length":52.495,"stairs":false,"slope":null,"width":null,"curb_height":null,"surface":"unknown","elevator_required":false,"elevator_status":null,"blocked":false,"block_reason":null,"wheelchair_accessible":null,"accessibility_status":"unknown","source":"osm","accessibility_source":"osm_tags","confidence":0.7,"verified":false,"updated_at":null,"highway":["footway"],"raw_accessibility_tags":{},"crosswalk_samples":[],"approach_ids":[],"demo_editable":false,"feature_type":"edge"}},{"type":"Feature","geometry":{"type":"LineString","coordinates":[[126.9311958,37.3963748],[126.9315756,37.3961332]]},"properties":{"edge_id":"OSM_E_475755505_66f69ddb50","from_node":"OSM_N8603117533","to_node":"OSM_N12152881345","osm_u":"8603117533","osm_v":"12152881345","osm_key":"0","osm_way_ids":[475755505],"name":"태평로60번길","length":42.981,"stairs":false,"slope":null,"width":null,"curb_height":null,"surface":"unknown","elevator_required":false,"elevator_status":null,"blocked":false,"block_reason":null,"wheelchair_accessible":null,"accessibility_status":"unknown","source":"osm","accessibility_source":"osm_tags","confidence":0.7,"verified":false,"updated_at":null,"highway":["residential"],"raw_accessibility_tags":{},"crosswalk_samples":[],"approach_ids":[],"demo_editable":false,"feature_type":"edge"}},{"type":"Feature","geometry":{"type":"LineString","coordinates":[[126.9311958,37.3963748],[126.9306977,37.3959698],[126.9303463,37.3959594],[126.9300886,37.3957566]]},"properties":{"edge_id":"OSM_E_927236591_1c1fcd440d","from_node":"OSM_N8603117533","to_node":"OSM_N8603117535","osm_u":"8603117533","osm_v":"8603117535","osm_key":"0","osm_way_ids":[927236591],"name":"OSM 보행 구간","length":126.07,"stairs":false,"slope":null,"width":null,"curb_height":null,"surface":"unknown","elevator_required":false,"elevator_status":null,"blocked":false,"block_reason":null,"wheelchair_accessible":null,"accessibility_status":"unknown","source":"osm","accessibility_source":"osm_tags","confidence":0.7,"verified":false,"updated_at":null,"highway":["footway"],"raw_accessibility_tags":{},"crosswalk_samples":[],"approach_ids":[],"demo_editable":false,"feature_type":"edge"}},{"type":"Feature","geometry":{"type":"LineString","coordinates":[[126.9300886,37.3957566],[126.9302849,37.3957641],[126.9304464,37.3958642],[126.9306367,37.3958775],[126.9308092,37.3958048],[126.9309938,37.3956569]]},"properties":{"edge_id":"OSM_E_998179361_7decd436af","from_node":"OSM_N8603117535","to_node":"OSM_N12152881346","osm_u":"8603117535","osm_v":"12152881346","osm_key":"0","osm_way_ids":[998179361],"name":"OSM 보행 구간","length":92.743,"stairs":false,"slope":null,"width":null,"curb_height":null,"surface":"unknown","elevator_required":false,"elevator_status":null,"blocked":false,"block_reason":null,"wheelchair_accessible":null,"accessibility_status":"unknown","source":"osm","accessibility_source":"osm_tags","confidence":0.7,"verified":false,"updated_at":null,"highway":["residential"],"raw_accessibility_tags":{},"crosswalk_samples":[],"approach_ids":[],"demo_editable":false,"feature_type":"edge"}},{"type":"Feature","geometry":{"type":"LineString","coordinates":[[126.9230454,37.3885264],[126.9229567,37.3884175],[126.9227468,37.387939],[126.922536,37.3874619],[126.9220753,37.3864649]]},"properties":{"edge_id":"OSM_E_814055254_46dd248152","from_node":"OSM_N8603159950","to_node":"OSM_N13078948186","osm_u":"8603159950","osm_v":"13078948186","osm_key":"0","osm_way_ids":[814055254],"name":"소곡로","length":245.092,"stairs":false,"slope":null,"width":null,"curb_height":null,"surface":"unknown","elevator_required":false,"elevator_status":null,"blocked":false,"block_reason":null,"wheelchair_accessible":null,"accessibility_status":"unknown","source":"osm","accessibility_source":"osm_tags","confidence":0.7,"verified":false,"updated_at":null,"highway":["residential"],"raw_accessibility_tags":{},"crosswalk_samples":[],"approach_ids":[],"demo_editable":false,"feature_type":"edge"}},{"type":"Feature","geometry":{"type":"LineString","coordinates":[[126.9230454,37.3885264],[126.9229829,37.38854],[126.9229239,37.3885357],[126.9228238,37.3885187],[126.9227588,37.3885036],[126.9227269,37.3884858],[126.9226963,37.3884643],[126.9226715,37.3884558],[126.9226196,37.3884362],[126.9225854,37.3884221],[126.9224721,37.388408],[126.9220673,37.388343],[126.9215116,37.3882602],[126.920959,37.3881597]]},"properties":{"edge_id":"OSM_E_1417492465_a7cdf32987","from_node":"OSM_N8603159950","to_node":"OSM_N13026254950","osm_u":"8603159950","osm_v":"13026254950","osm_key":"0","osm_way_ids":[1417492465],"name":"OSM 보행 구간","length":190.56,"stairs":false,"slope":null,"width":null,"curb_height":null,"surface":"unknown","elevator_required":false,"elevator_status":null,"blocked":false,"block_reason":null,"wheelchair_accessible":null,"accessibility_status":"unknown","source":"osm","accessibility_source":"osm_tags","confidence":0.7,"verified":false,"updated_at":null,"highway":["residential"],"raw_accessibility_tags":{},"crosswalk_samples":[],"approach_ids":[],"demo_editable":false,"feature_type":"edge"}},{"type":"Feature","geometry":{"type":"LineString","coordinates":[[126.9243616,37.3884336],[126.9245009,37.3886909],[126.9245922,37.3887803],[126.924681,37.3888598]]},"properties":{"edge_id":"OSM_E_814055256_3a90fc2f71","from_node":"OSM_N8603159951","to_node":"OSM_N8603159952","osm_u":"8603159951","osm_v":"8603159952","osm_key":"0","osm_way_ids":[814055256],"name":"소곡로","length":55.766,"stairs":false,"slope":null,"width":null,"curb_height":null,"surface":"unknown","elevator_required":false,"elevator_status":null,"blocked":false,"block_reason":null,"wheelchair_accessible":null,"accessibility_status":"unknown","source":"osm","accessibility_source":"osm_tags","confidence":0.7,"verified":false,"updated_at":null,"highway":["residential"],"raw_accessibility_tags":{},"crosswalk_samples":[],"approach_ids":[],"demo_editable":false,"feature_type":"edge"}},{"type":"Feature","geometry":{"type":"LineString","coordinates":[[126.9244102,37.4019992],[126.9245974,37.4021229]]},"properties":{"edge_id":"OSM_E_969817600_0dd9fdb6d8","from_node":"OSM_N8974707390","to_node":"OSM_N8974707394","osm_u":"8974707390","osm_v":"8974707394","osm_key":"0","osm_way_ids":[969817600],"name":"OSM 보행 구간","length":21.509,"stairs":false,"slope":null,"width":null,"curb_height":null,"surface":"unknown","elevator_required":false,"elevator_status":null,"blocked":false,"block_reason":null,"wheelchair_accessible":null,"accessibility_status":"unknown","source":"osm","accessibility_source":"osm_tags","confidence":0.7,"verified":false,"updated_at":null,"highway":["residential"],"raw_accessibility_tags":{},"crosswalk_samples":[],"approach_ids":[],"demo_editable":false,"feature_type":"edge"}},{"type":"Feature","geometry":{"type":"LineString","coordinates":[[126.9244102,37.4019992],[126.9241632,37.4022283],[126.9238892,37.4025007]]},"properties":{"edge_id":"OSM_E_469912230_14ff4714f2","from_node":"OSM_N8974707390","to_node":"OSM_N8974707401","osm_u":"8974707390","osm_v":"8974707401","osm_key":"0","osm_way_ids":[469912230],"name":"OSM 보행 구간","length":72.313,"stairs":false,"slope":null,"width":null,"curb_height":null,"surface":"unknown","elevator_required":false,"elevator_status":null,"blocked":false,"block_reason":null,"wheelchair_accessible":null,"accessibility_status":"unknown","source":"osm","accessibility_source":"osm_tags","confidence":0.7,"verified":false,"updated_at":null,"highway":["residential"],"raw_accessibility_tags":{},"crosswalk_samples":[],"approach_ids":[],"demo_editable":false,"feature_type":"edge"}},{"type":"Feature","geometry":{"type":"LineString","coordinates":[[126.9245974,37.4021229],[126.9246989,37.40219]]},"properties":{"edge_id":"OSM_E_969817600_c7a6994473","from_node":"OSM_N8974707394","to_node":"OSM_N8974707395","osm_u":"8974707394","osm_v":"8974707395","osm_key":"0","osm_way_ids":[969817600],"name":"OSM 보행 구간","length":11.664,"stairs":false,"slope":null,"width":null,"curb_height":null,"surface":"unknown","elevator_required":false,"elevator_status":null,"blocked":false,"block_reason":null,"wheelchair_accessible":null,"accessibility_status":"unknown","source":"osm","accessibility_source":"osm_tags","confidence":0.7,"verified":false,"updated_at":null,"highway":["residential"],"raw_accessibility_tags":{},"crosswalk_samples":[],"approach_ids":[],"demo_editable":false,"feature_type":"edge"}},{"type":"Feature","geometry":{"type":"LineString","coordinates":[[126.9245974,37.4021229],[126.9248792,37.4018909],[126.9249917,37.4019579]]},"properties":{"edge_id":"OSM_E_969817600_bc05d710a3","from_node":"OSM_N8974707394","to_node":"OSM_N8974707396","osm_u":"8974707394","osm_v":"8974707396","osm_key":"0","osm_way_ids":[969817600],"name":"OSM 보행 구간","length":48.269,"stairs":false,"slope":null,"width":null,"curb_height":null,"surface":"unknown","elevator_required":false,"elevator_status":null,"blocked":false,"block_reason":null,"wheelchair_accessible":null,"accessibility_status":"unknown","source":"osm","accessibility_source":"osm_tags","confidence":0.7,"verified":false,"updated_at":null,"highway":["residential"],"raw_accessibility_tags":{},"crosswalk_samples":[],"approach_ids":[],"demo_editable":false,"feature_type":"edge"}},{"type":"Feature","geometry":{"type":"LineString","coordinates":[[126.9246989,37.40219],[126.9249917,37.4019579]]},"properties":{"edge_id":"OSM_E_969817601_aacfb702e6","from_node":"OSM_N8974707395","to_node":"OSM_N8974707396","osm_u":"8974707395","osm_v":"8974707396","osm_key":"0","osm_way_ids":[969817601],"name":"OSM 보행 구간","length":36.538,"stairs":false,"slope":null,"width":null,"curb_height":null,"surface":"unknown","elevator_required":false,"elevator_status":null,"blocked":false,"block_reason":null,"wheelchair_accessible":null,"accessibility_status":"unknown","source":"osm","accessibility_source":"osm_tags","confidence":0.7,"verified":false,"updated_at":null,"highway":["residential"],"raw_accessibility_tags":{},"crosswalk_samples":[],"approach_ids":[],"demo_editable":false,"feature_type":"edge"}},{"type":"Feature","geometry":{"type":"LineString","coordinates":[[126.9246989,37.40219],[126.9248577,37.4022949],[126.9251485,37.4020511],[126.9249917,37.4019579]]},"properties":{"edge_id":"OSM_E_969817600_7caefef1bf","from_node":"OSM_N8974707395","to_node":"OSM_N8974707396","osm_u":"8974707395","osm_v":"8974707396","osm_key":"1","osm_way_ids":[969817600],"name":"OSM 보행 구간","length":72.888,"stairs":false,"slope":null,"width":null,"curb_height":null,"surface":"unknown","elevator_required":false,"elevator_status":null,"blocked":false,"block_reason":null,"wheelchair_accessible":null,"accessibility_status":"unknown","source":"osm","accessibility_source":"osm_tags","confidence":0.7,"verified":false,"updated_at":null,"highway":["residential"],"raw_accessibility_tags":{},"crosswalk_samples":[],"approach_ids":[],"demo_editable":false,"feature_type":"edge"}},{"type":"Feature","geometry":{"type":"LineString","coordinates":[[126.9238892,37.4025007],[126.9240056,37.4025875]]},"properties":{"edge_id":"OSM_E_969817603_bbfb29af6f","from_node":"OSM_N8974707401","to_node":"OSM_N8974707405","osm_u":"8974707401","osm_v":"8974707405","osm_key":"0","osm_way_ids":[969817603],"name":"OSM 보행 구간","length":14.102,"stairs":false,"slope":null,"width":null,"curb_height":null,"surface":"unknown","elevator_required":false,"elevator_status":null,"blocked":false,"block_reason":null,"wheelchair_accessible":null,"accessibility_status":"unknown","source":"osm","accessibility_source":"osm_tags","confidence":0.7,"verified":false,"updated_at":null,"highway":["residential"],"raw_accessibility_tags":{},"crosswalk_samples":[],"approach_ids":[],"demo_editable":false,"feature_type":"edge"}},{"type":"Feature","geometry":{"type":"LineString","coordinates":[[126.9240056,37.4025875],[126.9241149,37.4024844]]},"properties":{"edge_id":"OSM_E_969817603_ce00bad849","from_node":"OSM_N8974707405","to_node":"OSM_N8974707406","osm_u":"8974707405","osm_v":"8974707406","osm_key":"0","osm_way_ids":[969817603],"name":"OSM 보행 구간","length":14.988,"stairs":false,"slope":null,"width":null,"curb_height":null,"surface":"unknown","elevator_required":false,"elevator_status":null,"blocked":false,"block_reason":null,"wheelchair_accessible":null,"accessibility_status":"unknown","source":"osm","accessibility_source":"osm_tags","confidence":0.7,"verified":false,"updated_at":null,"highway":["residential"],"raw_accessibility_tags":{},"crosswalk_samples":[],"approach_ids":[],"demo_editable":false,"feature_type":"edge"}},{"type":"Feature","geometry":{"type":"LineString","coordinates":[[126.9240056,37.4025875],[126.9242756,37.4027887],[126.9243931,37.4026842]]},"properties":{"edge_id":"OSM_E_969817603_154c232371","from_node":"OSM_N8974707405","to_node":"OSM_N8974707407","osm_u":"8974707405","osm_v":"8974707407","osm_key":"0","osm_way_ids":[969817603],"name":"OSM 보행 구간","length":48.281,"stairs":false,"slope":null,"width":null,"curb_height":null,"surface":"unknown","elevator_required":false,"elevator_status":null,"blocked":false,"block_reason":null,"wheelchair_accessible":null,"accessibility_status":"unknown","source":"osm","accessibility_source":"osm_tags","confidence":0.7,"verified":false,"updated_at":null,"highway":["residential"],"raw_accessibility_tags":{},"crosswalk_samples":[],"approach_ids":[],"demo_editable":false,"feature_type":"edge"}},{"type":"Feature","geometry":{"type":"LineString","coordinates":[[126.9241149,37.4024844],[126.9243931,37.4026842]]},"properties":{"edge_id":"OSM_E_969817604_98c05a77b3","from_node":"OSM_N8974707406","to_node":"OSM_N8974707407","osm_u":"8974707406","osm_v":"8974707407","osm_key":"0","osm_way_ids":[969817604],"name":"OSM 보행 구간","length":33.128,"stairs":false,"slope":null,"width":null,"curb_height":null,"surface":"unknown","elevator_required":false,"elevator_status":null,"blocked":false,"block_reason":null,"wheelchair_accessible":null,"accessibility_status":"unknown","source":"osm","accessibility_source":"osm_tags","confidence":0.7,"verified":false,"updated_at":null,"highway":["residential"],"raw_accessibility_tags":{},"crosswalk_samples":[],"approach_ids":[],"demo_editable":false,"feature_type":"edge"}},{"type":"Feature","geometry":{"type":"LineString","coordinates":[[126.9241149,37.4024844],[126.9242907,37.4023186],[126.9245684,37.4025283],[126.9243931,37.4026842]]},"properties":{"edge_id":"OSM_E_969817603_314a543856","from_node":"OSM_N8974707406","to_node":"OSM_N8974707407","osm_u":"8974707406","osm_v":"8974707407","osm_key":"1","osm_way_ids":[969817603],"name":"OSM 보행 구간","length":81.193,"stairs":false,"slope":null,"width":null,"curb_height":null,"surface":"unknown","elevator_required":false,"elevator_status":null,"blocked":false,"block_reason":null,"wheelchair_accessible":null,"accessibility_status":"unknown","source":"osm","accessibility_source":"osm_tags","confidence":0.7,"verified":false,"updated_at":null,"highway":["residential"],"raw_accessibility_tags":{},"crosswalk_samples":[],"approach_ids":[],"demo_editable":false,"feature_type":"edge"}},{"type":"Feature","geometry":{"type":"LineString","coordinates":[[126.9233286,37.40304],[126.9230706,37.4032863],[126.9234069,37.4035323]]},"properties":{"edge_id":"OSM_E_469912230-969817606_8db6e62378","from_node":"OSM_N8974707408","to_node":"OSM_N8974707409","osm_u":"8974707408","osm_v":"8974707409","osm_key":"0","osm_way_ids":[469912230,969817606],"name":"OSM 보행 구간","length":76.011,"stairs":false,"slope":null,"width":null,"curb_height":null,"surface":"unknown","elevator_required":false,"elevator_status":null,"blocked":false,"block_reason":null,"wheelchair_accessible":null,"accessibility_status":"unknown","source":"osm","accessibility_source":"osm_tags","confidence":0.7,"verified":false,"updated_at":null,"highway":["residential"],"raw_accessibility_tags":{},"crosswalk_samples":[],"approach_ids":[],"demo_editable":false,"feature_type":"edge"}},{"type":"Feature","geometry":{"type":"LineString","coordinates":[[126.9235731,37.4030435],[126.923754,37.4031575]]},"properties":{"edge_id":"OSM_E_969817607_d7701b6d37","from_node":"OSM_N8974707410","to_node":"OSM_N8974707411","osm_u":"8974707410","osm_v":"8974707411","osm_key":"0","osm_way_ids":[969817607],"name":"OSM 보행 구간","length":20.397,"stairs":false,"slope":null,"width":null,"curb_height":null,"surface":"unknown","elevator_required":false,"elevator_status":null,"blocked":false,"block_reason":null,"wheelchair_accessible":null,"accessibility_status":"unknown","source":"osm","accessibility_source":"osm_tags","confidence":0.7,"verified":false,"updated_at":null,"highway":["residential"],"raw_accessibility_tags":{},"crosswalk_samples":[],"approach_ids":[],"demo_editable":false,"feature_type":"edge"}},{"type":"Feature","geometry":{"type":"LineString","coordinates":[[126.9227919,37.4023904],[126.9232067,37.4025983]]},"properties":{"edge_id":"OSM_E_969817610_0991fe3155","from_node":"OSM_N8974707420","to_node":"OSM_N8974707421","osm_u":"8974707420","osm_v":"8974707421","osm_key":"0","osm_way_ids":[969817610],"name":"OSM 보행 구간","length":43.323,"stairs":false,"slope":null,"width":null,"curb_height":null,"surface":"unknown","elevator_required":false,"elevator_status":null,"blocked":false,"block_reason":null,"wheelchair_accessible":null,"accessibility_status":"unknown","source":"osm","accessibility_source":"osm_tags","confidence":0.7,"verified":false,"updated_at":null,"highway":["residential"],"raw_accessibility_tags":{},"crosswalk_samples":[],"approach_ids":[],"demo_editable":false,"feature_type":"edge"}},{"type":"Feature","geometry":{"type":"LineString","coordinates":[[126.9232067,37.4025983],[126.9229408,37.4029083],[126.9226683,37.4027807],[126.9228686,37.4025356]]},"properties":{"edge_id":"OSM_E_969817611_1c520b78c8","from_node":"OSM_N8974707421","to_node":"OSM_N8974707424","osm_u":"8974707421","osm_v":"8974707424","osm_key":"0","osm_way_ids":[969817611],"name":"OSM 보행 구간","length":102.146,"stairs":false,"slope":null,"width":null,"curb_height":null,"surface":"unknown","elevator_required":false,"elevator_status":null,"blocked":false,"block_reason":null,"wheelchair_accessible":null,"accessibility_status":"unknown","source":"osm","accessibility_source":"osm_tags","confidence":0.7,"verified":false,"updated_at":null,"highway":["residential"],"raw_accessibility_tags":{},"crosswalk_samples":[],"approach_ids":[],"demo_editable":false,"feature_type":"edge"}},{"type":"Feature","geometry":{"type":"LineString","coordinates":[[126.9245668,37.4016283],[126.9247223,37.4013233]]},"properties":{"edge_id":"OSM_E_969817613_53b52b60a6","from_node":"OSM_N8974707429","to_node":"OSM_N8974707433","osm_u":"8974707429","osm_v":"8974707433","osm_key":"0","osm_way_ids":[969817613],"name":"OSM 보행 구간","length":36.591,"stairs":false,"slope":null,"width":null,"curb_height":null,"surface":"unknown","elevator_required":false,"elevator_status":null,"blocked":false,"block_reason":null,"wheelchair_accessible":null,"accessibility_status":"unknown","source":"osm","accessibility_source":"osm_tags","confidence":0.7,"verified":false,"updated_at":null,"highway":["residential"],"raw_accessibility_tags":{},"crosswalk_samples":[],"approach_ids":[],"demo_editable":false,"feature_type":"edge"}},{"type":"Feature","geometry":{"type":"LineString","coordinates":[[126.9247223,37.4013233],[126.9248082,37.4011549],[126.924349,37.4009657],[126.9242417,37.4010782],[126.9247223,37.4013233]]},"properties":{"edge_id":"OSM_E_969817613_12076e4cae","from_node":"OSM_N8974707433","to_node":"OSM_N8974707433","osm_u":"8974707433","osm_v":"8974707433","osm_key":"0","osm_way_ids":[969817613],"name":"OSM 보행 구간","length":132.041,"stairs":false,"slope":null,"width":null,"curb_height":null,"surface":"unknown","elevator_required":false,"elevator_status":null,"blocked":false,"block_reason":null,"wheelchair_accessible":null,"accessibility_status":"unknown","source":"osm","accessibility_source":"osm_tags","confidence":0.7,"verified":false,"updated_at":null,"highway":["residential"],"raw_accessibility_tags":{},"crosswalk_samples":[],"approach_ids":[],"demo_editable":false,"feature_type":"edge"}},{"type":"Feature","geometry":{"type":"LineString","coordinates":[[126.9247738,37.4017407],[126.92514,37.4014869]]},"properties":{"edge_id":"OSM_E_969817614_15ac4285f9","from_node":"OSM_N8974707434","to_node":"OSM_N8974707435","osm_u":"8974707434","osm_v":"8974707435","osm_key":"0","osm_way_ids":[969817614],"name":"OSM 보행 구간","length":42.928,"stairs":false,"slope":null,"width":null,"curb_height":null,"surface":"unknown","elevator_required":false,"elevator_status":null,"blocked":false,"block_reason":null,"wheelchair_accessible":null,"accessibility_status":"unknown","source":"osm","accessibility_source":"osm_tags","confidence":0.7,"verified":false,"updated_at":null,"highway":["residential"],"raw_accessibility_tags":{},"crosswalk_samples":[],"approach_ids":[],"demo_editable":false,"feature_type":"edge"}},{"type":"Feature","geometry":{"type":"LineString","coordinates":[[126.92514,37.4014869],[126.9253051,37.4016223]]},"properties":{"edge_id":"OSM_E_969817614_d84fc2abb5","from_node":"OSM_N8974707435","to_node":"OSM_N8974707439","osm_u":"8974707435","osm_v":"8974707439","osm_key":"0","osm_way_ids":[969817614],"name":"OSM 보행 구간","length":20.961,"stairs":false,"slope":null,"width":null,"curb_height":null,"surface":"unknown","elevator_required":false,"elevator_status":null,"blocked":false,"block_reason":null,"wheelchair_accessible":null,"accessibility_status":"unknown","source":"osm","accessibility_source":"osm_tags","confidence":0.7,"verified":false,"updated_at":null,"highway":["residential"],"raw_accessibility_tags":{},"crosswalk_samples":[],"approach_ids":[],"demo_editable":false,"feature_type":"edge"}},{"type":"Feature","geometry":{"type":"LineString","coordinates":[[126.92514,37.4014869],[126.925275,37.4013917],[126.925434,37.4015265]]},"properties":{"edge_id":"OSM_E_969817615_206056eba7","from_node":"OSM_N8974707435","to_node":"OSM_N8974707441","osm_u":"8974707435","osm_v":"8974707441","osm_key":"0","osm_way_ids":[969817615],"name":"OSM 보행 구간","length":36.487,"stairs":false,"slope":null,"width":null,"curb_height":null,"surface":"unknown","elevator_required":false,"elevator_status":null,"blocked":false,"block_reason":null,"wheelchair_accessible":null,"accessibility_status":"unknown","source":"osm","accessibility_source":"osm_tags","confidence":0.7,"verified":false,"updated_at":null,"highway":["residential"],"raw_accessibility_tags":{},"crosswalk_samples":[],"approach_ids":[],"demo_editable":false,"feature_type":"edge"}},{"type":"Feature","geometry":{"type":"LineString","coordinates":[[126.9253051,37.4016223],[126.925434,37.4015265]]},"properties":{"edge_id":"OSM_E_969817614_ffd9c57ba4","from_node":"OSM_N8974707439","to_node":"OSM_N8974707441","osm_u":"8974707439","osm_v":"8974707441","osm_key":"0","osm_way_ids":[969817614],"name":"OSM 보행 구간","length":15.592,"stairs":false,"slope":null,"width":null,"curb_height":null,"surface":"unknown","elevator_required":false,"elevator_status":null,"blocked":false,"block_reason":null,"wheelchair_accessible":null,"accessibility_status":"unknown","source":"osm","accessibility_source":"osm_tags","confidence":0.7,"verified":false,"updated_at":null,"highway":["residential"],"raw_accessibility_tags":{},"crosswalk_samples":[],"approach_ids":[],"demo_editable":false,"feature_type":"edge"}},{"type":"Feature","geometry":{"type":"LineString","coordinates":[[126.9253051,37.4016223],[126.9254723,37.4017593],[126.9258015,37.4015207],[126.9256073,37.4013977],[126.925434,37.4015265]]},"properties":{"edge_id":"OSM_E_969817614_ea4e31abbc","from_node":"OSM_N8974707439","to_node":"OSM_N8974707441","osm_u":"8974707439","osm_v":"8974707441","osm_key":"1","osm_way_ids":[969817614],"name":"OSM 보행 구간","length":103.484,"stairs":false,"slope":null,"width":null,"curb_height":null,"surface":"unknown","elevator_required":false,"elevator_status":null,"blocked":false,"block_reason":null,"wheelchair_accessible":null,"accessibility_status":"unknown","source":"osm","accessibility_source":"osm_tags","confidence":0.7,"verified":false,"updated_at":null,"highway":["residential"],"raw_accessibility_tags":{},"crosswalk_samples":[],"approach_ids":[],"demo_editable":false,"feature_type":"edge"}},{"type":"Feature","geometry":{"type":"LineString","coordinates":[[126.9250021,37.398705],[126.9254811,37.3990213],[126.9255154,37.3990467],[126.9255312,37.3990318],[126.9255655,37.3990582],[126.9255506,37.399109]]},"properties":{"edge_id":"OSM_E_997730439-997730443_9e1ef4de17","from_node":"OSM_N9212416615","to_node":"OSM_N9212422518","osm_u":"9212416615","osm_v":"9212422518","osm_key":"0","osm_way_ids":[997730439,997730443],"name":"OSM 보행 구간","length":71.349,"stairs":false,"slope":null,"width":null,"curb_height":null,"surface":"asphalt","elevator_required":false,"elevator_status":null,"blocked":false,"block_reason":null,"wheelchair_accessible":null,"accessibility_status":"unknown","source":"osm","accessibility_source":"osm_tags","confidence":0.7,"verified":false,"updated_at":null,"highway":["path","footway"],"raw_accessibility_tags":{"foot":"yes"},"crosswalk_samples":[],"approach_ids":[],"demo_editable":false,"feature_type":"edge"}},{"type":"Feature","geometry":{"type":"LineString","coordinates":[[126.9250021,37.398705],[126.924763,37.3985552],[126.924798,37.3985187],[126.9248696,37.3985679]]},"properties":{"edge_id":"OSM_E_997730440-997730441_9efb052e60","from_node":"OSM_N9212416615","to_node":"OSM_N9212422519","osm_u":"9212416615","osm_v":"9212422519","osm_key":"0","osm_way_ids":[997730440,997730441],"name":"OSM 보행 구간","length":40.364,"stairs":false,"slope":null,"width":null,"curb_height":null,"surface":"paving_stones","elevator_required":false,"elevator_status":null,"blocked":false,"block_reason":null,"wheelchair_accessible":null,"accessibility_status":"unknown","source":"osm","accessibility_source":"osm_tags","confidence":0.7,"verified":false,"updated_at":null,"highway":["footway"],"raw_accessibility_tags":{"foot":"yes"},"crosswalk_samples":[],"approach_ids":[],"demo_editable":false,"feature_type":"edge"}},{"type":"Feature","geometry":{"type":"LineString","coordinates":[[126.9250021,37.398705],[126.9249788,37.398727],[126.9248159,37.3986198]]},"properties":{"edge_id":"OSM_E_997730442_5151fd555e","from_node":"OSM_N9212416615","to_node":"OSM_N9212422517","osm_u":"9212416615","osm_v":"9212422517","osm_key":"0","osm_way_ids":[997730442],"name":"OSM 보행 구간","length":21.883,"stairs":false,"slope":null,"width":null,"curb_height":null,"surface":"paving_stones","elevator_required":false,"elevator_status":null,"blocked":false,"block_reason":null,"wheelchair_accessible":null,"accessibility_status":"unknown","source":"osm","accessibility_source":"osm_tags","confidence":0.7,"verified":false,"updated_at":null,"highway":["footway"],"raw_accessibility_tags":{"foot":"yes"},"crosswalk_samples":[],"approach_ids":[],"demo_editable":false,"feature_type":"edge"}},{"type":"Feature","geometry":{"type":"LineString","coordinates":[[126.9248159,37.3986198],[126.9248696,37.3985679]]},"properties":{"edge_id":"OSM_E_318729248_f596336f57","from_node":"OSM_N9212422517","to_node":"OSM_N9212422519","osm_u":"9212422517","osm_v":"9212422519","osm_key":"0","osm_way_ids":[318729248],"name":"만안로","length":7.47,"stairs":false,"slope":null,"width":null,"curb_height":null,"surface":"unknown","elevator_required":false,"elevator_status":null,"blocked":false,"block_reason":null,"wheelchair_accessible":null,"accessibility_status":"unknown","source":"osm","accessibility_source":"osm_tags","confidence":0.7,"verified":false,"updated_at":null,"highway":["tertiary"],"raw_accessibility_tags":{},"crosswalk_samples":[],"approach_ids":[],"demo_editable":false,"feature_type":"edge"}},{"type":"Feature","geometry":{"type":"LineString","coordinates":[[126.9286259,37.3901586],[126.9290185,37.3896926]]},"properties":{"edge_id":"OSM_E_576208626_5d940fc362","from_node":"OSM_N9212485627","to_node":"OSM_N9212485629","osm_u":"9212485627","osm_v":"9212485629","osm_key":"0","osm_way_ids":[576208626],"name":"안양로","length":62.354,"stairs":false,"slope":null,"width":null,"curb_height":null,"surface":"unknown","elevator_required":false,"elevator_status":null,"blocked":false,"block_reason":null,"wheelchair_accessible":null,"accessibility_status":"unknown","source":"osm","accessibility_source":"osm_tags","confidence":0.7,"verified":false,"updated_at":null,"highway":["tertiary"],"raw_accessibility_tags":{},"crosswalk_samples":[],"approach_ids":[],"demo_editable":false,"feature_type":"edge"}},{"type":"Feature","geometry":{"type":"LineString","coordinates":[[126.9301836,37.3903167],[126.9290185,37.3896926]]},"properties":{"edge_id":"OSM_E_997748698_ad59fe0d4e","from_node":"OSM_N9212485628","to_node":"OSM_N9212485629","osm_u":"9212485628","osm_v":"9212485629","osm_key":"0","osm_way_ids":[997748698],"name":"OSM 보행 구간","length":124.141,"stairs":false,"slope":null,"width":null,"curb_height":null,"surface":"unknown","elevator_required":false,"elevator_status":null,"blocked":false,"block_reason":null,"wheelchair_accessible":null,"accessibility_status":"unknown","source":"osm","accessibility_source":"osm_tags","confidence":0.7,"verified":false,"updated_at":null,"highway":["footway"],"raw_accessibility_tags":{},"crosswalk_samples":[],"approach_ids":[],"demo_editable":false,"feature_type":"edge"}},{"type":"Feature","geometry":{"type":"LineString","coordinates":[[126.9280701,37.3954384],[126.9280531,37.3955805]]},"properties":{"edge_id":"OSM_E_997743007_4352ab6a40","from_node":"OSM_N9212507159","to_node":"OSM_N9212507162","osm_u":"9212507159","osm_v":"9212507162","osm_key":"0","osm_way_ids":[997743007],"name":"OSM 보행 구간","length":15.872,"stairs":false,"slope":null,"width":null,"curb_height":null,"surface":"unknown","elevator_required":false,"elevator_status":null,"blocked":false,"block_reason":null,"wheelchair_accessible":null,"accessibility_status":"unknown","source":"osm","accessibility_source":"osm_tags","confidence":0.7,"verified":false,"updated_at":null,"highway":["footway"],"raw_accessibility_tags":{"foot":"yes"},"crosswalk_samples":[],"approach_ids":[],"demo_editable":false,"feature_type":"edge"}},{"type":"Feature","geometry":{"type":"LineString","coordinates":[[126.9280909,37.3955557],[126.9280531,37.3955805]]},"properties":{"edge_id":"OSM_E_997743008_5c80fbac36","from_node":"OSM_N9212507160","to_node":"OSM_N9212507162","osm_u":"9212507160","osm_v":"9212507162","osm_key":"0","osm_way_ids":[997743008],"name":"OSM 보행 구간","length":4.331,"stairs":false,"slope":null,"width":null,"curb_height":null,"surface":"unknown","elevator_required":false,"elevator_status":null,"blocked":false,"block_reason":null,"wheelchair_accessible":null,"accessibility_status":"unknown","source":"osm","accessibility_source":"osm_tags","confidence":0.7,"verified":false,"updated_at":null,"highway":["path"],"raw_accessibility_tags":{},"crosswalk_samples":[],"approach_ids":[],"demo_editable":false,"feature_type":"edge"}},{"type":"Feature","geometry":{"type":"LineString","coordinates":[[126.9280909,37.3955557],[126.9281716,37.3955767]]},"properties":{"edge_id":"OSM_E_997743013_32d6ca5706","from_node":"OSM_N9212507160","to_node":"OSM_N9212507166","osm_u":"9212507160","osm_v":"9212507166","osm_key":"0","osm_way_ids":[997743013],"name":"OSM 보행 구간","length":7.502,"stairs":false,"slope":null,"width":null,"curb_height":null,"surface":"unknown","elevator_required":false,"elevator_status":null,"blocked":false,"block_reason":null,"wheelchair_accessible":null,"accessibility_status":"unknown","source":"osm","accessibility_source":"osm_tags","confidence":0.7,"verified":false,"updated_at":null,"highway":["footway"],"raw_accessibility_tags":{},"crosswalk_samples":[],"approach_ids":[],"demo_editable":false,"feature_type":"edge"}},{"type":"Feature","geometry":{"type":"LineString","coordinates":[[126.9280909,37.3955557],[126.9279164,37.3955125]]},"properties":{"edge_id":"OSM_E_997743013_ce29a86d55","from_node":"OSM_N9212507160","to_node":"OSM_N9212507161","osm_u":"9212507160","osm_v":"9212507161","osm_key":"0","osm_way_ids":[997743013],"name":"OSM 보행 구간","length":16.146,"stairs":false,"slope":null,"width":null,"curb_height":null,"surface":"unknown","elevator_required":false,"elevator_status":null,"blocked":false,"block_reason":null,"wheelchair_accessible":null,"accessibility_status":"unknown","source":"osm","accessibility_source":"osm_tags","confidence":0.7,"verified":false,"updated_at":null,"highway":["footway"],"raw_accessibility_tags":{},"crosswalk_samples":[],"approach_ids":[],"demo_editable":false,"feature_type":"edge"}},{"type":"Feature","geometry":{"type":"LineString","coordinates":[[126.9279164,37.3955125],[126.9280531,37.3955805]]},"properties":{"edge_id":"OSM_E_997743009_09800744b5","from_node":"OSM_N9212507161","to_node":"OSM_N9212507162","osm_u":"9212507161","osm_v":"9212507162","osm_key":"0","osm_way_ids":[997743009],"name":"OSM 보행 구간","length":14.248,"stairs":true,"slope":null,"width":null,"curb_height":null,"surface":"unknown","elevator_required":false,"elevator_status":null,"blocked":false,"block_reason":null,"wheelchair_accessible":false,"accessibility_status":"unknown","source":"osm","accessibility_source":"osm_tags","confidence":0.7,"verified":false,"updated_at":null,"highway":["steps"],"raw_accessibility_tags":{},"crosswalk_samples":[],"approach_ids":[],"demo_editable":false,"feature_type":"edge"}},{"type":"Feature","geometry":{"type":"LineString","coordinates":[[126.9279164,37.3955125],[126.9273999,37.3952315],[126.9272646,37.3952251]]},"properties":{"edge_id":"OSM_E_997743013_a5d9a6fed7","from_node":"OSM_N9212507161","to_node":"OSM_N9212507169","osm_u":"9212507161","osm_v":"9212507169","osm_key":"0","osm_way_ids":[997743013],"name":"OSM 보행 구간","length":67.275,"stairs":false,"slope":null,"width":null,"curb_height":null,"surface":"unknown","elevator_required":false,"elevator_status":null,"blocked":false,"block_reason":null,"wheelchair_accessible":null,"accessibility_status":"unknown","source":"osm","accessibility_source":"osm_tags","confidence":0.7,"verified":false,"updated_at":null,"highway":["footway"],"raw_accessibility_tags":{},"crosswalk_samples":[],"approach_ids":[],"demo_editable":false,"feature_type":"edge"}},{"type":"Feature","geometry":{"type":"LineString","coordinates":[[126.927846,37.3956352],[126.9279927,37.3957133]]},"properties":{"edge_id":"OSM_E_997743012_22549aa16a","from_node":"OSM_N9212507163","to_node":"OSM_N9212507165","osm_u":"9212507163","osm_v":"9212507165","osm_key":"0","osm_way_ids":[997743012],"name":"OSM 보행 구간","length":15.6,"stairs":false,"slope":null,"width":null,"curb_height":null,"surface":"unknown","elevator_required":false,"elevator_status":null,"blocked":false,"block_reason":null,"wheelchair_accessible":null,"accessibility_status":"unknown","source":"osm","accessibility_source":"osm_tags","confidence":0.7,"verified":false,"updated_at":null,"highway":["footway"],"raw_accessibility_tags":{},"crosswalk_samples":[],"approach_ids":[],"demo_editable":false,"feature_type":"edge"}},{"type":"Feature","geometry":{"type":"LineString","coordinates":[[126.927846,37.3956352],[126.9272855,37.3953399],[126.9272646,37.3952251]]},"properties":{"edge_id":"OSM_E_997743012_cb473f5f46","from_node":"OSM_N9212507163","to_node":"OSM_N9212507169","osm_u":"9212507163","osm_v":"9212507169","osm_key":"0","osm_way_ids":[997743012],"name":"OSM 보행 구간","length":72.311,"stairs":false,"slope":null,"width":null,"curb_height":null,"surface":"unknown","elevator_required":false,"elevator_status":null,"blocked":false,"block_reason":null,"wheelchair_accessible":null,"accessibility_status":"unknown","source":"osm","accessibility_source":"osm_tags","confidence":0.7,"verified":false,"updated_at":null,"highway":["footway"],"raw_accessibility_tags":{},"crosswalk_samples":[],"approach_ids":[],"demo_editable":false,"feature_type":"edge"}},{"type":"Feature","geometry":{"type":"LineString","coordinates":[[126.9279927,37.3957133],[126.9281186,37.3956214],[126.9281716,37.3955767]]},"properties":{"edge_id":"OSM_E_318729248_d7731ecdc2","from_node":"OSM_N9212507165","to_node":"OSM_N9212507166","osm_u":"9212507165","osm_v":"9212507166","osm_key":"0","osm_way_ids":[318729248],"name":"만안로","length":21.932,"stairs":false,"slope":null,"width":null,"curb_height":null,"surface":"unknown","elevator_required":false,"elevator_status":null,"blocked":false,"block_reason":null,"wheelchair_accessible":null,"accessibility_status":"unknown","source":"osm","accessibility_source":"osm_tags","confidence":0.7,"verified":false,"updated_at":null,"highway":["tertiary"],"raw_accessibility_tags":{},"crosswalk_samples":[],"approach_ids":[],"demo_editable":false,"feature_type":"edge"}},{"type":"Feature","geometry":{"type":"LineString","coordinates":[[126.9288038,37.395929],[126.928718,37.3960205]]},"properties":{"edge_id":"OSM_E_997743014_9b940d4f7e","from_node":"OSM_N9212507170","to_node":"OSM_N9212507172","osm_u":"9212507170","osm_v":"9212507172","osm_key":"0","osm_way_ids":[997743014],"name":"OSM 보행 구간","length":12.687,"stairs":false,"slope":null,"width":null,"curb_height":null,"surface":"unknown","elevator_required":false,"elevator_status":null,"blocked":false,"block_reason":null,"wheelchair_accessible":null,"accessibility_status":"unknown","source":"osm","accessibility_source":"osm_tags","confidence":0.7,"verified":false,"updated_at":null,"highway":["footway"],"raw_accessibility_tags":{},"crosswalk_samples":[],"approach_ids":[],"demo_editable":false,"feature_type":"edge"}},{"type":"Feature","geometry":{"type":"LineString","coordinates":[[126.9286196,37.3961256],[126.928718,37.3960205]]},"properties":{"edge_id":"OSM_E_997743014_c6460d393f","from_node":"OSM_N9212507171","to_node":"OSM_N9212507172","osm_u":"9212507171","osm_v":"9212507172","osm_key":"0","osm_way_ids":[997743014],"name":"OSM 보행 구간","length":14.565,"stairs":false,"slope":null,"width":null,"curb_height":null,"surface":"unknown","elevator_required":false,"elevator_status":null,"blocked":false,"block_reason":null,"wheelchair_accessible":null,"accessibility_status":"unknown","source":"osm","accessibility_source":"osm_tags","confidence":0.7,"verified":false,"updated_at":null,"highway":["footway"],"raw_accessibility_tags":{},"crosswalk_samples":[],"approach_ids":[],"demo_editable":false,"feature_type":"edge"}},{"type":"Feature","geometry":{"type":"LineString","coordinates":[[126.928718,37.3960205],[126.9286143,37.3959676]]},"properties":{"edge_id":"OSM_E_997743015_9e6e79d622","from_node":"OSM_N9212507172","to_node":"OSM_N9212507173","osm_u":"9212507172","osm_v":"9212507173","osm_key":"0","osm_way_ids":[997743015],"name":"OSM 보행 구간","length":10.887,"stairs":true,"slope":null,"width":null,"curb_height":null,"surface":"paving_stones","elevator_required":false,"elevator_status":null,"blocked":false,"block_reason":null,"wheelchair_accessible":false,"accessibility_status":"unknown","source":"osm","accessibility_source":"osm_tags","confidence":0.7,"verified":false,"updated_at":null,"highway":["steps"],"raw_accessibility_tags":{},"crosswalk_samples":[],"approach_ids":[],"demo_editable":false,"feature_type":"edge"}},{"type":"Feature","geometry":{"type":"LineString","coordinates":[[126.9286143,37.3959676],[126.9285589,37.3959745],[126.9284527,37.3959164],[126.9284301,37.3958533]]},"properties":{"edge_id":"OSM_E_997743015-997743018_e9d577f52f","from_node":"OSM_N9212507173","to_node":"OSM_N9212507179","osm_u":"9212507173","osm_v":"9212507179","osm_key":"0","osm_way_ids":[997743015,997743018],"name":"OSM 보행 구간","length":23.64,"stairs":true,"slope":null,"width":null,"curb_height":null,"surface":"paving_stones","elevator_required":false,"elevator_status":null,"blocked":false,"block_reason":null,"wheelchair_accessible":false,"accessibility_status":"unknown","source":"osm","accessibility_source":"osm_tags","confidence":0.7,"verified":false,"updated_at":null,"highway":["steps"],"raw_accessibility_tags":{},"crosswalk_samples":[],"approach_ids":[],"demo_editable":false,"feature_type":"edge"}},{"type":"Feature","geometry":{"type":"LineString","coordinates":[[126.9286143,37.3959676],[126.9286359,37.3959088],[126.9285194,37.3958469],[126.9284301,37.3958533]]},"properties":{"edge_id":"OSM_E_997743016-997743019_59c057fcb7","from_node":"OSM_N9212507173","to_node":"OSM_N9212507179","osm_u":"9212507173","osm_v":"9212507179","osm_key":"1","osm_way_ids":[997743016,997743019],"name":"OSM 보행 구간","length":27.113,"stairs":true,"slope":null,"width":null,"curb_height":null,"surface":"paving_stones","elevator_required":false,"elevator_status":null,"blocked":false,"block_reason":null,"wheelchair_accessible":false,"accessibility_status":"unknown","source":"osm","accessibility_source":"osm_tags","confidence":0.7,"verified":false,"updated_at":null,"highway":["steps"],"raw_accessibility_tags":{},"crosswalk_samples":[],"approach_ids":[],"demo_editable":false,"feature_type":"edge"}},{"type":"Feature","geometry":{"type":"LineString","coordinates":[[126.9286098,37.4012636],[126.9282586,37.4010164],[126.9281801,37.4009543],[126.9277925,37.4006528]]},"properties":{"edge_id":"OSM_E_380698410-998463208-998463209_e489d5ee5f","from_node":"OSM_N9212511357","to_node":"OSM_N9219073906","osm_u":"9212511357","osm_v":"9219073906","osm_key":"0","osm_way_ids":[380698410,998463208,998463209],"name":"OSM 보행 구간","length":99.153,"stairs":true,"slope":null,"width":null,"curb_height":null,"surface":"unknown","elevator_required":false,"elevator_status":null,"blocked":false,"block_reason":null,"wheelchair_accessible":false,"accessibility_status":"unknown","source":"osm","accessibility_source":"osm_tags","confidence":0.7,"verified":false,"updated_at":null,"highway":["steps","footway"],"raw_accessibility_tags":{},"crosswalk_samples":[],"approach_ids":[],"demo_editable":false,"feature_type":"edge"}},{"type":"Feature","geometry":{"type":"LineString","coordinates":[[126.9298825,37.3965021],[126.9302676,37.3961909]]},"properties":{"edge_id":"OSM_E_998179364_943287d3d1","from_node":"OSM_N9216482312","to_node":"OSM_N9216482313","osm_u":"9216482312","osm_v":"9216482313","osm_key":"0","osm_way_ids":[998179364],"name":"OSM 보행 구간","length":48.526,"stairs":false,"slope":null,"width":null,"curb_height":null,"surface":"unknown","elevator_required":false,"elevator_status":null,"blocked":false,"block_reason":null,"wheelchair_accessible":null,"accessibility_status":"unknown","source":"osm","accessibility_source":"osm_tags","confidence":0.7,"verified":false,"updated_at":null,"highway":["footway"],"raw_accessibility_tags":{},"crosswalk_samples":[],"approach_ids":[],"demo_editable":false,"feature_type":"edge"}},{"type":"Feature","geometry":{"type":"LineString","coordinates":[[126.928186,37.3999439],[126.9283132,37.3998342]]},"properties":{"edge_id":"OSM_E_60819380_1764c5c632","from_node":"OSM_N9219073899","to_node":"OSM_N9219073901","osm_u":"9219073899","osm_v":"9219073901","osm_key":"0","osm_way_ids":[60819380],"name":"안양천서로","length":16.585,"stairs":false,"slope":null,"width":null,"curb_height":null,"surface":"unknown","elevator_required":false,"elevator_status":null,"blocked":false,"block_reason":null,"wheelchair_accessible":null,"accessibility_status":"unknown","source":"osm","accessibility_source":"osm_tags","confidence":0.7,"verified":false,"updated_at":null,"highway":["tertiary"],"raw_accessibility_tags":{},"crosswalk_samples":[],"approach_ids":[],"demo_editable":false,"feature_type":"edge"}},{"type":"Feature","geometry":{"type":"LineString","coordinates":[[126.928186,37.3999439],[126.928349,37.4000654]]},"properties":{"edge_id":"OSM_E_998463203_2e001477c8","from_node":"OSM_N9219073899","to_node":"OSM_N9219073900","osm_u":"9219073899","osm_v":"9219073900","osm_key":"0","osm_way_ids":[998463203],"name":"OSM 보행 구간","length":19.745,"stairs":true,"slope":null,"width":null,"curb_height":null,"surface":"concrete","elevator_required":false,"elevator_status":null,"blocked":false,"block_reason":null,"wheelchair_accessible":false,"accessibility_status":"unknown","source":"osm","accessibility_source":"osm_tags","confidence":0.7,"verified":false,"updated_at":null,"highway":["steps"],"raw_accessibility_tags":{},"crosswalk_samples":[],"approach_ids":[],"demo_editable":false,"feature_type":"edge"}},{"type":"Feature","geometry":{"type":"LineString","coordinates":[[126.9283132,37.3998342],[126.9286179,37.3995714],[126.928903,37.3993143]]},"properties":{"edge_id":"OSM_E_60819380_f138c80819","from_node":"OSM_N9219073901","to_node":"OSM_N13468357932","osm_u":"9219073901","osm_v":"13468357932","osm_key":"0","osm_way_ids":[60819380],"name":"안양천서로","length":77.828,"stairs":false,"slope":null,"width":null,"curb_height":null,"surface":"unknown","elevator_required":false,"elevator_status":null,"blocked":false,"block_reason":null,"wheelchair_accessible":null,"accessibility_status":"unknown","source":"osm","accessibility_source":"osm_tags","confidence":0.7,"verified":false,"updated_at":null,"highway":["tertiary"],"raw_accessibility_tags":{},"crosswalk_samples":[],"approach_ids":[],"demo_editable":false,"feature_type":"edge"}},{"type":"Feature","geometry":{"type":"LineString","coordinates":[[126.929697,37.3985751],[126.9293936,37.3988718],[126.928903,37.3993143]]},"properties":{"edge_id":"OSM_E_60819380_f9853ffcba","from_node":"OSM_N9219073902","to_node":"OSM_N13468357932","osm_u":"9219073902","osm_v":"13468357932","osm_key":"0","osm_way_ids":[60819380],"name":"안양천서로","length":108.074,"stairs":false,"slope":null,"width":null,"curb_height":null,"surface":"unknown","elevator_required":false,"elevator_status":null,"blocked":false,"block_reason":null,"wheelchair_accessible":null,"accessibility_status":"unknown","source":"osm","accessibility_source":"osm_tags","confidence":0.7,"verified":false,"updated_at":null,"highway":["tertiary"],"raw_accessibility_tags":{},"crosswalk_samples":[],"approach_ids":[],"demo_editable":false,"feature_type":"edge"}},{"type":"Feature","geometry":{"type":"LineString","coordinates":[[126.929697,37.3985751],[126.9298137,37.398461],[126.9302206,37.3979813]]},"properties":{"edge_id":"OSM_E_60819380_a0adb89a4e","from_node":"OSM_N9219073902","to_node":"OSM_N13468357918","osm_u":"9219073902","osm_v":"13468357918","osm_key":"0","osm_way_ids":[60819380],"name":"안양천서로","length":80.668,"stairs":false,"slope":null,"width":null,"curb_height":null,"surface":"unknown","elevator_required":false,"elevator_status":null,"blocked":false,"block_reason":null,"wheelchair_accessible":null,"accessibility_status":"unknown","source":"osm","accessibility_source":"osm_tags","confidence":0.7,"verified":false,"updated_at":null,"highway":["tertiary"],"raw_accessibility_tags":{},"crosswalk_samples":[],"approach_ids":[],"demo_editable":false,"feature_type":"edge"}},{"type":"Feature","geometry":{"type":"LineString","coordinates":[[126.9274332,37.4005954],[126.927143,37.4008482]]},"properties":{"edge_id":"OSM_E_60819380_332ffbff6d","from_node":"OSM_N9219073904","to_node":"OSM_N13473651382","osm_u":"9219073904","osm_v":"13473651382","osm_key":"0","osm_way_ids":[60819380],"name":"안양천서로","length":38.044,"stairs":false,"slope":null,"width":null,"curb_height":null,"surface":"unknown","elevator_required":false,"elevator_status":null,"blocked":false,"block_reason":null,"wheelchair_accessible":null,"accessibility_status":"unknown","source":"osm","accessibility_source":"osm_tags","confidence":0.7,"verified":false,"updated_at":null,"highway":["tertiary"],"raw_accessibility_tags":{},"crosswalk_samples":[],"approach_ids":[],"demo_editable":false,"feature_type":"edge"}},{"type":"Feature","geometry":{"type":"LineString","coordinates":[[126.9274332,37.4005954],[126.9275818,37.4007049],[126.9277041,37.4007023]]},"properties":{"edge_id":"OSM_E_998463207-998463213_3c61c9283d","from_node":"OSM_N9219073904","to_node":"OSM_N9219073914","osm_u":"9219073904","osm_v":"9219073914","osm_key":"0","osm_way_ids":[998463207,998463213],"name":"OSM 보행 구간","length":28.711,"stairs":true,"slope":null,"width":null,"curb_height":null,"surface":"unknown","elevator_required":false,"elevator_status":null,"blocked":false,"block_reason":null,"wheelchair_accessible":false,"accessibility_status":"unknown","source":"osm","accessibility_source":"osm_tags","confidence":0.7,"verified":false,"updated_at":null,"highway":["steps","footway"],"raw_accessibility_tags":{},"crosswalk_samples":[],"approach_ids":[],"demo_editable":false,"feature_type":"edge"}},{"type":"Feature","geometry":{"type":"LineString","coordinates":[[126.9277925,37.4006528],[126.9277041,37.4007023]]},"properties":{"edge_id":"OSM_E_998463210_7dec04fc93","from_node":"OSM_N9219073906","to_node":"OSM_N9219073914","osm_u":"9219073906","osm_v":"9219073914","osm_key":"0","osm_way_ids":[998463210],"name":"OSM 보행 구간","length":9.554,"stairs":false,"slope":null,"width":null,"curb_height":null,"surface":"unknown","elevator_required":false,"elevator_status":null,"blocked":false,"block_reason":null,"wheelchair_accessible":null,"accessibility_status":"unknown","source":"osm","accessibility_source":"osm_tags","confidence":0.7,"verified":false,"updated_at":null,"highway":["footway"],"raw_accessibility_tags":{},"crosswalk_samples":[],"approach_ids":[],"demo_editable":false,"feature_type":"edge"}},{"type":"Feature","geometry":{"type":"LineString","coordinates":[[126.9277925,37.4006528],[126.9277951,37.4005272]]},"properties":{"edge_id":"OSM_E_998463212_fb79cec90e","from_node":"OSM_N9219073906","to_node":"OSM_N9219073913","osm_u":"9219073906","osm_v":"9219073913","osm_key":"0","osm_way_ids":[998463212],"name":"OSM 보행 구간","length":13.968,"stairs":false,"slope":null,"width":null,"curb_height":null,"surface":"unknown","elevator_required":false,"elevator_status":null,"blocked":false,"block_reason":null,"wheelchair_accessible":null,"accessibility_status":"unknown","source":"osm","accessibility_source":"osm_tags","confidence":0.7,"verified":false,"updated_at":null,"highway":["footway"],"raw_accessibility_tags":{},"crosswalk_samples":[],"approach_ids":[],"demo_editable":false,"feature_type":"edge"}},{"type":"Feature","geometry":{"type":"LineString","coordinates":[[126.9277925,37.4006528],[126.9278675,37.4005964],[126.9279256,37.4005141],[126.9280105,37.4004425],[126.9280273,37.4003336]]},"properties":{"edge_id":"OSM_E_998463211_00831f98e8","from_node":"OSM_N9219073906","to_node":"OSM_N9219073912","osm_u":"9219073906","osm_v":"9219073912","osm_key":"0","osm_way_ids":[998463211],"name":"OSM 보행 구간","length":42.752,"stairs":false,"slope":null,"width":null,"curb_height":null,"surface":"unknown","elevator_required":false,"elevator_status":null,"blocked":false,"block_reason":null,"wheelchair_accessible":null,"accessibility_status":"unknown","source":"osm","accessibility_source":"osm_tags","confidence":0.7,"verified":false,"updated_at":null,"highway":["footway"],"raw_accessibility_tags":{},"crosswalk_samples":[],"approach_ids":[],"demo_editable":false,"feature_type":"edge"}},{"type":"Feature","geometry":{"type":"LineString","coordinates":[[126.9274778,37.4007917],[126.9276354,37.4007812],[126.9277041,37.4007023]]},"properties":{"edge_id":"OSM_E_998463210_06e7c754f6","from_node":"OSM_N9219073909","to_node":"OSM_N9219073914","osm_u":"9219073909","osm_v":"9219073914","osm_key":"0","osm_way_ids":[998463210],"name":"OSM 보행 구간","length":24.638,"stairs":false,"slope":null,"width":null,"curb_height":null,"surface":"unknown","elevator_required":false,"elevator_status":null,"blocked":false,"block_reason":null,"wheelchair_accessible":null,"accessibility_status":"unknown","source":"osm","accessibility_source":"osm_tags","confidence":0.7,"verified":false,"updated_at":null,"highway":["footway"],"raw_accessibility_tags":{},"crosswalk_samples":[],"approach_ids":[],"demo_editable":false,"feature_type":"edge"}},{"type":"Feature","geometry":{"type":"LineString","coordinates":[[126.926187,37.4028232],[126.9260401,37.4027097],[126.9256888,37.4024178],[126.9256325,37.4023691]]},"properties":{"edge_id":"OSM_E_998463214-998463215-998463216_f14383982b","from_node":"OSM_N9219073916","to_node":"OSM_N9219084717","osm_u":"9219073916","osm_v":"9219084717","osm_key":"0","osm_way_ids":[998463214,998463215,998463216],"name":"OSM 보행 구간","length":70.358,"stairs":false,"slope":null,"width":null,"curb_height":null,"surface":"unknown","elevator_required":false,"elevator_status":null,"blocked":false,"block_reason":null,"wheelchair_accessible":null,"accessibility_status":"unknown","source":"osm","accessibility_source":"osm_tags","confidence":0.7,"verified":false,"updated_at":null,"highway":["footway"],"raw_accessibility_tags":{},"crosswalk_samples":[],"approach_ids":[],"demo_editable":false,"feature_type":"edge"}},{"type":"Feature","geometry":{"type":"LineString","coordinates":[[126.9255627,37.4024275],[126.9254158,37.4023112]]},"properties":{"edge_id":"OSM_E_998463217_8582ee653a","from_node":"OSM_N9219084720","to_node":"OSM_N9219084721","osm_u":"9219084720","osm_v":"9219084721","osm_key":"0","osm_way_ids":[998463217],"name":"OSM 보행 구간","length":18.32,"stairs":true,"slope":null,"width":null,"curb_height":null,"surface":"unknown","elevator_required":false,"elevator_status":null,"blocked":false,"block_reason":null,"wheelchair_accessible":false,"accessibility_status":"unknown","source":"osm","accessibility_source":"osm_tags","confidence":0.7,"verified":false,"updated_at":null,"highway":["steps"],"raw_accessibility_tags":{},"crosswalk_samples":[],"approach_ids":[],"demo_editable":false,"feature_type":"edge"}},{"type":"Feature","geometry":{"type":"LineString","coordinates":[[126.9303835,37.3977893],[126.9302206,37.3979813]]},"properties":{"edge_id":"OSM_E_60819380_e00445a7b0","from_node":"OSM_N9219128421","to_node":"OSM_N13468357918","osm_u":"9219128421","osm_v":"13468357918","osm_key":"0","osm_way_ids":[60819380],"name":"안양천서로","length":25.746,"stairs":false,"slope":null,"width":null,"curb_height":null,"surface":"unknown","elevator_required":false,"elevator_status":null,"blocked":false,"block_reason":null,"wheelchair_accessible":null,"accessibility_status":"unknown","source":"osm","accessibility_source":"osm_tags","confidence":0.7,"verified":false,"updated_at":null,"highway":["tertiary"],"raw_accessibility_tags":{},"crosswalk_samples":[],"approach_ids":[],"demo_editable":false,"feature_type":"edge"}},{"type":"Feature","geometry":{"type":"LineString","coordinates":[[126.9303835,37.3977893],[126.9305674,37.3979097]]},"properties":{"edge_id":"OSM_E_998468616_be92e02a64","from_node":"OSM_N9219128421","to_node":"OSM_N9219128422","osm_u":"9219128421","osm_v":"9219128422","osm_key":"0","osm_way_ids":[998468616],"name":"OSM 보행 구간","length":21.051,"stairs":true,"slope":null,"width":null,"curb_height":null,"surface":"unknown","elevator_required":false,"elevator_status":null,"blocked":false,"block_reason":null,"wheelchair_accessible":false,"accessibility_status":"unknown","source":"osm","accessibility_source":"osm_tags","confidence":0.7,"verified":false,"updated_at":null,"highway":["steps"],"raw_accessibility_tags":{},"crosswalk_samples":[],"approach_ids":[],"demo_editable":false,"feature_type":"edge"}},{"type":"Feature","geometry":{"type":"LineString","coordinates":[[126.9218366,37.3893988],[126.9218624,37.3892329],[126.9216639,37.3890326],[126.9213849,37.3889558],[126.9210148,37.3888493],[126.920591,37.3888365],[126.9201028,37.3887342],[126.9197327,37.388585],[126.9191801,37.3883293],[126.9189334,37.38821],[126.9185615,37.3879011]]},"properties":{"edge_id":"OSM_E_1150608720_f11c33de91","from_node":"OSM_N10703342346","to_node":"OSM_N10703342356","osm_u":"10703342346","osm_v":"10703342356","osm_key":"0","osm_way_ids":[1150608720],"name":"OSM 보행 구간","length":356.085,"stairs":false,"slope":null,"width":null,"curb_height":null,"surface":"ground","elevator_required":false,"elevator_status":null,"blocked":false,"block_reason":null,"wheelchair_accessible":null,"accessibility_status":"unknown","source":"osm","accessibility_source":"osm_tags","confidence":0.7,"verified":false,"updated_at":null,"highway":["path"],"raw_accessibility_tags":{},"crosswalk_samples":[],"approach_ids":[],"demo_editable":false,"feature_type":"edge"}},{"type":"Feature","geometry":{"type":"LineString","coordinates":[[126.9321681,37.3946705],[126.932058,37.39475],[126.931749,37.395002],[126.9309938,37.3956569]]},"properties":{"edge_id":"OSM_E_1312936379_78fd5bc82b","from_node":"OSM_N12152871347","to_node":"OSM_N12152881346","osm_u":"12152871347","osm_v":"12152881346","osm_key":"0","osm_way_ids":[1312936379],"name":"OSM 보행 구간","length":151.024,"stairs":false,"slope":null,"width":null,"curb_height":null,"surface":"unknown","elevator_required":false,"elevator_status":null,"blocked":false,"block_reason":null,"wheelchair_accessible":null,"accessibility_status":"unknown","source":"osm","accessibility_source":"osm_tags","confidence":0.7,"verified":false,"updated_at":null,"highway":["service"],"raw_accessibility_tags":{},"crosswalk_samples":[],"approach_ids":[],"demo_editable":false,"feature_type":"edge"}},{"type":"Feature","geometry":{"type":"LineString","coordinates":[[126.9315756,37.3961332],[126.9309938,37.3956569]]},"properties":{"edge_id":"OSM_E_82905077_ad0b816160","from_node":"OSM_N12152881345","to_node":"OSM_N12152881346","osm_u":"12152881345","osm_v":"12152881346","osm_key":"0","osm_way_ids":[82905077],"name":"태평로52번길","length":73.801,"stairs":false,"slope":null,"width":null,"curb_height":null,"surface":"unknown","elevator_required":false,"elevator_status":null,"blocked":false,"block_reason":null,"wheelchair_accessible":null,"accessibility_status":"unknown","source":"osm","accessibility_source":"osm_tags","confidence":0.7,"verified":false,"updated_at":null,"highway":["residential"],"raw_accessibility_tags":{},"crosswalk_samples":[],"approach_ids":[],"demo_editable":false,"feature_type":"edge"}},{"type":"Feature","geometry":{"type":"LineString","coordinates":[[126.9309938,37.3956569],[126.930512,37.3952624],[126.9298844,37.3947483]]},"properties":{"edge_id":"OSM_E_82905077-927236592_098f581df5","from_node":"OSM_N12152881346","to_node":"OSM_N12152881347","osm_u":"12152881346","osm_v":"12152881347","osm_key":"0","osm_way_ids":[82905077,927236592],"name":"태평로52번길","length":140.757,"stairs":false,"slope":null,"width":null,"curb_height":null,"surface":"unknown","elevator_required":false,"elevator_status":null,"blocked":false,"block_reason":null,"wheelchair_accessible":null,"accessibility_status":"unknown","source":"osm","accessibility_source":"osm_tags","confidence":0.7,"verified":false,"updated_at":null,"highway":["residential"],"raw_accessibility_tags":{},"crosswalk_samples":[],"approach_ids":[],"demo_editable":false,"feature_type":"edge"}},{"type":"Feature","geometry":{"type":"LineString","coordinates":[[126.9298844,37.3947483],[126.9322539,37.3928413],[126.9323809,37.3926954],[126.932902,37.3920267],[126.9339825,37.3914793]]},"properties":{"edge_id":"OSM_E_378310202_cf618aa29e","from_node":"OSM_N12152881347","to_node":"OSM_N12152881363","osm_u":"12152881347","osm_v":"12152881363","osm_key":"0","osm_way_ids":[378310202],"name":"태평로","length":518.355,"stairs":false,"slope":null,"width":null,"curb_height":null,"surface":"unknown","elevator_required":false,"elevator_status":null,"blocked":false,"block_reason":null,"wheelchair_accessible":null,"accessibility_status":"unknown","source":"osm","accessibility_source":"osm_tags","confidence":0.7,"verified":false,"updated_at":null,"highway":["tertiary"],"raw_accessibility_tags":{},"crosswalk_samples":[],"approach_ids":[],"demo_editable":false,"feature_type":"edge"}},{"type":"Feature","geometry":{"type":"LineString","coordinates":[[126.9205973,37.3921893],[126.9209162,37.3919943],[126.9209953,37.3919175],[126.9210382,37.3918376],[126.9210798,37.3917428],[126.9210838,37.3916533],[126.9210731,37.3916155]]},"properties":{"edge_id":"OSM_E_1323539452_1fd6e87c26","from_node":"OSM_N12247535322","to_node":"OSM_N12247535331","osm_u":"12247535322","osm_v":"12247535331","osm_key":"0","osm_way_ids":[1323539452],"name":"OSM 보행 구간","length":81.675,"stairs":false,"slope":null,"width":null,"curb_height":null,"surface":"unknown","elevator_required":false,"elevator_status":null,"blocked":false,"block_reason":null,"wheelchair_accessible":null,"accessibility_status":"unknown","source":"osm","accessibility_source":"osm_tags","confidence":0.7,"verified":false,"updated_at":null,"highway":["service"],"raw_accessibility_tags":{},"crosswalk_samples":[],"approach_ids":[],"demo_editable":false,"feature_type":"edge"}},{"type":"Feature","geometry":{"type":"LineString","coordinates":[[126.9205973,37.3921893],[126.9203918,37.3923054],[126.9203167,37.3923214],[126.9202496,37.3923129],[126.9201517,37.3922851],[126.920078,37.3922031],[126.9200394,37.3920704]]},"properties":{"edge_id":"OSM_E_1323539454_82c82ff72f","from_node":"OSM_N12247535322","to_node":"OSM_N12247535333","osm_u":"12247535322","osm_v":"12247535333","osm_key":"0","osm_way_ids":[1323539454],"name":"OSM 보행 구간","length":70.682,"stairs":false,"slope":null,"width":null,"curb_height":null,"surface":"unknown","elevator_required":false,"elevator_status":null,"blocked":false,"block_reason":null,"wheelchair_accessible":null,"accessibility_status":"unknown","source":"osm","accessibility_source":"osm_tags","confidence":0.7,"verified":false,"updated_at":null,"highway":["service"],"raw_accessibility_tags":{},"crosswalk_samples":[],"approach_ids":[],"demo_editable":false,"feature_type":"edge"}},{"type":"Feature","geometry":{"type":"LineString","coordinates":[[126.9212072,37.3912729],[126.9209859,37.3915265],[126.921065,37.3915872],[126.9210731,37.3916155]]},"properties":{"edge_id":"OSM_E_1323539452_684a872f01","from_node":"OSM_N12247535330","to_node":"OSM_N12247535331","osm_u":"12247535330","osm_v":"12247535331","osm_key":"0","osm_way_ids":[1323539452],"name":"OSM 보행 구간","length":47.256,"stairs":false,"slope":null,"width":null,"curb_height":null,"surface":"unknown","elevator_required":false,"elevator_status":null,"blocked":false,"block_reason":null,"wheelchair_accessible":null,"accessibility_status":"unknown","source":"osm","accessibility_source":"osm_tags","confidence":0.7,"verified":false,"updated_at":null,"highway":["service"],"raw_accessibility_tags":{},"crosswalk_samples":[],"approach_ids":[],"demo_editable":false,"feature_type":"edge"}},{"type":"Feature","geometry":{"type":"LineString","coordinates":[[126.9210731,37.3916155],[126.9209497,37.3917279],[126.9200394,37.3920704]]},"properties":{"edge_id":"OSM_E_1323539453_3cf8adeb1c","from_node":"OSM_N12247535331","to_node":"OSM_N12247535333","osm_u":"12247535331","osm_v":"12247535333","osm_key":"0","osm_way_ids":[1323539453],"name":"OSM 보행 구간","length":105.567,"stairs":false,"slope":null,"width":null,"curb_height":null,"surface":"unknown","elevator_required":false,"elevator_status":null,"blocked":false,"block_reason":null,"wheelchair_accessible":null,"accessibility_status":"unknown","source":"osm","accessibility_source":"osm_tags","confidence":0.7,"verified":false,"updated_at":null,"highway":["service"],"raw_accessibility_tags":{},"crosswalk_samples":[],"approach_ids":[],"demo_editable":false,"feature_type":"edge"}},{"type":"Feature","geometry":{"type":"LineString","coordinates":[[126.9200394,37.3920704],[126.9200096,37.3919676],[126.919968,37.3917748],[126.9200096,37.3917183],[126.9203891,37.391469],[126.9205889,37.3913123],[126.9206359,37.3912271],[126.9206426,37.3911632],[126.9206131,37.3910822],[126.9205849,37.3910587],[126.9205568,37.3910587],[126.9205313,37.3910822],[126.9204226,37.3912314],[126.9203288,37.3912825],[126.9200445,37.3914136],[126.9199626,37.3914295],[126.9187744,37.3914072],[126.9187369,37.3907977],[126.9186819,37.3907412],[126.9186497,37.3903864]]},"properties":{"edge_id":"OSM_E_1323539454_861f3a9b41","from_node":"OSM_N12247535333","to_node":"OSM_N12247535357","osm_u":"12247535333","osm_v":"12247535357","osm_key":"0","osm_way_ids":[1323539454],"name":"OSM 보행 구간","length":431.516,"stairs":false,"slope":null,"width":null,"curb_height":null,"surface":"unknown","elevator_required":false,"elevator_status":null,"blocked":false,"block_reason":null,"wheelchair_accessible":null,"accessibility_status":"unknown","source":"osm","accessibility_source":"osm_tags","confidence":0.7,"verified":false,"updated_at":null,"highway":["service"],"raw_accessibility_tags":{},"crosswalk_samples":[],"approach_ids":[],"demo_editable":false,"feature_type":"edge"}},{"type":"Feature","geometry":{"type":"LineString","coordinates":[[126.9299068,37.4011428],[126.9297047,37.4010058],[126.9297843,37.4009376],[126.9299273,37.4008964],[126.9301383,37.4009191],[126.9302519,37.4010015],[126.9302823,37.4017699]]},"properties":{"edge_id":"OSM_E_1467935154_7bb6921e0f","from_node":"OSM_N13463603649","to_node":"OSM_N13463603655","osm_u":"13463603649","osm_v":"13463603655","osm_key":"0","osm_way_ids":[1467935154],"name":"OSM 보행 구간","length":165.129,"stairs":false,"slope":null,"width":null,"curb_height":null,"surface":"unknown","elevator_required":false,"elevator_status":null,"blocked":false,"block_reason":null,"wheelchair_accessible":null,"accessibility_status":"unknown","source":"osm","accessibility_source":"osm_tags","confidence":0.7,"verified":false,"updated_at":null,"highway":["service"],"raw_accessibility_tags":{},"crosswalk_samples":[],"approach_ids":[],"demo_editable":false,"feature_type":"edge"}},{"type":"Feature","geometry":{"type":"LineString","coordinates":[[126.9302823,37.4017699],[126.9306031,37.4017685],[126.9307634,37.4018985]]},"properties":{"edge_id":"OSM_E_380698412_d9c65eba82","from_node":"OSM_N13463603655","to_node":"OSM_N13463603722","osm_u":"13463603655","osm_v":"13463603722","osm_key":"0","osm_way_ids":[380698412],"name":"임곡로","length":48.573,"stairs":false,"slope":null,"width":null,"curb_height":null,"surface":"unknown","elevator_required":false,"elevator_status":null,"blocked":false,"block_reason":null,"wheelchair_accessible":null,"accessibility_status":"unknown","source":"osm","accessibility_source":"osm_tags","confidence":0.7,"verified":false,"updated_at":null,"highway":["tertiary"],"raw_accessibility_tags":{},"crosswalk_samples":[],"approach_ids":[],"demo_editable":false,"feature_type":"edge"}},{"type":"Feature","geometry":{"type":"LineString","coordinates":[[126.9307634,37.4018985],[126.9308972,37.4018168],[126.9311276,37.4014755]]},"properties":{"edge_id":"OSM_E_1467935160_8e28dc95ff","from_node":"OSM_N13463603722","to_node":"OSM_N13463603724","osm_u":"13463603722","osm_v":"13463603724","osm_key":"0","osm_way_ids":[1467935160],"name":"OSM 보행 구간","length":57.971,"stairs":false,"slope":null,"width":null,"curb_height":null,"surface":"paving_stones","elevator_required":false,"elevator_status":null,"blocked":false,"block_reason":null,"wheelchair_accessible":null,"accessibility_status":"unknown","source":"osm","accessibility_source":"osm_tags","confidence":0.7,"verified":false,"updated_at":null,"highway":["footway"],"raw_accessibility_tags":{},"crosswalk_samples":[],"approach_ids":[],"demo_editable":false,"feature_type":"edge"}},{"type":"Feature","geometry":{"type":"LineString","coordinates":[[126.9263868,37.3977465],[126.9270245,37.3981557]]},"properties":{"edge_id":"OSM_E_1468486458_909d9db72e","from_node":"OSM_N13468357909","to_node":"OSM_N13468357910","osm_u":"13468357909","osm_v":"13468357910","osm_key":"0","osm_way_ids":[1468486458],"name":"OSM 보행 구간","length":72.414,"stairs":false,"slope":null,"width":null,"curb_height":null,"surface":"unknown","elevator_required":false,"elevator_status":null,"blocked":false,"block_reason":null,"wheelchair_accessible":null,"accessibility_status":"unknown","source":"osm","accessibility_source":"osm_tags","confidence":0.7,"verified":false,"updated_at":null,"highway":["service"],"raw_accessibility_tags":{},"crosswalk_samples":[],"approach_ids":[],"demo_editable":false,"feature_type":"edge"}},{"type":"Feature","geometry":{"type":"LineString","coordinates":[[126.9302206,37.3979813],[126.9297086,37.3976378]]},"properties":{"edge_id":"OSM_E_1468486460_9f9ae3b3eb","from_node":"OSM_N13468357918","to_node":"OSM_N13468357919","osm_u":"13468357918","osm_v":"13468357919","osm_key":"0","osm_way_ids":[1468486460],"name":"OSM 보행 구간","length":59.199,"stairs":false,"slope":null,"width":null,"curb_height":null,"surface":"unknown","elevator_required":false,"elevator_status":null,"blocked":false,"block_reason":null,"wheelchair_accessible":null,"accessibility_status":"unknown","source":"osm","accessibility_source":"osm_tags","confidence":0.7,"verified":false,"updated_at":null,"highway":["service"],"raw_accessibility_tags":{},"crosswalk_samples":[],"approach_ids":[],"demo_editable":false,"feature_type":"edge"}},{"type":"Feature","geometry":{"type":"LineString","coordinates":[[126.928903,37.3993143],[126.9283918,37.399036]]},"properties":{"edge_id":"OSM_E_1468486462_75c8891f84","from_node":"OSM_N13468357932","to_node":"OSM_N13468357933","osm_u":"13468357932","osm_v":"13468357933","osm_key":"0","osm_way_ids":[1468486462],"name":"OSM 보행 구간","length":54.743,"stairs":false,"slope":null,"width":null,"curb_height":null,"surface":"unknown","elevator_required":false,"elevator_status":null,"blocked":false,"block_reason":null,"wheelchair_accessible":null,"accessibility_status":"unknown","source":"osm","accessibility_source":"osm_tags","confidence":0.7,"verified":false,"updated_at":null,"highway":["service"],"raw_accessibility_tags":{},"crosswalk_samples":[],"approach_ids":[],"demo_editable":false,"feature_type":"edge"}},{"type":"Feature","geometry":{"type":"LineString","coordinates":[[126.9306569,37.3974679],[126.9299861,37.3971428]]},"properties":{"edge_id":"OSM_E_1468486464_11b00d5065","from_node":"OSM_N13468357940","to_node":"OSM_N13468357941","osm_u":"13468357940","osm_v":"13468357941","osm_key":"0","osm_way_ids":[1468486464],"name":"OSM 보행 구간","length":69.413,"stairs":false,"slope":null,"width":null,"curb_height":null,"surface":"unknown","elevator_required":false,"elevator_status":null,"blocked":false,"block_reason":null,"wheelchair_accessible":null,"accessibility_status":"unknown","source":"osm","accessibility_source":"osm_tags","confidence":0.7,"verified":false,"updated_at":null,"highway":["service"],"raw_accessibility_tags":{},"crosswalk_samples":[],"approach_ids":[],"demo_editable":false,"feature_type":"edge"}},{"type":"Feature","geometry":{"type":"LineString","coordinates":[[126.9257909,37.4002771],[126.925475,37.4007377]]},"properties":{"edge_id":"OSM_E_1469144024_121cbfde41","from_node":"OSM_N13473651377","to_node":"OSM_N13473651507","osm_u":"13473651377","osm_v":"13473651507","osm_key":"0","osm_way_ids":[1469144024],"name":"OSM 보행 구간","length":58.325,"stairs":false,"slope":null,"width":null,"curb_height":null,"surface":"unknown","elevator_required":false,"elevator_status":null,"blocked":false,"block_reason":null,"wheelchair_accessible":null,"accessibility_status":"unknown","source":"osm","accessibility_source":"osm_tags","confidence":0.7,"verified":false,"updated_at":null,"highway":["residential"],"raw_accessibility_tags":{},"crosswalk_samples":[],"approach_ids":[],"demo_editable":false,"feature_type":"edge"}},{"type":"Feature","geometry":{"type":"LineString","coordinates":[[126.9257909,37.4002771],[126.9258629,37.4002229],[126.9259633,37.4002214],[126.9262449,37.4003422]]},"properties":{"edge_id":"OSM_E_1469144024_60f9680ff8","from_node":"OSM_N13473651377","to_node":"OSM_N13473651520","osm_u":"13473651377","osm_v":"13473651520","osm_key":"0","osm_way_ids":[1469144024],"name":"OSM 보행 구간","length":45.902,"stairs":false,"slope":null,"width":null,"curb_height":null,"surface":"unknown","elevator_required":false,"elevator_status":null,"blocked":false,"block_reason":null,"wheelchair_accessible":null,"accessibility_status":"unknown","source":"osm","accessibility_source":"osm_tags","confidence":0.7,"verified":false,"updated_at":null,"highway":["residential"],"raw_accessibility_tags":{},"crosswalk_samples":[],"approach_ids":[],"demo_editable":false,"feature_type":"edge"}},{"type":"Feature","geometry":{"type":"LineString","coordinates":[[126.9257909,37.4002771],[126.9256904,37.4001988],[126.9255919,37.4001115],[126.9255162,37.4000707]]},"properties":{"edge_id":"OSM_E_1469144025_cb92fc3e50","from_node":"OSM_N13473651377","to_node":"OSM_N13473651391","osm_u":"13473651377","osm_v":"13473651391","osm_key":"0","osm_way_ids":[1469144025],"name":"OSM 보행 구간","length":33.551,"stairs":false,"slope":null,"width":null,"curb_height":null,"surface":"unknown","elevator_required":false,"elevator_status":null,"blocked":false,"block_reason":null,"wheelchair_accessible":null,"accessibility_status":"unknown","source":"osm","accessibility_source":"osm_tags","confidence":0.7,"verified":false,"updated_at":null,"highway":["residential"],"raw_accessibility_tags":{},"crosswalk_samples":[],"approach_ids":[],"demo_editable":false,"feature_type":"edge"}},{"type":"Feature","geometry":{"type":"LineString","coordinates":[[126.927143,37.4008482],[126.9269943,37.4007242],[126.9268036,37.4005866]]},"properties":{"edge_id":"OSM_E_1469144024_8912c5c8b8","from_node":"OSM_N13473651382","to_node":"OSM_N13473651526","osm_u":"13473651382","osm_v":"13473651526","osm_key":"0","osm_way_ids":[1469144024],"name":"OSM 보행 구간","length":41.8,"stairs":false,"slope":null,"width":null,"curb_height":null,"surface":"unknown","elevator_required":false,"elevator_status":null,"blocked":false,"block_reason":null,"wheelchair_accessible":null,"accessibility_status":"unknown","source":"osm","accessibility_source":"osm_tags","confidence":0.7,"verified":false,"updated_at":null,"highway":["residential"],"raw_accessibility_tags":{},"crosswalk_samples":[],"approach_ids":[],"demo_editable":false,"feature_type":"edge"}},{"type":"Feature","geometry":{"type":"LineString","coordinates":[[126.9253512,37.3998059],[126.9256165,37.3999188]]},"properties":{"edge_id":"OSM_E_1469144026_99ecc611f5","from_node":"OSM_N13473651387","to_node":"OSM_N13473651390","osm_u":"13473651387","osm_v":"13473651390","osm_key":"0","osm_way_ids":[1469144026],"name":"OSM 보행 구간","length":26.586,"stairs":false,"slope":null,"width":null,"curb_height":null,"surface":"unknown","elevator_required":false,"elevator_status":null,"blocked":false,"block_reason":null,"wheelchair_accessible":null,"accessibility_status":"unknown","source":"osm","accessibility_source":"osm_tags","confidence":0.7,"verified":false,"updated_at":null,"highway":["residential"],"raw_accessibility_tags":{},"crosswalk_samples":[],"approach_ids":[],"demo_editable":false,"feature_type":"edge"}},{"type":"Feature","geometry":{"type":"LineString","coordinates":[[126.9253512,37.3998059],[126.925427,37.3996824],[126.9257018,37.3997878],[126.9256165,37.3999188]]},"properties":{"edge_id":"OSM_E_1469144025_c563783e89","from_node":"OSM_N13473651387","to_node":"OSM_N13473651390","osm_u":"13473651387","osm_v":"13473651390","osm_key":"1","osm_way_ids":[1469144025],"name":"OSM 보행 구간","length":58.634,"stairs":false,"slope":null,"width":null,"curb_height":null,"surface":"unknown","elevator_required":false,"elevator_status":null,"blocked":false,"block_reason":null,"wheelchair_accessible":null,"accessibility_status":"unknown","source":"osm","accessibility_source":"osm_tags","confidence":0.7,"verified":false,"updated_at":null,"highway":["residential"],"raw_accessibility_tags":{},"crosswalk_samples":[],"approach_ids":[],"demo_editable":false,"feature_type":"edge"}},{"type":"Feature","geometry":{"type":"LineString","coordinates":[[126.9253512,37.3998059],[126.925264,37.3999594],[126.9254327,37.4000257],[126.9255162,37.4000707]]},"properties":{"edge_id":"OSM_E_1469144025_ba48b8aabd","from_node":"OSM_N13473651387","to_node":"OSM_N13473651391","osm_u":"13473651387","osm_v":"13473651391","osm_key":"0","osm_way_ids":[1469144025],"name":"OSM 보행 구간","length":44.265,"stairs":false,"slope":null,"width":null,"curb_height":null,"surface":"unknown","elevator_required":false,"elevator_status":null,"blocked":false,"block_reason":null,"wheelchair_accessible":null,"accessibility_status":"unknown","source":"osm","accessibility_source":"osm_tags","confidence":0.7,"verified":false,"updated_at":null,"highway":["residential"],"raw_accessibility_tags":{},"crosswalk_samples":[],"approach_ids":[],"demo_editable":false,"feature_type":"edge"}},{"type":"Feature","geometry":{"type":"LineString","coordinates":[[126.9256165,37.3999188],[126.9255162,37.4000707]]},"properties":{"edge_id":"OSM_E_1469144025_59dae8d94c","from_node":"OSM_N13473651390","to_node":"OSM_N13473651391","osm_u":"13473651390","osm_v":"13473651391","osm_key":"0","osm_way_ids":[1469144025],"name":"OSM 보행 구간","length":19.073,"stairs":false,"slope":null,"width":null,"curb_height":null,"surface":"unknown","elevator_required":false,"elevator_status":null,"blocked":false,"block_reason":null,"wheelchair_accessible":null,"accessibility_status":"unknown","source":"osm","accessibility_source":"osm_tags","confidence":0.7,"verified":false,"updated_at":null,"highway":["residential"],"raw_accessibility_tags":{},"crosswalk_samples":[],"approach_ids":[],"demo_editable":false,"feature_type":"edge"}},{"type":"Feature","geometry":{"type":"LineString","coordinates":[[126.925475,37.4007377],[126.9251604,37.4006157]]},"properties":{"edge_id":"OSM_E_1469144040_7f0edf1c57","from_node":"OSM_N13473651507","to_node":"OSM_N13473651508","osm_u":"13473651507","osm_v":"13473651508","osm_key":"0","osm_way_ids":[1469144040],"name":"OSM 보행 구간","length":30.924,"stairs":false,"slope":null,"width":null,"curb_height":null,"surface":"unknown","elevator_required":false,"elevator_status":null,"blocked":false,"block_reason":null,"wheelchair_accessible":null,"accessibility_status":"unknown","source":"osm","accessibility_source":"osm_tags","confidence":0.7,"verified":false,"updated_at":null,"highway":["residential"],"raw_accessibility_tags":{},"crosswalk_samples":[],"approach_ids":[],"demo_editable":false,"feature_type":"edge"}},{"type":"Feature","geometry":{"type":"LineString","coordinates":[[126.925475,37.4007377],[126.9257811,37.4008282]]},"properties":{"edge_id":"OSM_E_1469144042_74bcbd62fc","from_node":"OSM_N13473651507","to_node":"OSM_N13473651514","osm_u":"13473651507","osm_v":"13473651514","osm_key":"0","osm_way_ids":[1469144042],"name":"OSM 보행 구간","length":28.851,"stairs":false,"slope":null,"width":null,"curb_height":null,"surface":"unknown","elevator_required":false,"elevator_status":null,"blocked":false,"block_reason":null,"wheelchair_accessible":null,"accessibility_status":"unknown","source":"osm","accessibility_source":"osm_tags","confidence":0.7,"verified":false,"updated_at":null,"highway":["residential"],"raw_accessibility_tags":{},"crosswalk_samples":[],"approach_ids":[],"demo_editable":false,"feature_type":"edge"}},{"type":"Feature","geometry":{"type":"LineString","coordinates":[[126.9251604,37.4006157],[126.9252484,37.4004601]]},"properties":{"edge_id":"OSM_E_1469144040_70fa80f201","from_node":"OSM_N13473651508","to_node":"OSM_N13473651513","osm_u":"13473651508","osm_v":"13473651513","osm_key":"0","osm_way_ids":[1469144040],"name":"OSM 보행 구간","length":18.968,"stairs":false,"slope":null,"width":null,"curb_height":null,"surface":"unknown","elevator_required":false,"elevator_status":null,"blocked":false,"block_reason":null,"wheelchair_accessible":null,"accessibility_status":"unknown","source":"osm","accessibility_source":"osm_tags","confidence":0.7,"verified":false,"updated_at":null,"highway":["residential"],"raw_accessibility_tags":{},"crosswalk_samples":[],"approach_ids":[],"demo_editable":false,"feature_type":"edge"}},{"type":"Feature","geometry":{"type":"LineString","coordinates":[[126.9251604,37.4006157],[126.9248072,37.4004651],[126.9248929,37.4003351]]},"properties":{"edge_id":"OSM_E_1469144040_c0160a1a70","from_node":"OSM_N13473651508","to_node":"OSM_N13473651510","osm_u":"13473651508","osm_v":"13473651510","osm_key":"0","osm_way_ids":[1469144040],"name":"OSM 보행 구간","length":51.727,"stairs":false,"slope":null,"width":null,"curb_height":null,"surface":"unknown","elevator_required":false,"elevator_status":null,"blocked":false,"block_reason":null,"wheelchair_accessible":null,"accessibility_status":"unknown","source":"osm","accessibility_source":"osm_tags","confidence":0.7,"verified":false,"updated_at":null,"highway":["residential"],"raw_accessibility_tags":{},"crosswalk_samples":[],"approach_ids":[],"demo_editable":false,"feature_type":"edge"}},{"type":"Feature","geometry":{"type":"LineString","coordinates":[[126.9248929,37.4003351],[126.9252484,37.4004601]]},"properties":{"edge_id":"OSM_E_1469144041_1724b5746f","from_node":"OSM_N13473651510","to_node":"OSM_N13473651513","osm_u":"13473651510","osm_v":"13473651513","osm_key":"0","osm_way_ids":[1469144041],"name":"OSM 보행 구간","length":34.341,"stairs":false,"slope":null,"width":null,"curb_height":null,"surface":"unknown","elevator_required":false,"elevator_status":null,"blocked":false,"block_reason":null,"wheelchair_accessible":null,"accessibility_status":"unknown","source":"osm","accessibility_source":"osm_tags","confidence":0.7,"verified":false,"updated_at":null,"highway":["residential"],"raw_accessibility_tags":{},"crosswalk_samples":[],"approach_ids":[],"demo_editable":false,"feature_type":"edge"}},{"type":"Feature","geometry":{"type":"LineString","coordinates":[[126.9248929,37.4003351],[126.9250046,37.4001618],[126.9253448,37.4002897],[126.9252484,37.4004601]]},"properties":{"edge_id":"OSM_E_1469144040_48db3eeace","from_node":"OSM_N13473651510","to_node":"OSM_N13473651513","osm_u":"13473651510","osm_v":"13473651513","osm_key":"1","osm_way_ids":[1469144040],"name":"OSM 보행 구간","length":75.669,"stairs":false,"slope":null,"width":null,"curb_height":null,"surface":"unknown","elevator_required":false,"elevator_status":null,"blocked":false,"block_reason":null,"wheelchair_accessible":null,"accessibility_status":"unknown","source":"osm","accessibility_source":"osm_tags","confidence":0.7,"verified":false,"updated_at":null,"highway":["residential"],"raw_accessibility_tags":{},"crosswalk_samples":[],"approach_ids":[],"demo_editable":false,"feature_type":"edge"}},{"type":"Feature","geometry":{"type":"LineString","coordinates":[[126.9257811,37.4008282],[126.9258546,37.400695]]},"properties":{"edge_id":"OSM_E_1469144042_a8d0f49d00","from_node":"OSM_N13473651514","to_node":"OSM_N13473651519","osm_u":"13473651514","osm_v":"13473651519","osm_key":"0","osm_way_ids":[1469144042],"name":"OSM 보행 구간","length":16.172,"stairs":false,"slope":null,"width":null,"curb_height":null,"surface":"unknown","elevator_required":false,"elevator_status":null,"blocked":false,"block_reason":null,"wheelchair_accessible":null,"accessibility_status":"unknown","source":"osm","accessibility_source":"osm_tags","confidence":0.7,"verified":false,"updated_at":null,"highway":["residential"],"raw_accessibility_tags":{},"crosswalk_samples":[],"approach_ids":[],"demo_editable":false,"feature_type":"edge"}},{"type":"Feature","geometry":{"type":"LineString","coordinates":[[126.9257811,37.4008282],[126.9263031,37.4010303],[126.9263722,37.4008906]]},"properties":{"edge_id":"OSM_E_1469144042_dd1eb9d016","from_node":"OSM_N13473651514","to_node":"OSM_N13473651518","osm_u":"13473651514","osm_v":"13473651518","osm_key":"0","osm_way_ids":[1469144042],"name":"OSM 보행 구간","length":67.985,"stairs":false,"slope":null,"width":null,"curb_height":null,"surface":"unknown","elevator_required":false,"elevator_status":null,"blocked":false,"block_reason":null,"wheelchair_accessible":null,"accessibility_status":"unknown","source":"osm","accessibility_source":"osm_tags","confidence":0.7,"verified":false,"updated_at":null,"highway":["residential"],"raw_accessibility_tags":{},"crosswalk_samples":[],"approach_ids":[],"demo_editable":false,"feature_type":"edge"}},{"type":"Feature","geometry":{"type":"LineString","coordinates":[[126.9263722,37.4008906],[126.9258546,37.400695]]},"properties":{"edge_id":"OSM_E_1469144043_22cbeb4ea6","from_node":"OSM_N13473651518","to_node":"OSM_N13473651519","osm_u":"13473651518","osm_v":"13473651519","osm_key":"0","osm_way_ids":[1469144043],"name":"OSM 보행 구간","length":50.631,"stairs":false,"slope":null,"width":null,"curb_height":null,"surface":"unknown","elevator_required":false,"elevator_status":null,"blocked":false,"block_reason":null,"wheelchair_accessible":null,"accessibility_status":"unknown","source":"osm","accessibility_source":"osm_tags","confidence":0.7,"verified":false,"updated_at":null,"highway":["residential"],"raw_accessibility_tags":{},"crosswalk_samples":[],"approach_ids":[],"demo_editable":false,"feature_type":"edge"}},{"type":"Feature","geometry":{"type":"LineString","coordinates":[[126.9263722,37.4008906],[126.9264459,37.4007415],[126.9259395,37.4005414],[126.9258546,37.400695]]},"properties":{"edge_id":"OSM_E_1469144042_f416af49ff","from_node":"OSM_N13473651518","to_node":"OSM_N13473651519","osm_u":"13473651518","osm_v":"13473651519","osm_key":"1","osm_way_ids":[1469144042],"name":"OSM 보행 구간","length":86.426,"stairs":false,"slope":null,"width":null,"curb_height":null,"surface":"unknown","elevator_required":false,"elevator_status":null,"blocked":false,"block_reason":null,"wheelchair_accessible":null,"accessibility_status":"unknown","source":"osm","accessibility_source":"osm_tags","confidence":0.7,"verified":false,"updated_at":null,"highway":["residential"],"raw_accessibility_tags":{},"crosswalk_samples":[],"approach_ids":[],"demo_editable":false,"feature_type":"edge"}},{"type":"Feature","geometry":{"type":"LineString","coordinates":[[126.9262449,37.4003422],[126.9263101,37.4002181]]},"properties":{"edge_id":"OSM_E_1469144044_bde50c247d","from_node":"OSM_N13473651520","to_node":"OSM_N13473651524","osm_u":"13473651520","osm_v":"13473651524","osm_key":"0","osm_way_ids":[1469144044],"name":"OSM 보행 구간","length":14.953,"stairs":false,"slope":null,"width":null,"curb_height":null,"surface":"unknown","elevator_required":false,"elevator_status":null,"blocked":false,"block_reason":null,"wheelchair_accessible":null,"accessibility_status":"unknown","source":"osm","accessibility_source":"osm_tags","confidence":0.7,"verified":false,"updated_at":null,"highway":["residential"],"raw_accessibility_tags":{},"crosswalk_samples":[],"approach_ids":[],"demo_editable":false,"feature_type":"edge"}},{"type":"Feature","geometry":{"type":"LineString","coordinates":[[126.9262449,37.4003422],[126.9267877,37.4005752],[126.9268036,37.4005866]]},"properties":{"edge_id":"OSM_E_1469144024_da3cbf5fbf","from_node":"OSM_N13473651520","to_node":"OSM_N13473651526","osm_u":"13473651520","osm_v":"13473651526","osm_key":"0","osm_way_ids":[1469144024],"name":"OSM 보행 구간","length":56.392,"stairs":false,"slope":null,"width":null,"curb_height":null,"surface":"unknown","elevator_required":false,"elevator_status":null,"blocked":false,"block_reason":null,"wheelchair_accessible":null,"accessibility_status":"unknown","source":"osm","accessibility_source":"osm_tags","confidence":0.7,"verified":false,"updated_at":null,"highway":["residential"],"raw_accessibility_tags":{},"crosswalk_samples":[],"approach_ids":[],"demo_editable":false,"feature_type":"edge"}},{"type":"Feature","geometry":{"type":"LineString","coordinates":[[126.9263862,37.4000731],[126.9263101,37.4002181]]},"properties":{"edge_id":"OSM_E_1469144044_bcac41ac07","from_node":"OSM_N13473651521","to_node":"OSM_N13473651524","osm_u":"13473651521","osm_v":"13473651524","osm_key":"0","osm_way_ids":[1469144044],"name":"OSM 보행 구간","length":17.469,"stairs":false,"slope":null,"width":null,"curb_height":null,"surface":"unknown","elevator_required":false,"elevator_status":null,"blocked":false,"block_reason":null,"wheelchair_accessible":null,"accessibility_status":"unknown","source":"osm","accessibility_source":"osm_tags","confidence":0.7,"verified":false,"updated_at":null,"highway":["residential"],"raw_accessibility_tags":{},"crosswalk_samples":[],"approach_ids":[],"demo_editable":false,"feature_type":"edge"}},{"type":"Feature","geometry":{"type":"LineString","coordinates":[[126.9263862,37.4000731],[126.9260616,37.3999617],[126.9259863,37.4001164],[126.9263101,37.4002181]]},"properties":{"edge_id":"OSM_E_1469144044_02d200de79","from_node":"OSM_N13473651521","to_node":"OSM_N13473651524","osm_u":"13473651521","osm_v":"13473651524","osm_key":"1","osm_way_ids":[1469144044],"name":"OSM 보행 구간","length":80.435,"stairs":false,"slope":null,"width":null,"curb_height":null,"surface":"unknown","elevator_required":false,"elevator_status":null,"blocked":false,"block_reason":null,"wheelchair_accessible":null,"accessibility_status":"unknown","source":"osm","accessibility_source":"osm_tags","confidence":0.7,"verified":false,"updated_at":null,"highway":["residential"],"raw_accessibility_tags":{},"crosswalk_samples":[],"approach_ids":[],"demo_editable":false,"feature_type":"edge"}},{"type":"Feature","geometry":{"type":"LineString","coordinates":[[126.9263862,37.4000731],[126.9267002,37.400191]]},"properties":{"edge_id":"OSM_E_1469144045_0652cb070d","from_node":"OSM_N13473651521","to_node":"OSM_N13473651527","osm_u":"13473651521","osm_v":"13473651527","osm_key":"0","osm_way_ids":[1469144045],"name":"OSM 보행 구간","length":30.679,"stairs":false,"slope":null,"width":null,"curb_height":null,"surface":"unknown","elevator_required":false,"elevator_status":null,"blocked":false,"block_reason":null,"wheelchair_accessible":null,"accessibility_status":"unknown","source":"osm","accessibility_source":"osm_tags","confidence":0.7,"verified":false,"updated_at":null,"highway":["residential"],"raw_accessibility_tags":{},"crosswalk_samples":[],"approach_ids":[],"demo_editable":false,"feature_type":"edge"}},{"type":"Feature","geometry":{"type":"LineString","coordinates":[[126.9268036,37.4005866],[126.9268797,37.4004387]]},"properties":{"edge_id":"OSM_E_1469144045_36e54ba35f","from_node":"OSM_N13473651526","to_node":"OSM_N13473651529","osm_u":"13473651526","osm_v":"13473651529","osm_key":"0","osm_way_ids":[1469144045],"name":"OSM 보행 구간","length":17.767,"stairs":false,"slope":null,"width":null,"curb_height":null,"surface":"unknown","elevator_required":false,"elevator_status":null,"blocked":false,"block_reason":null,"wheelchair_accessible":null,"accessibility_status":"unknown","source":"osm","accessibility_source":"osm_tags","confidence":0.7,"verified":false,"updated_at":null,"highway":["residential"],"raw_accessibility_tags":{},"crosswalk_samples":[],"approach_ids":[],"demo_editable":false,"feature_type":"edge"}},{"type":"Feature","geometry":{"type":"LineString","coordinates":[[126.9267002,37.400191],[126.9269575,37.4002876],[126.9268797,37.4004387]]},"properties":{"edge_id":"OSM_E_1469144045_46788bfd5e","from_node":"OSM_N13473651527","to_node":"OSM_N13473651529","osm_u":"13473651527","osm_v":"13473651529","osm_key":"0","osm_way_ids":[1469144045],"name":"OSM 보행 구간","length":43.292,"stairs":false,"slope":null,"width":null,"curb_height":null,"surface":"unknown","elevator_required":false,"elevator_status":null,"blocked":false,"block_reason":null,"wheelchair_accessible":null,"accessibility_status":"unknown","source":"osm","accessibility_source":"osm_tags","confidence":0.7,"verified":false,"updated_at":null,"highway":["residential"],"raw_accessibility_tags":{},"crosswalk_samples":[],"approach_ids":[],"demo_editable":false,"feature_type":"edge"}},{"type":"Feature","geometry":{"type":"LineString","coordinates":[[126.9267002,37.400191],[126.9266199,37.4003392],[126.9268797,37.4004387]]},"properties":{"edge_id":"OSM_E_1469144046_703b0af35f","from_node":"OSM_N13473651527","to_node":"OSM_N13473651529","osm_u":"13473651527","osm_v":"13473651529","osm_key":"1","osm_way_ids":[1469144046],"name":"OSM 보행 구간","length":43.418,"stairs":false,"slope":null,"width":null,"curb_height":null,"surface":"unknown","elevator_required":false,"elevator_status":null,"blocked":false,"block_reason":null,"wheelchair_accessible":null,"accessibility_status":"unknown","source":"osm","accessibility_source":"osm_tags","confidence":0.7,"verified":false,"updated_at":null,"highway":["residential"],"raw_accessibility_tags":{},"crosswalk_samples":[],"approach_ids":[],"demo_editable":false,"feature_type":"edge"}},{"type":"Feature","geometry":{"type":"LineString","coordinates":[[126.9215594,37.4005712],[126.9215047,37.4006372]]},"properties":{"edge_id":"OSM_E_1469155089_74ab581423","from_node":"OSM_N13473718811","to_node":"OSM_N13473718812","osm_u":"13473718811","osm_v":"13473718812","osm_key":"0","osm_way_ids":[1469155089],"name":"OSM 보행 구간","length":8.787,"stairs":false,"slope":null,"width":null,"curb_height":null,"surface":"unknown","elevator_required":false,"elevator_status":null,"blocked":false,"block_reason":null,"wheelchair_accessible":null,"accessibility_status":"unknown","source":"osm","accessibility_source":"osm_tags","confidence":0.7,"verified":false,"updated_at":null,"highway":["path"],"raw_accessibility_tags":{},"crosswalk_samples":[],"approach_ids":[],"demo_editable":false,"feature_type":"edge"}},{"type":"Feature","geometry":{"type":"LineString","coordinates":[[126.9229659,37.4069559],[126.9216631,37.4062355]]},"properties":{"edge_id":"OSM_E_380194922_e00ee2ab58","from_node":"OSM_N13473969088","to_node":"OSM_N13473969091","osm_u":"13473969088","osm_v":"13473969091","osm_key":"0","osm_way_ids":[380194922],"name":"OSM 보행 구간","length":140.209,"stairs":false,"slope":null,"width":null,"curb_height":null,"surface":"unknown","elevator_required":false,"elevator_status":null,"blocked":false,"block_reason":null,"wheelchair_accessible":null,"accessibility_status":"unknown","source":"osm","accessibility_source":"osm_tags","confidence":0.7,"verified":false,"updated_at":null,"highway":["residential"],"raw_accessibility_tags":{},"crosswalk_samples":[],"approach_ids":[],"demo_editable":false,"feature_type":"edge"}}]}
