관리번호,횡단보도폭,횡단보도길이,관할지역,위도,경도,보도턱낮춤여부,점자블록유무
2024120001,17.32,22.11,안양6동,37.3914617,126.9275399,,
2024120002,18.31,22.89,안양5동,37.39170288,126.927343,,
2024120003,19.21,24.4,안양6동,37.39013198,126.9286705,,
2024120004,8.71,10.03,안양6동,37.39192258,126.9280985,,
2024120005,10.36,11.14,안양5동,37.39124337,126.9268113,,
2024120009,7.04,7.81,안양6동,37.39111619,126.9294984,,
2024120010,6.65,9,안양6동,37.39114972,126.9293689,,
2024120011,5.48,6.82,안양6동,37.39087295,126.9289656,,
2024120012,5.78,6.56,안양6동,37.39096094,126.9288434,,
2024120013,7.15,8.86,안양6동,37.39045276,126.9277716,,
2024120014,4.33,5.2,안양6동,37.39194966,126.9280126,,
2024120015,4.49,5.7,안양5동,37.39395784,126.9264491,,
2024120020,6.78,8.2,안양5동,37.39385231,126.9245349,,
2024120026,8.83,13.22,인덕원동,37.40131702,126.9612818,,
2024120027,6.65,12.2,인덕원동,37.40129392,126.9615967,,
2024120028,4.13,8.52,인덕원동,37.40122801,126.9613767,,
2024120029,11.06,15.64,인덕원동,37.40055307,126.9647249,,
2024120030,7.96,10.73,인덕원동,37.40066255,126.9645269,,
2024120031,5.77,11.74,관양동,37.40465079,126.9643701,,
2024120032,9.33,13.7,관양동,37.40395001,126.9606141,,
2024120033,0.67,1.76,관양동,37.40219257,126.9570966,,
2024120034,4.04,7.23,관양동,37.40495329,126.9574502,,
2024120035,5.21,11.25,관양동,37.40419905,126.9574434,,
2024120036,4.18,9.53,석수1동,37.4185348,126.9322701,,
2024120037,5.77,10.54,석수1동,37.41857326,126.9323677,,
2024120038,9.13,11.82,관양동,37.40830412,126.9714331,,
2024120039,6.64,8.36,관양동,37.40835289,126.9715786,,
2024120040,6.73,9.43,관양동,37.40842319,126.9713481,,
2024120041,10.81,14.11,관양동,37.40847217,126.971509,,
2024120042,8.16,8.71,관양동,37.40947172,126.9721819,,
2024120043,11.84,12.93,관양동,37.40966184,126.9729689,,
2024120044,7.3,8.25,관양동,37.40983469,126.9729898,,
2024120045,14.59,16.61,관양동,37.40971738,126.9727409,,
2024120046,10.79,12.97,관양동,37.40989827,126.9727817,,
2024120047,5.44,7.83,관양동,37.40570402,126.9688215,,
2024120048,6.51,7.74,관양동,37.40656472,126.9694997,,
2024120049,6.12,6.36,관양동,37.40631677,126.9692926,,
2024120050,6.43,6.48,관양동,37.40604266,126.9689822,,
2024120051,5.56,6.35,관양동,37.40594089,126.9689699,,
2024120052,6.28,6.64,관양동,37.40773573,126.9698635,,
2024120053,7.13,11.84,관양동,37.40977233,126.9674226,,
2024120054,5.62,6.93,관양동,37.40572983,126.968611,,
2024120055,3.92,4.56,관양동,37.4058222,126.9683383,,
2024120056,4.9,7.71,관양동,37.40988101,126.9669418,,
2024120057,5.89,8.48,관양동,37.40578068,126.9687747,,
2024120058,8.46,10.05,관양동,37.40669406,126.9694484,,
2024120059,16.56,16.67,관양동,37.40662879,126.9695547,,
2024120060,8.07,9.83,관양동,37.40657981,126.969681,,
2024120061,12.45,15.31,비산2동,37.3964724,126.9406564,,
2024120062,3.07,13.06,비산2동,37.39761033,126.9407452,,
2024120063,7.6,8.79,안양7동,37.39534692,126.929203,,
2024120064,5.61,6.9,안양7동,37.39568087,126.9287194,,
2024120065,2.96,3.18,안양1동,37.39981453,126.9284261,,
2024120066,15.08,16.47,안양1동,37.39911661,126.925434,,
2024120067,4.79,5.04,안양1동,37.39925534,126.9253182,,
2024120068,7.08,7.69,안양1동,37.39917057,126.9252117,,
2024120069,3.52,4.09,안양1동,37.39609669,126.9287209,,
2024120070,4.92,5.08,안양7동,37.39594767,126.9288482,,
2024120071,13.89,14.06,안양1동,37.39632773,126.9271848,,
2024120072,14.57,15.13,안양1동,37.39715731,126.9262547,,
2024120073,3.78,4.03,안양7동,37.39626325,126.9294533,,
2024120074,8.26,9.55,안양7동,37.39621807,126.9294513,,
2024120075,6.96,7.03,안양7동,37.3958733,126.9297957,,
2024120076,8.12,8.43,안양7동,37.39596417,126.9297961,,
2024120077,8.22,8.27,안양7동,37.39596535,126.9299289,,
2024120078,8.76,8.83,안양7동,37.39588876,126.9299222,,
2024120079,4.35,4.38,안양7동,37.39620744,126.9293523,,
2024120080,10.42,11.71,안양4동,37.39634577,126.920414,,
2024120081,5.36,6.35,안양4동,37.39714994,126.9217702,,
2024120082,9.99,11.1,안양4동,37.39684072,126.9213546,,
2024120083,19.29,23.32,안양1동,37.39567724,126.9240285,,
2024120084,20.1,26.26,안양4동,37.39761941,126.9224261,,
2024120085,7.83,10.16,안양5동,37.3950486,126.9213665,,
2024120086,15.79,16.2,안양1동,37.39955921,126.9238808,,
2024120087,12.19,13.99,안양1동,37.39857868,126.9246125,,
2024120088,4.5,5.59,부흥동,37.39233345,126.9495412,,
2024120089,11.06,14.38,부흥동,37.39239802,126.9494208,,
2024120090,12.5,12.51,부흥동,37.39126918,126.9476412,,
2024120091,15.04,15.64,부흥동,37.39111342,126.9478596,,
2024120092,13.58,13.99,부흥동,37.39127319,126.9478416,,
2024120093,6.14,6.9,부흥동,37.39217428,126.9491363,,
2024120094,16.82,17,부흥동,37.39293656,126.9457152,,
2024120095,13.56,14.1,부흥동,37.39278155,126.9457321,,
2024120096,7.06,7.19,비산2동,37.39274031,126.9421241,,
2024120097,7.85,8,호계2동,37.39126089,126.9429024,,
2024120098,5.96,6.19,비산2동,37.39267986,126.9421303,,
2024120099,6.39,6.41,비산2동,37.39266122,126.9422348,,
2024120100,6.35,7.76,안양7동,37.39006728,126.9409348,,
2024120107,8.84,8.99,안양5동,37.3939421,126.9222819,,
2024120108,7.81,9.41,안양5동,37.3935338,126.9239419,,
2024120109,6.35,7.53,안양5동,37.39344258,126.9240358,,
2024120110,12.02,12.22,안양5동,37.39354792,126.9241092,,
2024120111,8.41,11.35,안양5동,37.39374707,126.9246102,,
2024120112,9.32,9.53,안양5동,37.39469519,126.9216547,,
2024120113,6.2,8.78,관양동,37.40203407,126.9612593,,
2024120114,7.59,13.43,관양동,37.40408425,126.9613523,,
2024120115,5.9,6.07,관양동,37.40221203,126.9613157,,
2024120116,7.48,15.03,인덕원동,37.40142829,126.9604852,,
2024120117,9.48,16.84,부림동,37.40141501,126.9600848,,
2024120118,17.04,43.01,관양동,37.40378825,126.9610656,,
2024120119,7.18,14.54,관양동,37.40388142,126.9629453,,
2024120120,4.32,7.8,인덕원동,37.40138657,126.9614285,,
2024120121,4.93,5.53,관양동,37.40221451,126.9642315,,
2024120122,8.47,11.35,인덕원동,37.40153554,126.9644799,,
2024120123,8.23,14.06,인덕원동,37.40144199,126.9640355,,
2024120124,7.77,16.96,인덕원동,37.40133197,126.9643262,,
2024120125,7.33,18.2,관양동,37.40416887,126.9644999,,
2024120126,8.53,14.74,달안동,37.3957664,126.9496662,,
2024120127,12.15,17.15,달안동,37.39569429,126.9497449,,
2024120128,8.33,10.89,부흥동,37.39715043,126.9451595,,
2024120129,14.68,20.12,달안동,37.39517859,126.9487478,,
2024120130,16.08,18.72,부흥동,37.3952047,126.9485446,,
2024120131,14.71,18.77,달안동,37.39537043,126.9488296,,
2024120132,17.6,19.38,달안동,37.39541545,126.948595,,
2024120133,14.96,21.07,비산2동,37.39886638,126.9451836,,
2024120134,22.93,35.45,비산3동,37.39911335,126.9452533,,
2024120135,17.09,19.31,달안동,37.39793431,126.9460777,,
2024120136,17.61,19.4,달안동,37.39789068,126.9463515,,
2024120137,14.91,20.2,달안동,37.39774538,126.9462984,,
2024120138,14.22,15.61,달안동,37.39659729,126.9474221,,
2024120139,14.91,15.89,달안동,37.39665676,126.9473674,,
2024120140,9.53,10.9,부흥동,37.39659151,126.9472732,,
2024120141,14.52,15.97,달안동,37.39671975,126.9472988,,
2024120142,17.69,19.08,부흥동,37.39776183,126.9460346,,
2024120143,4.84,9.85,비산3동,37.3997558,126.9449038,,
2024120144,8.57,29.69,비산2동,37.39886415,126.9429049,,
2024120145,8.89,10.08,비산2동,37.39737752,126.9424246,,
2024120146,5.51,5.63,비산2동,37.39750988,126.9424359,,
2024120147,6.74,7.46,비산2동,37.39745998,126.9425948,,
2024120148,6.53,11.26,부흥동,37.39581411,126.9413399,,
2024120149,3.61,3.71,부흥동,37.39588058,126.9414408,,
2024120150,4.12,5.84,비산2동,37.39765765,126.9406214,,
2024120151,9.39,10.85,비산2동,37.39667594,126.9411757,,
2024120152,3.8,6.33,부흥동,37.39576383,126.9411665,,
2024120153,4.4,7.07,비산2동,37.39864749,126.9407153,,
2024120154,3.78,7.54,비산1동,37.39902237,126.9406846,,
2024120155,4.2,9.77,비산2동,37.39904447,126.9430739,,
2024120156,4.07,9.91,비산3동,37.39900796,126.9438754,,
2024120157,3.12,5.88,비산2동,37.39869464,126.9415721,,
2024120158,3.68,5.13,비산1동,37.39901283,126.9414943,,
2024120159,3.13,12.77,비산2동,37.39869374,126.9422902,,
2024120160,6.46,6.79,비산2동,37.39867958,126.943123,,
2024120161,2.94,6.59,관양동,37.40278939,126.9583158,,
2024120162,6.11,9.27,관양동,37.4020238,126.9559977,,
2024120163,5.73,8.12,부림동,37.40080795,126.9554825,,
2024120164,7.54,9.39,관양동,37.40627414,126.9734254,,
2024120165,7.14,9.22,관양동,37.40659866,126.9726873,,
2024120166,7.42,7.83,관양동,37.40675149,126.9724886,,
2024120167,9.44,10.47,관양동,37.40680027,126.9726867,,
2024120168,6.48,9.18,관양동,37.40720082,126.9724896,,
2024120169,3.83,7.07,관양동,37.407275,126.9720919,,
2024120170,5.41,8.1,관양동,37.40771501,126.9721923,,
2024120171,5.23,7.05,관양동,37.40716489,126.9703039,,
2024120172,4.97,6.07,관양동,37.40754486,126.9703898,,
2024120173,6.17,6.84,관양동,37.40834039,126.9732094,,
2024120174,4.37,11.67,관양동,37.40509464,126.9705908,,
2024120175,7.63,15.12,관양동,37.4051919,126.9711108,,
2024120176,4.3,7.44,관양동,37.40619406,126.971785,,
2024120177,7.69,16.59,관양동,37.40617337,126.9711623,,
2024120178,6.18,11.97,관양동,37.40629244,126.9713597,,
2024120179,6.47,18.63,관양동,37.40642634,126.9711738,,
2024120180,6.76,11.94,관양동,37.40630934,126.9709711,,
2024120181,7.51,7.86,관양동,37.40865885,126.9727012,,
2024120182,6.48,7.3,관양동,37.40890571,126.9728397,,
2024120183,6.66,7.14,관양동,37.40883684,126.9728215,,
2024120184,7.05,8.03,관양동,37.40845744,126.9735865,,
2024120185,13.51,13.67,관양동,37.40866653,126.9738659,,
2024120186,6.19,9.87,호계2동,37.37767373,126.9542915,,
2024120187,5.82,7.24,호계2동,37.37715557,126.9545075,,
2024120188,22.31,37.93,호계2동,37.37950132,126.9544677,,
2024120189,5.05,7.78,호계2동,37.379073,126.9523624,,
2024120190,5.23,6.6,귀인동,37.38491334,126.9628079,,
2024120191,5.21,6.6,귀인동,37.38485681,126.9627801,,
2024120192,18.82,26.3,귀인동,37.38105066,126.9613729,,
2024120193,3.66,5.97,귀인동,37.3848834,126.9628678,,
2024120194,8.47,8.74,갈산동,37.38061078,126.9613887,,
2024120195,4.99,6.51,귀인동,37.38483019,126.9628479,,
2024120196,4.93,6.23,귀인동,37.38459329,126.9629626,,
2024120197,6.87,10.82,귀인동,37.38390521,126.9609138,,
2024120198,6.82,8.64,귀인동,37.38369882,126.96031,,
2024120199,6.53,11.85,귀인동,37.38205809,126.9610587,,
2024120200,8.33,8.35,비산2동,37.39308443,126.9417029,,
2024120201,9.49,10.98,비산2동,37.39273904,126.9410327,,
2024120202,12.79,12.91,비산2동,37.39367347,126.9402249,,
2024120203,6.46,6.5,비산2동,37.39273708,126.9422148,,
2024120204,5.46,7.54,안양7동,37.39164838,126.9405555,,
2024120205,4.41,9.22,호계2동,37.39110079,126.9427918,,
2024120206,4.22,8.32,호계2동,37.3911429,126.9427313,,
2024120207,6.42,9.55,호계2동,37.39128614,126.9427543,,
2024120208,7.66,7.73,비산2동,37.39348251,126.9421136,,
2024120209,32.36,32.89,호계2동,37.39210216,126.9442633,,
2024120210,20.4,20.62,부흥동,37.39211899,126.9446727,,
2024120211,7.12,11.15,안양7동,37.39173656,126.9403332,,
2024120212,9.65,16.48,안양7동,37.39187966,126.9404166,,
2024120213,6.89,6.95,호계2동,37.39135292,126.9430214,,
2024120214,7.58,7.63,호계2동,37.3903032,126.9442668,,
2024120215,5.69,8.82,안양7동,37.39248649,126.9363614,,
2024120216,9.24,13.59,안양7동,37.39240188,126.9359057,,
2024120217,11.27,12.74,비산2동,37.39435322,126.9392061,,
2024120218,5.41,9.12,안양7동,37.39042254,126.9374742,,
2024120219,5.2,6.68,안양7동,37.39229437,126.9358419,,
2024120220,5.72,10.18,안양7동,37.39167369,126.9394952,,
2024120221,11.85,12.43,안양7동,37.39308819,126.9394981,,
2024120222,3.27,9.38,안양7동,37.39112199,126.939743,,
2024120223,5.06,8.13,안양7동,37.39031957,126.9375612,,
2024120224,10.47,10.5,비산2동,37.39480479,126.9396301,,
2024120225,12.13,12.74,비산2동,37.39436809,126.9390662,,
2024120226,13.02,16.2,안양7동,37.39460765,126.9361543,,
2024120227,11.2,16.43,안양7동,37.39445261,126.9362415,,
2024120228,16.82,19.11,안양7동,37.39369671,126.9381949,,
2024120229,13.01,16.37,안양7동,37.39446027,126.9364589,,
2024120230,12.59,15.69,안양7동,37.39389507,126.9381403,,
2024120231,16.32,16.59,안양7동,37.39311089,126.9374595,,
2024120232,7.55,11.38,안양7동,37.39296837,126.9374251,,
2024120233,7.51,8.24,안양7동,37.39287683,126.9372215,,
2024120234,11.88,16.51,안양7동,37.39211322,126.9350865,,
2024120235,12.2,12.25,안양7동,37.3920423,126.9378634,,
2024120236,13.47,14.98,안양7동,37.39204888,126.9380715,,
2024120237,9.74,10.13,안양7동,37.39187655,126.9378872,,
2024120238,6.09,9.42,안양7동,37.39164643,126.9398402,,
2024120239,7.05,7.15,안양7동,37.39012615,126.9396014,,
2024120240,4.29,7.33,안양7동,37.39047535,126.9375631,,
2024120241,3.4,11.44,안양7동,37.39070026,126.9358169,,
2024120242,4.95,7.22,안양7동,37.39085602,126.9351616,,
2024120243,5.42,9.06,안양7동,37.39075826,126.9351036,,
2024120244,5.42,8.43,안양7동,37.39067375,126.9352001,,
2024120245,5.82,9.42,안양7동,37.39071775,126.9353111,,
2024120246,8.64,12.3,안양7동,37.39188121,126.9381242,,
2024120247,13,13.96,안양7동,37.39373469,126.9385366,,
2024120248,9.17,13.52,안양7동,37.39232757,126.9357089,,
2024120249,4.33,10.28,안양7동,37.39158213,126.9397721,,
2024120250,5.1,5.6,안양6동,37.39024911,126.9302819,,
2024120251,5.4,6.25,안양6동,37.3903027,126.9301769,,
2024120252,4.68,5.71,안양6동,37.3900399,126.9303172,,
2024120253,4.89,6.33,안양6동,37.39268827,126.9312654,,
2024120254,6.13,6.89,안양6동,37.39119131,126.9320296,,
2024120255,4.27,6.31,안양6동,37.39015965,126.9327402,,
2024120256,5.33,8.72,안양7동,37.39077927,126.9339579,,
2024120257,5.91,6.21,안양7동,37.39181703,126.933294,,
2024120258,4.07,11.57,안양7동,37.39088943,126.9339838,,
2024120259,7.19,10.26,안양7동,37.39091824,126.9337992,,
2024120260,3.34,6.08,안양7동,37.39061615,126.933917,,
2024120261,11.25,19.58,안양7동,37.39213611,126.9348612,,
2024120262,7.55,7.65,안양7동,37.39385603,126.931174,,
2024120263,4.78,4.97,안양7동,37.39174846,126.9344283,,
2024120264,5.45,13,안양7동,37.39099976,126.9338663,,
2024120265,10.95,12.34,안양6동,37.39320621,126.9307057,,
2024120266,11.81,13.16,안양6동,37.39334074,126.9305893,,
2024120267,6.5,8.95,안양6동,37.39075445,126.9323461,,
2024120268,12.08,15.05,안양6동,37.39118692,126.9321669,,
2024120269,5.57,6.36,안양6동,37.39178071,126.9316405,,
2024120270,13.96,15.77,안양6동,37.3921478,126.9315063,,
2024120271,9.54,12.08,안양6동,37.39219606,126.9313398,,
2024120272,9.6,11.46,안양6동,37.39322856,126.9305727,,
2024120273,12.46,16.17,안양7동,37.39197852,126.9347456,,
2024120274,6.87,7.98,안양7동,37.3915342,126.9338993,,
2024120275,3.87,4.38,안양6동,37.39073212,126.9259857,,
2024120276,3.48,3.96,안양5동,37.39358569,126.9266367,,
2024120277,3.33,3.67,안양5동,37.39359379,126.9265816,,
2024120278,4.42,5.76,안양6동,37.39217078,126.9278596,,
2024120279,8.58,10,안양6동,37.39095144,126.9289845,,
2024120280,8.45,10.02,안양6동,37.39087381,126.9288366,,
2024120281,4.81,5.82,안양6동,37.39082006,126.9298119,,
2024120282,5.74,6.49,안양6동,37.39089198,126.9296909,,
2024120283,4.37,5.5,안양6동,37.39075459,126.9298001,,
2024120284,8.11,9.33,안양6동,37.39261363,126.9294059,,
2024120285,7.96,31.92,비산1동,37.39884573,126.938965,,
2024120286,4.12,12.68,비산2동,37.39865852,126.9391446,,
2024120287,6.51,9.39,병목안동,37.39188879,126.9141752,,
2024120288,5.09,6.84,병목안동,37.39066713,126.9148142,,
2024120289,6.81,7.58,병목안동,37.39035422,126.9148419,,
2024120290,13.16,14.6,병목안동,37.39473718,126.9130001,,
2024120291,11.87,13.1,병목안동,37.39428889,126.9121446,,
2024120292,3.62,7.82,안양3동,37.39361225,126.9142824,,
2024120293,8.24,8.34,병목안동,37.39159847,126.9143259,,
2024120294,8.64,9.16,병목안동,37.39077858,126.9148502,,
2024120295,5.72,8.4,병목안동,37.39059592,126.9149006,,
2024120296,6.38,15.27,병목안동,37.39223743,126.9095176,,
2024120297,4.23,6.21,병목안동,37.39111299,126.9087,,
2024120298,9.14,12.46,병목안동,37.39211974,126.9094096,,
2024120299,4.54,7.05,병목안동,37.39108413,126.9082431,,
2024120300,10.78,10.83,병목안동,37.39109759,126.9075147,,
2024120301,4.52,5.32,병목안동,37.39119425,126.9075492,,
2024120302,6.22,6.77,병목안동,37.39113876,126.9076402,,
2024120303,4.73,7.12,병목안동,37.3910527,126.9077742,,
2024120304,9.26,9.93,병목안동,37.39091216,126.9076966,,
2024120305,6.4,11.78,병목안동,37.39130845,126.9095693,,
2024120306,4.53,6.78,병목안동,37.3911507,126.9093824,,
2024120307,5.12,13.58,병목안동,37.39105424,126.9096422,,
2024120308,2.36,7.76,병목안동,37.39357631,126.9084831,,
2024120309,3.46,6.91,병목안동,37.39153454,126.9060879,,
2024120310,6.42,14.37,병목안동,37.39146331,126.9052061,,
2024120311,2.16,2.27,병목안동,37.39156351,126.9054499,,
2024120312,1.85,6.66,병목안동,37.39242321,126.9053883,,
2024120313,4.31,6,병목안동,37.39166545,126.9053747,,
2024120314,1.91,5.6,병목안동,37.39160212,126.905144,,
2024120315,2.34,6.75,병목안동,37.39235615,126.9053248,,
2024120316,2.67,5.95,병목안동,37.39239267,126.9052093,,
2024120317,10.39,12.96,병목안동,37.39246268,126.9094904,,
2024120318,9.72,12.04,병목안동,37.39022738,126.9098662,,
2024120319,2.79,4.27,병목안동,37.39155172,126.9064585,,
2024120320,4.1,6.49,병목안동,37.39153446,126.9068185,,
2024120321,5.86,6.18,병목안동,37.39256788,126.9051587,,
2024120322,6.94,10.81,달안동,37.39874314,126.9490903,,
2024120323,11.69,13.27,달안동,37.39598797,126.9481868,,
2024120324,4.83,6.52,달안동,37.39835569,126.9480187,,
2024120325,27.49,27.9,범계동,37.38988371,126.9491684,,
2024120326,10.89,13.35,안양6동,37.38999591,126.9329352,,
2024120328,12.33,22.46,부림동,37.39370294,126.9650584,,
2024120329,13.86,20.31,부림동,37.39353109,126.9649881,,
2024120330,18.8,29.93,달안동,37.39271473,126.9550536,,
2024120331,18.77,30.02,달안동,37.39247272,126.9549082,,
2024120332,10.27,13.14,범계동,37.39009537,126.9549762,,
2024120333,12.62,18.24,부흥동,37.39256438,126.9499784,,
2024120334,12.22,17.97,달안동,37.3927993,126.9500609,,
2024120335,12.07,12.23,호계2동,37.39103652,126.9450327,,
2024120336,3.36,9.82,귀인동,37.38472246,126.9646309,,
2024120337,5.73,8.93,귀인동,37.38468332,126.964652,,
2024120338,14.11,21.12,귀인동,37.38480137,126.9646701,,
2024120339,7.24,7.82,귀인동,37.38468019,126.9645641,,
2024120340,6.5,8.03,귀인동,37.3843078,126.9634813,,
2024120341,9.02,9.81,갈산동,37.38077969,126.9617881,,
2024120342,6.62,7.08,갈산동,37.38166171,126.9645332,,
2024120343,6.72,8.59,귀인동,37.38385213,126.9607557,,
2024120344,6.75,9.66,귀인동,37.38394406,126.9608115,,
2024120345,6.89,8.8,귀인동,37.3838243,126.9608801,,
2024120346,8.66,9.25,신촌동,37.38171519,126.9601605,,
2024120347,6.49,8.56,신촌동,37.38157609,126.9600709,,
2024120348,7.33,8.23,귀인동,37.38189634,126.9631872,,
2024120349,8.49,8.59,신촌동,37.37905699,126.9595389,,
2024120350,3.36,3.49,갈산동,37.37948613,126.9594352,,
2024120351,5.74,7.36,갈산동,37.3795706,126.9592648,,
2024120352,6.37,6.72,신촌동,37.37906892,126.9578721,,
2024120353,6.51,6.9,신촌동,37.3795678,126.9575485,,
2024120354,7.91,8.93,신촌동,37.37812171,126.9555754,,
2024120355,6.09,7.38,신촌동,37.37869794,126.9554649,,
2024120356,5.22,5.62,신촌동,37.37863735,126.9552672,,
2024120357,7.28,10.21,호계1동,37.37683306,126.9568962,,
2024120358,16.85,34.8,신촌동,37.37803543,126.9552481,,
2024120359,3.27,6.29,호계2동,37.37804483,126.9507078,,
2024120360,3.8,4.5,호계2동,37.37830695,126.9503317,,
2024120361,6.73,9.78,안양7동,37.39195725,126.9349515,,
2024120362,18.36,22.73,안양1동,37.39440509,126.9251215,,
2024120363,14.56,17.38,안양5동,37.39404623,126.925076,,
2024120365,7.16,10.13,부림동,37.39497377,126.9628538,,
2024120366,6.69,6.72,안양7동,37.39498982,126.9300954,,
2024120367,9.82,10.88,안양4동,37.39501338,126.9178866,,
2024120368,10.29,10.88,안양4동,37.39496749,126.9181326,,
2024120369,2.51,7.8,인덕원동,37.39632875,126.9700125,,
2024120370,6.21,45.38,인덕원동,37.39878373,126.9698113,,
2024120371,8.68,13.4,인덕원동,37.39664184,126.9650706,,
2024120372,6.59,9.8,부림동,37.39615361,126.9600106,,
2024120373,20.02,34.87,비산2동,37.39900271,126.9448921,,
2024120374,10.31,13.77,비산3동,37.39922827,126.9449779,,
2024120375,13.37,16.72,부흥동,37.39715583,126.9449798,,
2024120376,12.89,14.92,안양7동,37.3951431,126.9350282,,
2024120377,5.75,6.15,안양7동,37.39578564,126.9299774,,
2024120378,15.91,19.82,안양4동,37.39578167,126.9149866,,
2024120379,10.47,22.75,인덕원동,37.40006969,126.9692755,,
2024120380,11.65,16.74,부림동,37.39996873,126.9525485,,
2024120381,8.57,8.97,비산1동,37.39997894,126.9323637,,
2024120382,11.9,18.97,안양1동,37.40006341,126.9277058,,
2024120383,19.64,24.11,안양4동,37.39994831,126.9204705,,
2024120384,7.94,33.48,박달동,37.41374512,126.8850357,,
2024120385,6.19,6.69,박달동,37.41352117,126.8850364,,
2024120386,6.79,13.59,석수1동,37.41947109,126.9249618,,
2024120387,10.15,10.3,석수1동,37.41937641,126.9099553,,
2024120388,11.19,15.99,석수2동,37.41971701,126.8899384,,
2024120389,4.89,7.28,석수1동,37.41998308,126.9290405,,
2024120390,4.81,6.29,석수1동,37.41998716,126.9287381,,
2024120391,2.87,7.61,석수1동,37.41999085,126.9112256,,
2024120392,15.75,19.28,석수1동,37.42137845,126.9100143,,
2024120393,7.69,8.33,석수2동,37.42502998,126.9042575,,
2024120394,18.12,18.76,석수1동,37.42737968,126.9151018,,
2024120395,7.73,17.6,석수1동,37.4299684,126.9162509,,
2024120396,3.44,6.94,호계3동,37.36907675,126.9578033,,
2024120397,2.79,5.14,호계3동,37.36714548,126.9579718,,
2024120398,7.83,9.02,호계3동,37.36945557,126.9554445,,
2024120399,5.08,5.7,호계3동,37.36671544,126.9550711,,
2024120400,3.39,6.14,호계3동,37.36918539,126.9582909,,
2024120401,4.33,5.09,호계3동,37.36548698,126.9578835,,
2024120402,3.73,4.02,호계3동,37.36563922,126.9572251,,
2024120403,7.84,9.52,호계3동,37.36721109,126.9554667,,
2024120404,1.14,2.08,호계3동,37.36500618,126.9580563,,
2024120405,2.49,8.81,호계3동,37.36929709,126.9589158,,
2024120406,3.81,4.27,호계3동,37.36795097,126.9584056,,
2024120407,2.74,6.03,호계3동,37.36831713,126.9578755,,
2024120408,12.1,12.13,호계3동,37.36517796,126.9580921,,
2024120409,9.78,10.01,호계3동,37.3651127,126.9579999,,
2024120410,1.46,9.41,호계3동,37.36612724,126.9580338,,
2024120411,5.19,7.4,호계3동,37.36993711,126.9570379,,
2024120412,3.14,5.96,호계3동,37.36695823,126.9579889,,
2024120413,4.82,7.15,호계3동,37.36711237,126.9584866,,
2024120414,16.2,25.71,호계1동,37.3698218,126.9561064,,
2024120415,15.45,16.03,호계3동,37.36638637,126.9566384,,
2024120416,3.93,6.37,호계3동,37.3656174,126.95865,,
2024120417,6.28,8.92,호계3동,37.36536668,126.9587554,,
2024120418,3.52,6.96,호계3동,37.36968023,126.957756,,
2024120419,3.31,6.94,호계3동,37.36792642,126.9579062,,
2024120420,5.86,6.3,신촌동,37.38123291,126.9610313,,
2024120421,7.12,12.77,호계1동,37.37304982,126.9539593,,
2024120422,2.2,9.23,호계1동,37.37296342,126.9543268,,
2024120423,6.75,16.51,호계1동,37.37214885,126.9539848,,
2024120424,6.45,24.93,호계1동,37.37054099,126.9539455,,
2024120425,17.39,19.47,호계1동,37.37051245,126.9511571,,
2024120426,6.72,14.47,호계1동,37.37032875,126.9541265,,
2024120427,20.91,24.36,호계1동,37.3707183,126.9510815,,
2024120428,18.95,20.48,호계1동,37.37075303,126.9507803,,
2024120429,8.56,9.13,호계1동,37.37407614,126.9506235,,
2024120430,5.27,5.6,호계1동,37.37358372,126.9501702,,
2024120431,6.52,9.75,호계1동,37.37504751,126.9578671,,
2024120432,5.88,8.85,갈산동,37.37696376,126.959805,,
2024120433,4.61,7.47,호계2동,37.37685456,126.9555816,,
2024120434,8.82,13.34,호계1동,37.37723349,126.9568331,,
2024120435,8.25,10.66,갈산동,37.3780004,126.9592482,,
2024120436,10.03,16.69,신촌동,37.37955661,126.9572271,,
2024120437,4.35,4.84,호계1동,37.37690561,126.959742,,
2024120438,4.47,4.68,호계1동,37.37659786,126.9599763,,
2024120439,4.29,4.67,호계1동,37.37566611,126.9596234,,
2024120440,4.92,6.95,호계1동,37.37544224,126.9590146,,
2024120441,3.58,4.14,호계1동,37.37600283,126.9594327,,
2024120442,2.97,4.21,호계1동,37.37620617,126.9593408,,
2024120443,3.48,3.73,호계1동,37.37631532,126.9593119,,
2024120444,3.35,3.48,호계1동,37.37664409,126.9591335,,
2024120445,3.49,3.68,호계1동,37.37675092,126.9591877,,
2024120446,5.74,7.8,호계1동,37.37603697,126.9572313,,
2024120447,6.54,9.67,호계1동,37.37600923,126.957341,,
2024120448,6.57,9.92,호계1동,37.37613392,126.9572707,,
2024120449,5.5,8.54,호계1동,37.3762907,126.9571069,,
2024120450,5.02,7.45,호계1동,37.37689412,126.9567804,,
2024120451,6.75,10.49,호계1동,37.37709991,126.9567479,,
2024120452,7.54,13.28,호계1동,37.37699093,126.9560993,,
2024120453,9.08,14.28,호계1동,37.37714132,126.9566,,
2024120454,6.24,7.78,호계1동,37.37584291,126.9566646,,
2024120455,4.13,7.19,호계2동,37.37566907,126.9561839,,
2024120456,8.86,13.23,호계1동,37.37768124,126.958132,,
2024120457,5.03,6.61,신촌동,37.37772113,126.9579452,,
2024120458,8.44,13.21,호계1동,37.37759582,126.9578853,,
2024120459,8.24,13.77,호계1동,37.37754892,126.9580507,,
2024120460,18.06,18.09,호계1동,37.3776407,126.9580097,,
2024120461,10.36,12.37,호계1동,37.37798288,126.9590027,,
2024120462,7.72,12.84,신촌동,37.378082,126.9590498,,
2024120463,6.11,9.05,갈산동,37.37770924,126.9594099,,
2024120464,5.14,6.73,갈산동,37.37810759,126.9592763,,
2024120465,6.52,9.06,신촌동,37.37839365,126.9598991,,
2024120466,6.97,9.64,신촌동,37.37831155,126.9598586,,
2024120467,2.13,5.95,갈산동,37.3783611,126.9599939,,
2024120468,7.51,9.13,갈산동,37.37827258,126.9599494,,
2024120469,4.36,5.03,갈산동,37.37870116,126.9598652,,
2024120470,24,24.88,안양7동,37.39206247,126.9347773,,
2024120471,16.27,16.38,호계3동,37.36778771,126.9549243,,
2024120472,12.06,37.89,호계3동,37.37001726,126.9579659,,
2024120473,8.63,13.1,호계2동,37.3749715,126.9540676,,
2024120474,3.85,5.37,호계1동,37.37500417,126.9469051,,
2024120475,7.71,8.48,호계2동,37.37664994,126.9550023,,
2024120476,5.66,7.48,신촌동,37.37997497,126.9571324,,
2024120477,20.47,21.8,명학동,37.379965,126.9374533,,
2024120478,8.27,11.43,신촌동,37.38173234,126.9600049,,
2024120479,7.32,10.39,신촌동,37.38163481,126.9599651,,
2024120480,13.29,19.07,범계동,37.38374446,126.954963,,
2024120481,9.57,11.78,안양6동,37.38468386,126.930023,,
2024120482,9.92,11.7,명학동,37.38459177,126.9300016,,
2024120483,16.38,23.93,신촌동,37.38493141,126.9588952,,
2024120484,8.29,9.24,안양6동,37.38502296,126.9276172,,
2024120485,7.1,8.3,호계2동,37.38712825,126.9499884,,
2024120486,19.52,25.06,안양6동,37.38849465,126.9300001,,
2024120487,14.58,18.83,안양6동,37.38831963,126.9299196,,
2024120488,11.98,16.79,평안동,37.39003632,126.9639711,,
2024120489,5.4,8.05,범계동,37.39000134,126.9549101,,
2024120490,30.37,30.7,부흥동,37.39007881,126.9493591,,
2024120491,6.77,7.25,호계2동,37.39002978,126.9464906,,
2024120492,9.19,12.73,비산1동,37.40521609,126.9335967,,
2024120493,4.49,6.94,비산1동,37.40706495,126.9336444,,
2024120494,6.5,8.58,비산1동,37.4076918,126.9330887,,
2024120495,5.64,6.21,비산1동,37.40800908,126.9323981,,
2024120496,5.27,5.73,비산1동,37.40728646,126.9347885,,
2024120497,5.8,6.33,비산1동,37.4065873,126.9338848,,
2024120498,23.93,39.94,안양2동,37.40701334,126.9231133,,
2024120499,7.55,7.88,안양2동,37.40668399,126.9211625,,
2024120500,8.58,8.91,안양2동,37.40596097,126.92203,,
2024120501,6.66,9.42,안양2동,37.40596897,126.9204241,,
2024120502,9.96,11.96,안양2동,37.40599032,126.9202869,,
2024120503,5.88,6.74,안양2동,37.40563904,126.9207087,,
2024120504,6.09,6.39,안양2동,37.40639057,126.9153311,,
2024120505,6.32,7.35,안양2동,37.40530583,126.9186773,,
2024120506,11.21,13.46,안양2동,37.40632285,126.9179677,,
2024120507,5.41,6.03,안양2동,37.40729073,126.9170459,,
2024120508,11.2,13.32,안양2동,37.40725584,126.917196,,
2024120509,7.82,9.1,안양2동,37.40540711,126.9188862,,
2024120510,17.9,19.22,안양2동,37.40534768,126.9187886,,
2024120511,4.3,5.21,안양2동,37.40619305,126.9179603,,
2024120512,5.84,6.27,안양2동,37.40528722,126.9162406,,
2024120513,6.8,8.41,안양2동,37.40590353,126.9198066,,
2024120514,6.72,7.19,안양2동,37.40815976,126.9195202,,
2024120515,3.99,6.55,안양2동,37.40562447,126.9191879,,
2024120516,17.26,23.99,안양2동,37.40925187,126.915399,,
2024120517,5.35,6.03,관양동,37.40553548,126.9700263,,
2024120518,7.44,9.29,관양동,37.40539247,126.969993,,
2024120519,5.19,5.29,관양동,37.4056048,126.9699867,,
2024120520,10.07,22.15,비산3동,37.40592573,126.949961,,
2024120521,6.66,7.65,안양2동,37.40571908,126.9200037,,
2024120522,7.29,9.9,안양2동,37.4058251,126.9200282,,
2024120523,8.74,9.05,박달동,37.40869958,126.885032,,
2024120524,10.75,14.71,석수2동,37.40996485,126.9066204,,
2024120525,6.55,6.75,충훈동,37.40998302,126.8926038,,
2024120526,6.76,7.23,박달동,37.41001158,126.8856326,,
2024120527,4.16,8.59,호계2동,37.37797131,126.9524951,,
2024120528,4.35,6.51,호계2동,37.37789774,126.9523842,,
2024120529,3.72,13.65,호계2동,37.37698889,126.9529291,,
2024120530,6.45,9.39,호계2동,37.37604972,126.9533556,,
2024120531,6.92,11.94,호계2동,37.37620434,126.9532576,,
2024120532,4.51,12.82,호계2동,37.37689081,126.9530293,,
2024120533,2.66,9.35,호계2동,37.37670984,126.9531647,,
2024120534,7.37,9.56,호계2동,37.37916497,126.9523914,,
2024120535,6.87,8.33,호계2동,37.37898647,126.9510499,,
2024120536,8.23,10.68,호계2동,37.37613839,126.9535556,,
2024120537,8.53,13.42,호계2동,37.3760217,126.9534971,,
2024120538,7.09,10.24,호계2동,37.37614004,126.9533536,,
2024120539,5.59,6.24,호계2동,37.3761395,126.9534628,,
2024120540,4.8,8.63,호계2동,37.37609269,126.9535026,,
2024120541,4.71,7.38,호계2동,37.37610901,126.9533866,,
2024120542,5.18,5.87,호계2동,37.37606329,126.953421,,
2024120543,8.39,9.05,호계2동,37.37977183,126.9525145,,
2024120544,5.3,9.24,호계2동,37.37748911,126.9543405,,
2024120545,4.78,7.26,호계2동,37.37654331,126.9549589,,
2024120546,9.06,10.74,호계2동,37.37668767,126.9548588,,
2024120547,5.16,5.58,호계2동,37.37646738,126.9542831,,
2024120548,9.07,11.6,호계2동,37.37636755,126.9542108,,
2024120549,9.09,10.67,호계2동,37.37713175,126.9546173,,
2024120550,4.38,7.28,호계2동,37.37725115,126.9546274,,
2024120551,8.47,10.95,호계2동,37.37728986,126.9545301,,
2024120552,5.61,7.32,병목안동,37.38600254,126.906923,,
2024120553,8.33,9.7,병목안동,37.38583357,126.9066626,,
2024120554,6.8,6.93,병목안동,37.38597689,126.9065179,,
2024120555,6.9,7.28,병목안동,37.38674797,126.9087027,,
2024120556,3.28,3.71,병목안동,37.38800104,126.9086426,,
2024120557,8.57,9.55,병목안동,37.38792558,126.9086687,,
2024120558,7.98,8.09,병목안동,37.38796586,126.90882,,
2024120559,3.76,7.81,병목안동,37.38892241,126.9078365,,
2024120560,5.98,7.87,병목안동,37.38878889,126.9079043,,
2024120561,6.55,8.63,병목안동,37.38985697,126.908022,,
2024120562,2.67,5.01,병목안동,37.38977808,126.9081,,
2024120563,6.55,7.69,병목안동,37.38919563,126.9095358,,
2024120564,4.04,9.56,병목안동,37.38880793,126.9085497,,
2024120565,19.87,36.34,호계3동,37.36518196,126.958574,,
2024120566,4.75,5.69,호계3동,37.36558649,126.9581384,,
2024120567,6.99,8.55,호계3동,37.36604564,126.9568022,,
2024120568,18.01,18.51,호계3동,37.36721649,126.9556491,,
2024120569,5.03,6.41,호계3동,37.36501866,126.9589246,,
2024120570,3.61,3.73,호계3동,37.36640126,126.9521789,,
2024120571,3.1,5.08,호계3동,37.36628568,126.9543881,,
2024120572,6.4,6.55,호계3동,37.36804248,126.9533937,,
2024120573,3.51,4.21,호계1동,37.36907169,126.9530909,,
2024120574,12.43,16.01,호계3동,37.36634638,126.9540452,,
2024120575,24.14,24.78,호계3동,37.36892901,126.9532945,,
2024120576,7.82,13.76,호계3동,37.36679752,126.9542113,,
2024120577,7.31,7.77,호계3동,37.36771647,126.9537379,,
2024120578,9.58,12.97,호계3동,37.36718,126.9543783,,
2024120579,9.14,13.5,호계3동,37.36663113,126.9541252,,
2024120580,6.59,9.25,호계3동,37.36773914,126.9546536,,
2024120581,7.13,7.76,호계1동,37.36982723,126.9524184,,
2024120582,3.57,4.49,호계3동,37.3665362,126.9549351,,
2024120583,14.65,14.76,호계3동,37.36804245,126.9546278,,
2024120584,7.74,7.79,호계3동,37.36804958,126.9548354,,
2024120585,11.58,17.98,호계1동,37.36947227,126.9542144,,
2024120586,16.49,18.1,호계1동,37.36915515,126.9532263,,
2024120589,6.82,8.8,호계3동,37.36729137,126.9543507,,
2024120590,6.51,10.06,호계3동,37.36674382,126.9540796,,
2024120591,7.06,11.18,호계3동,37.36668385,126.9542534,,
2024120592,6.5,7.97,호계3동,37.36852554,126.9528763,,
2024120593,4.62,4.93,호계3동,37.36632244,126.953848,,
2024120594,15.01,15.32,호계3동,37.36880007,126.9536699,,
2024120595,22.2,30.88,호계1동,37.3690861,126.9536248,,
2024120596,7.27,7.8,호계3동,37.36544498,126.9533828,,
2024120597,4.95,7.32,호계1동,37.37091657,126.9595057,,
2024120598,4.31,7.09,호계1동,37.37126686,126.9581197,,
2024120599,4.56,8.4,호계1동,37.37148152,126.9568958,,
2024120600,4.63,8.38,호계1동,37.37224079,126.9568298,,
2024120601,4.37,7.34,호계1동,37.37238388,126.9568161,,
2024120602,19.62,21.4,호계1동,37.37433198,126.9558853,,
2024120603,6.29,7.91,호계1동,37.37475726,126.9572275,,
2024120604,4.86,8.24,호계1동,37.37023705,126.9570054,,
2024120605,4.84,8.42,호계1동,37.37074181,126.9569565,,
2024120606,4.53,8.41,호계1동,37.37088535,126.9569434,,
2024120607,6.43,9.46,호계1동,37.37367299,126.9577665,,
2024120608,2.24,6.05,호계1동,37.37235185,126.9574933,,
2024120609,5.04,8.52,호계1동,37.37349737,126.9572515,,
2024120610,13.4,22.1,호계1동,37.37022705,126.9575957,,
2024120611,14.26,38.95,호계3동,37.37034905,126.9582879,,
2024120612,4.62,7.33,호계1동,37.37137125,126.9568223,,
2024120613,4.57,8.29,호계1동,37.37127979,126.9569102,,
2024120614,4.39,6.95,호계1동,37.37237571,126.9580161,,
2024120615,4.48,7.63,호계1동,37.37071984,126.9588348,,
2024120616,3.96,7.15,호계1동,37.37231896,126.9568877,,
2024120617,7.81,13.64,호계1동,37.37424464,126.9559176,,
2024120618,10.06,13.07,호계1동,37.37427911,126.9557246,,
2024120619,8.21,14.59,호계1동,37.37441435,126.9558453,,
2024120620,9.72,13.01,호계1동,37.37438545,126.9560468,,
2024120621,2.47,6.84,호계1동,37.37084214,126.9576277,,
2024120622,9.42,14.4,호계1동,37.37459935,126.9566859,,
2024120623,4.41,7.34,호계1동,37.37081788,126.9570199,,
2024120624,12.53,40.58,호계1동,37.37053855,126.9579162,,
2024120625,2.69,4.07,호계1동,37.37375158,126.9545712,,
2024120626,4.94,4.99,호계1동,37.37367657,126.954513,,
2024120627,3.11,3.79,호계1동,37.37292567,126.9540694,,
2024120628,1.97,8.09,호계1동,37.37329812,126.9546307,,
2024120629,2.8,4.06,호계1동,37.373391,126.9545891,,
2024120630,3.69,9.4,호계1동,37.37226565,126.9541191,,
2024120631,4.04,14.86,호계1동,37.37048175,126.9542644,,
2024120632,7.47,7.77,호계1동,37.37059487,126.9507888,,
2024120633,7.6,8.25,호계1동,37.37432196,126.950265,,
2024120634,9.97,10.49,호계1동,37.37378812,126.9504856,,
2024120635,9.13,9.73,호계1동,37.3743596,126.9500646,,
2024120636,6.54,7.06,호계1동,37.37428916,126.9501737,,
2024120637,10.34,14.16,호계1동,37.37404943,126.9545618,,
2024120638,10.34,13.13,호계1동,37.37395834,126.9547774,,
2024120639,12,12.79,호계1동,37.37378299,126.9544648,,
2024120640,4.83,8.23,호계1동,37.37488397,126.9540191,,
2024120641,6.44,15.34,호계1동,37.3729237,126.9538228,,
2024120642,4.47,7.01,신촌동,37.38149037,126.9608998,,
2024120643,6.02,6.37,신촌동,37.38103847,126.9610874,,
2024120644,6.25,8.54,신촌동,37.38185311,126.9605548,,
2024120645,19.66,30.57,신촌동,37.38188274,126.9609157,,
2024120646,18.54,39.4,귀인동,37.38162578,126.9612853,,
2024120647,6.02,9.48,귀인동,37.38255881,126.9614918,,
2024120648,20.28,32.64,귀인동,37.38206461,126.9608268,,
2024120649,3.91,4.54,갈산동,37.38049633,126.9614293,,
2024120650,3.34,11.32,귀인동,37.3847186,126.9647693,,
2024120651,7.53,9.71,귀인동,37.38476272,126.964747,,
2024120652,10.32,14.15,안양2동,37.41282135,126.9166389,,
2024120653,5.85,7.97,안양2동,37.41272878,126.9167135,,
2024120654,10.47,13.41,박달동,37.40349111,126.9033469,,
2024120655,10.49,13.76,박달동,37.40330596,126.9032091,,
2024120656,8.26,9.12,박달동,37.40028809,126.9022728,,
2024120657,9.2,20.59,박달동,37.40214418,126.9029368,,
2024120658,10.24,11.85,박달동,37.40302456,126.9029847,,
2024120659,7.23,10.93,박달동,37.4028643,126.9029509,,
2024120660,6.89,21.46,박달동,37.4020441,126.9010433,,
2024120661,7.52,11.1,박달동,37.40229905,126.9030663,,
2024120662,5.16,9.57,박달동,37.40050295,126.9027577,,
2024120663,5.53,5.99,박달동,37.40356489,126.9005289,,
2024120664,3.14,8.76,박달동,37.40322359,126.9003434,,
2024120665,6.44,7.12,박달동,37.4033486,126.9033695,,
2024120666,3.84,7.06,비산3동,37.40875848,126.9496497,,
2024120667,12.08,27.02,비산3동,37.40563698,126.949695,,
2024120668,7.57,9.3,비산3동,37.40674044,126.9468513,,
2024120669,4.9,8.67,비산3동,37.40679276,126.9469405,,
2024120670,7.73,10.93,비산3동,37.40653426,126.9499274,,
2024120671,10.91,25.54,비산3동,37.40540207,126.9498229,,
2024120672,6.03,8.97,비산3동,37.40671687,126.9475567,,
2024120673,4.35,4.9,비산3동,37.40582842,126.9438334,,
2024120674,9.64,12.38,비산3동,37.4052758,126.9426145,,
2024120675,8.15,8.48,비산3동,37.40602767,126.9440107,,
2024120676,9.12,9.12,비산3동,37.40570302,126.9440919,,
2024120677,9.49,24.13,비산3동,37.40510773,126.9424747,,
2024120678,4.66,4.73,비산1동,37.40756745,126.935201,,
2024120679,7.15,7.26,비산1동,37.40747445,126.9351821,,
2024120680,5.52,5.95,비산1동,37.40809969,126.9360432,,
2024120681,5.92,6.71,비산1동,37.40800787,126.9324847,,
2024120682,2.56,6.9,비산1동,37.40581522,126.9339194,,
2024120683,4,5.45,비산1동,37.40557835,126.9337065,,
2024120684,4.4,8,비산1동,37.40517367,126.9334834,,
2024120685,7.07,8.17,비산1동,37.4065074,126.9340846,,
2024120686,10.04,12.54,비산1동,37.4062861,126.9339202,,
2024120687,2.98,4.43,비산1동,37.40643509,126.933839,,
2024120688,7.26,9.67,비산1동,37.4056597,126.9338279,,
2024120689,7.85,12,비산1동,37.40553203,126.9338755,,
2024120690,14.4,17.59,달안동,37.39360708,126.9496135,,
2024120691,11.98,16.82,달안동,37.39621231,126.9512677,,
2024120692,8.34,14.1,부림동,37.39733682,126.9548257,,
2024120693,6.33,10.8,부림동,37.39702222,126.9533129,,
2024120694,18.97,29.16,부림동,37.39542619,126.9535882,,
2024120695,5.88,7.43,호계1동,37.36585001,126.9468772,,
2024120696,7.35,7.95,호계1동,37.3697382,126.9481571,,
2024120697,5.05,7.9,호계1동,37.36539515,126.9477107,,
2024120698,8.02,8.42,호계1동,37.36958764,126.9495745,,
2024120699,16.05,34.03,호계1동,37.36581454,126.9457392,,
2024120700,16.65,27.33,호계1동,37.36562541,126.9460227,,
2024120701,7.97,10.7,호계1동,37.36790941,126.945039,,
2024120702,6.87,15.69,명학동,37.37320732,126.9453311,,
2024120703,14.22,16,호계1동,37.37293483,126.94959,,
2024120704,8.52,9.13,호계1동,37.37464191,126.9497595,,
2024120705,3.13,3.96,호계1동,37.3709394,126.9486953,,
2024120706,3.86,5.24,호계1동,37.3709197,126.9487595,,
2024120707,5.65,11.78,호계1동,37.37099833,126.9474806,,
2024120708,10.03,12.63,호계1동,37.37109318,126.9475123,,
2024120709,8.67,11.5,호계1동,37.37139244,126.9480812,,
2024120710,9.72,10.62,호계1동,37.3744426,126.9476723,,
2024120711,15.04,15.63,호계1동,37.37357439,126.9467532,,
2024120712,9.41,11.46,호계1동,37.37384047,126.9462812,,
2024120713,17.7,23.23,명학동,37.37428352,126.9453479,,
2024120714,8.31,10.02,호계1동,37.37308045,126.9469592,,
2024120715,8.14,9.34,안양7동,37.3874192,126.9351821,,
2024120716,6.34,7.69,병목안동,37.38868024,126.9092344,,
2024120717,6.47,6.95,병목안동,37.38864724,126.9091361,,
2024120718,5.86,8.07,병목안동,37.3891825,126.909736,,
2024120719,4.68,8.13,병목안동,37.38888171,126.9079988,,
2024120720,11.63,11.84,부흥동,37.39311703,126.945764,,
2024120721,14.9,14.9,부흥동,37.39196974,126.9467534,,
2024120722,8.94,9.17,부흥동,37.39052345,126.9487466,,
2024120723,14.25,14.3,부흥동,37.39190588,126.9486282,,
2024120724,6.6,6.6,부흥동,37.39063973,126.9489905,,
2024120725,6.01,8.01,부흥동,37.39243989,126.9493086,,
2024120726,14.86,15.18,부흥동,37.39010723,126.9490817,,
2024120727,10.13,11.03,명학동,37.37728863,126.9418544,,
2024120728,3.77,5.64,호계2동,37.37942327,126.9415652,,
2024120729,17.79,18.04,명학동,37.37703573,126.9419372,,
2024120730,6.18,7.48,명학동,37.37524038,126.9430032,,
2024120731,4.67,6.89,명학동,37.37693929,126.9416682,,
2024120732,4.61,6.31,명학동,37.37599726,126.9408808,,
2024120733,5.06,5.87,명학동,37.37619873,126.9407894,,
2024120734,8.31,8.73,명학동,37.3753088,126.9392534,,
2024120735,5.62,5.73,명학동,37.37511926,126.9380598,,
2024120736,6.37,6.56,명학동,37.37506469,126.9381343,,
2024120737,8.27,9.35,안양7동,37.37991919,126.9393304,,
2024120738,3.98,4.07,명학동,37.37932668,126.9379298,,
2024120739,19.71,21.66,명학동,37.37872834,126.9388397,,
2024120740,11.21,12.6,명학동,37.37780312,126.9396299,,
2024120741,3.75,6.5,안양7동,37.37980674,126.9393768,,
2024120742,4.72,5.33,명학동,37.37574432,126.9387896,,
2024120743,4.88,5.03,명학동,37.37897073,126.9383282,,
2024120744,6.07,6.3,명학동,37.37994664,126.9372543,,
2024120745,4.36,4.38,명학동,37.37857554,126.9387789,,
2024120746,5.04,5.07,명학동,37.37910005,126.9381886,,
2024120747,5.27,6.72,명학동,37.37510763,126.9379885,,
2024120748,6.14,8.89,명학동,37.37898938,126.9350941,,
2024120749,6.12,7.09,병목안동,37.37963744,126.9056564,,
2024120750,6.26,7.03,병목안동,37.3791429,126.9053564,,
2024120751,4.44,5,병목안동,37.37968394,126.9057542,,
2024120752,3.85,4.84,안양6동,37.38938573,126.9298476,,
2024120753,3.05,3.61,안양6동,37.38944193,126.9299546,,
2024120754,5.03,6.25,안양6동,37.38646113,126.9286037,,
2024120755,4.99,6.09,안양6동,37.38641148,126.9284992,,
2024120756,4.23,5.02,안양6동,37.38574307,126.9291919,,
2024120757,5.1,5.74,안양6동,37.38744365,126.9283922,,
2024120758,9.35,13.97,안양6동,37.38672545,126.9268147,,
2024120759,5.9,8.5,안양6동,37.3892909,126.9295614,,
2024120760,9.34,11.01,안양6동,37.38957217,126.9289122,,
2024120761,5.51,9.64,안양6동,37.38508208,126.9275091,,
2024120765,8.8,10.17,안양6동,37.38872315,126.9259722,,
2024120766,6.61,7.03,병목안동,37.38099436,126.9062328,,
2024120767,1.64,8.45,병목안동,37.38316682,126.9084139,,
2024120768,5.97,6.14,병목안동,37.38393812,126.9080366,,
2024120769,8.52,9.65,병목안동,37.38431591,126.902302,,
2024120770,2.69,9.01,병목안동,37.38498785,126.9040283,,
2024120771,8.27,9.6,병목안동,37.38492394,126.9039776,,
2024120772,7.47,8.17,병목안동,37.3845729,126.9030857,,
2024120773,5.98,7.66,병목안동,37.38496581,126.9041407,,
2024120774,5.85,12.56,병목안동,37.38430612,126.9024619,,
2024120775,7.3,9.7,범계동,37.3879541,126.9498916,,
2024120776,6.43,8.1,범계동,37.38911449,126.9486838,,
2024120777,21.97,22.25,범계동,37.38924685,126.9483542,,
2024120778,32.65,35.55,범계동,37.38892912,126.9482812,,
2024120779,4.06,4.99,부흥동,37.3894916,126.9481585,,
2024120780,33.94,34.46,부흥동,37.38918327,126.9479547,,
2024120781,4.73,5.4,호계2동,37.38862037,126.9473397,,
2024120782,4.85,4.86,호계2동,37.38843976,126.9475821,,
2024120783,4.84,7.36,호계2동,37.38864574,126.9480535,,
2024120784,19.94,20.15,호계2동,37.38886458,126.9478796,,
2024120785,5.63,5.73,호계2동,37.3877021,126.946179,,
2024120786,6.97,8.15,호계2동,37.38824775,126.946881,,
2024120787,5.56,5.66,호계2동,37.38753474,126.9464405,,
2024120788,17.83,18.01,호계2동,37.38780305,126.9465531,,
2024120789,7.9,8.02,호계2동,37.38735534,126.9457844,,
2024120790,19.5,21,호계1동,37.37303405,126.9472811,,
2024120791,7.42,9.1,호계1동,37.37235707,126.9480513,,
2024120792,6.3,6.44,호계1동,37.37014075,126.9487329,,
2024120793,6.79,7.22,호계1동,37.37027105,126.9487178,,
2024120794,6.76,6.89,호계1동,37.37026087,126.9485607,,
2024120795,9.56,12.13,호계1동,37.37309769,126.9495762,,
2024120796,6.71,7.72,호계1동,37.37065575,126.9491181,,
2024120797,8.89,10.19,호계1동,37.37432442,126.9477077,,
2024120798,9.54,11.77,호계1동,37.37432309,126.9475628,,
2024120799,6.58,7.04,호계1동,37.37056444,126.9481989,,
2024120800,8.05,8.47,호계1동,37.3738611,126.948431,,
2024120801,8.74,9.43,호계1동,37.37344368,126.9490569,,
2024120802,6.71,6.98,호계1동,37.37013687,126.9485774,,
2024120803,6.29,6.39,호계1동,37.3747456,126.9497223,,
2024120804,0.62,1.27,명학동,37.37388473,126.9450017,,
2024120805,12.09,13.06,호계1동,37.37308538,126.94977,,
2024120806,11.06,12.18,명학동,37.37407087,126.9453805,,
2024120807,7.14,7.63,호계1동,37.37256346,126.9493708,,
2024120808,7.15,7.86,호계1동,37.37198514,126.9486654,,
2024120809,20.87,24,호계1동,37.37203706,126.948882,,
2024120810,17.76,19.06,호계1동,37.37224215,126.9488819,,
2024120811,19.15,21.44,호계1동,37.37219592,126.9485908,,
2024120812,5.46,6.21,병목안동,37.37140158,126.9048965,,
2024120813,2.75,10.54,호계2동,37.37985178,126.9467803,,
2024120814,2.65,4.29,호계2동,37.37990275,126.9473956,,
2024120815,4.01,5.79,호계2동,37.37977789,126.9472234,,
2024120816,8.96,9.29,명학동,37.37557437,126.9451112,,
2024120817,5.2,5.22,호계2동,37.3797296,126.9456132,,
2024120818,8.35,9.07,호계1동,37.37514149,126.9483847,,
2024120819,9.39,9.89,호계1동,37.3751424,126.9489958,,
2024120820,15.43,16.53,명학동,37.37584221,126.9432254,,
2024120821,4.9,6.72,명학동,37.37505068,126.9413615,,
2024120822,22.72,23.02,명학동,37.37603089,126.9403053,,
2024120823,12.03,19.38,명학동,37.37627949,126.9409448,,
2024120824,9.63,10.32,명학동,37.37603491,126.9431917,,
2024120825,9.03,12.65,명학동,37.37502139,126.944336,,
2024120826,8.29,10.01,명학동,37.37503381,126.9444909,,
2024120827,7.87,17.8,안양7동,37.38598618,126.9375612,,
2024120828,7.48,16.75,안양7동,37.38580642,126.9367854,,
2024120829,5.88,13.35,안양7동,37.38552018,126.9359456,,
2024120830,7.97,8.09,안양7동,37.38540029,126.9359196,,
2024120831,6.78,11.08,안양7동,37.38558341,126.9358378,,
2024120832,8.44,9.08,안양7동,37.38569395,126.9358138,,
2024120833,2.04,7.69,안양7동,37.38828082,126.9390533,,
2024120834,7.4,16.6,안양7동,37.38637616,126.9392414,,
2024120835,3.98,6.99,안양7동,37.38679373,126.9392064,,
2024120836,3.86,6.98,안양7동,37.38674189,126.9391713,,
2024120837,4,6.95,안양7동,37.38677048,126.9391069,,
2024120838,3.92,6.98,안양7동,37.3868219,126.9391407,,
2024120839,5.44,7.22,안양7동,37.38923599,126.9361636,,
2024120840,7.6,8.63,병목안동,37.38903407,126.9079274,,
2024120841,5.31,6.22,명학동,37.38541962,126.9316778,,
2024120842,7.91,9.08,안양6동,37.38543695,126.9315814,,
2024120843,5.22,6.37,안양6동,37.38551231,126.9315953,,
2024120844,8.04,9.28,안양6동,37.38549986,126.9316997,,
2024120845,17.91,22.43,안양6동,37.38593961,126.9321333,,
2024120846,9.69,10.18,안양6동,37.38566221,126.9320118,,
2024120847,17.5,21.84,안양6동,37.38822149,126.930236,,
2024120848,18.6,22.87,안양6동,37.38749174,126.9308395,,
2024120849,9.9,15.62,안양6동,37.38667778,126.9343983,,
2024120850,5.28,13.11,안양6동,37.38749049,126.9263887,,
2024120851,5.34,7.13,안양6동,37.38928869,126.9296658,,
2024120852,6.5,6.53,부흥동,37.39068228,126.9481988,,
2024120853,17.6,17.64,부흥동,37.39119237,126.9477494,,
2024120854,10.51,10.67,부흥동,37.39453833,126.9478744,,
2024120855,5.13,5.21,부흥동,37.39384201,126.9470105,,
2024120856,15.62,15.73,부흥동,37.39443282,126.9475757,,
2024120857,8.24,8.27,부흥동,37.39460379,126.9476118,,
2024120858,6.24,6.44,부흥동,37.3946854,126.9477129,,
2024120859,9.68,9.87,부흥동,37.39200149,126.9465765,,
2024120860,10.76,11.29,부흥동,37.39215234,126.9466594,,
2024120861,8.18,8.42,부흥동,37.39376414,126.9465657,,
2024120862,16.43,16.48,부흥동,37.39278658,126.9455277,,
2024120863,9.78,9.81,부흥동,37.39120368,126.949595,,
2024120864,6.46,9.42,달안동,37.39422412,126.9494168,,
2024120865,5.75,6.29,안양6동,37.38824895,126.9246027,,
2024120866,6.44,6.54,안양6동,37.38877489,126.9232391,,
2024120867,4.56,6.22,병목안동,37.38933318,126.9158214,,
2024120868,4.26,6.1,병목안동,37.38821903,126.9156823,,
2024120869,5.12,11.12,병목안동,37.38851961,126.91561,,
2024120870,1.99,5.89,병목안동,37.38717749,126.9153512,,
2024120871,5.87,11.93,병목안동,37.38771808,126.9155267,,
2024120872,8.87,9.06,병목안동,37.38542196,126.9053035,,
2024120873,11.35,13.06,병목안동,37.38612714,126.9069193,,
2024120874,6.82,6.96,병목안동,37.38540688,126.9064629,,
2024120875,2.34,6.99,병목안동,37.38544224,126.9064205,,
2024120876,4.88,6.44,박달동,37.40540165,126.8870147,,
2024120877,13.54,15.48,박달동,37.40550386,126.8871603,,
2024120878,4.96,6.88,박달동,37.40561724,126.8873084,,
2024120879,7.46,8.02,박달동,37.40607444,126.8855085,,
2024120880,7.27,7.34,박달동,37.40807945,126.8856514,,
2024120881,5.78,6.73,비산3동,37.40431993,126.9440049,,
2024120882,6.47,7.78,비산3동,37.4042764,126.9441802,,
2024120883,5.68,5.77,비산3동,37.40446408,126.9437512,,
2024120884,3.49,5.45,비산3동,37.40449583,126.9438393,,
2024120885,5.1,5.16,비산3동,37.40425344,126.9439499,,
2024120886,12.89,13.74,비산3동,37.40405828,126.9430278,,
2024120887,6.18,7.21,비산1동,37.40044978,126.9403716,,
2024120888,8.75,12.17,비산1동,37.40177343,126.9304682,,
2024120889,8.91,10.98,비산1동,37.40178512,126.9318449,,
2024120890,14.4,16.78,비산1동,37.40339973,126.9326442,,
2024120891,8.47,11.06,비산1동,37.40236191,126.9315927,,
2024120892,5.55,11.72,비산1동,37.40104138,126.9308348,,
2024120893,8.32,11.19,비산1동,37.40151972,126.9312894,,
2024120894,4.89,5.01,비산1동,37.40135704,126.9311261,,
2024120895,14.31,14.7,비산1동,37.40023206,126.9327479,,
2024120896,3.52,14.04,비산1동,37.40034988,126.9326605,,
2024120897,5.44,7.79,비산1동,37.40218965,126.9303929,,
2024120898,6.66,8.99,비산1동,37.40222574,126.9304652,,
2024120899,11.78,12.19,비산1동,37.40242613,126.9313233,,
2024120900,14.27,14.35,비산1동,37.40229835,126.9312883,,
2024120901,14.83,15.18,비산1동,37.40250573,126.931584,,
2024120902,5.28,5.49,비산1동,37.40305623,126.9324135,,
2024120903,5.63,5.7,비산1동,37.40344639,126.9324684,,
2024120904,6.38,8.32,비산1동,37.40353793,126.9325236,,
2024120905,5.93,12.11,비산1동,37.40346502,126.9328396,,
2024120906,10.39,14.47,비산1동,37.40365821,126.9327849,,
2024120907,4.69,5.07,비산1동,37.40398569,126.932795,,
2024120908,8.26,14.49,비산1동,37.4045653,126.9334427,,
2024120909,6.23,8.53,비산1동,37.4018861,126.932023,,
2024120910,5.28,5.29,비산1동,37.40136935,126.9308817,,
2024120911,6.96,14.81,비산1동,37.40054202,126.9307538,,
2024120912,3.29,6.62,비산1동,37.40031913,126.9311852,,
2024120913,5.09,13.97,비산1동,37.40014837,126.9325104,,
2024120914,13.36,16.72,비산1동,37.40024172,126.9324211,,
2024120915,7.58,8.42,비산1동,37.40472893,126.9334125,,
2024120916,5.56,11.04,비산1동,37.40167805,126.9303081,,
2024120917,5.07,12.32,비산1동,37.40052513,126.9327959,,
2024120918,8.9,12.72,비산1동,37.40044153,126.930897,,
2024120919,9.22,12.77,안양1동,37.40142443,126.9263221,,
2024120920,7.58,9.59,안양1동,37.40155913,126.9263295,,
2024120921,14.63,17.56,안양2동,37.40234265,126.9271349,,
2024120922,4.84,5.05,비산1동,37.40181752,126.9276973,,
2024120923,12.6,15.03,비산1동,37.40170872,126.9278163,,
2024120924,8.26,8.86,비산1동,37.40064127,126.9290929,,
2024120925,8.11,8.48,안양1동,37.4021771,126.9254636,,
2024120926,11.44,11.66,안양1동,37.40230074,126.9254331,,
2024120927,19.37,20.61,비산1동,37.40141004,126.9283987,,
2024120928,7.55,9.5,안양1동,37.40100772,126.9252536,,
2024120929,7.49,9.39,안양1동,37.40097375,126.9253793,,
2024120930,7.21,8.49,안양1동,37.40108103,126.9254297,,
2024120931,10.23,10.68,안양1동,37.40073688,126.9272661,,
2024120932,3.84,9.55,안양1동,37.40001914,126.928127,,
2024120933,9.5,9.69,안양1동,37.4013155,126.9265999,,
2024120934,8.85,9.02,안양1동,37.40079419,126.9270666,,
2024120935,10.53,10.92,안양1동,37.40029869,126.9277726,,
2024120936,4.95,5.97,비산1동,37.40186978,126.9292226,,
2024120937,9.19,14.63,비산1동,37.4017341,126.9292385,,
2024120938,7.82,7.9,비산1동,37.40157915,126.9287851,,
2024120939,19.76,19.83,비산1동,37.40175692,126.9285526,,
2024120940,19.76,19.86,호계2동,37.38748481,126.9461433,,
2024120941,6.19,6.56,호계2동,37.38763638,126.9461033,,
2024120942,5.02,6.52,호계2동,37.38933179,126.9452128,,
2024120943,6.42,6.5,호계2동,37.38684392,126.9451495,,
2024120944,18.8,19.01,호계2동,37.38668989,126.945173,,
2024120945,6.65,6.66,호계2동,37.38666552,126.9453608,,
2024120946,5.48,6.29,호계2동,37.38897704,126.9475803,,
2024120947,16.73,16.87,범계동,37.38982904,126.9494583,,
2024120948,4.38,4.38,범계동,37.38959752,126.9499525,,
2024120949,9.36,9.47,호계2동,37.38977191,126.943454,,
2024120950,7.35,7.39,호계2동,37.38657302,126.9448242,,
2024120951,4.86,9.36,호계2동,37.38982313,126.9417517,,
2024120952,5.99,6.14,호계2동,37.38596592,126.9444928,,
2024120953,16.19,17.43,호계2동,37.3852202,126.9435895,,
2024120954,19.18,19.84,호계2동,37.3852332,126.9433754,,
2024120955,12.78,14.69,호계2동,37.38542834,126.9433702,,
2024120956,4.45,6.4,호계2동,37.38970969,126.9424879,,
2024120957,5.59,9.13,호계2동,37.38992989,126.9418677,,
2024120958,5.81,10.14,호계2동,37.38970247,126.9418255,,
2024120959,5.46,8.31,호계2동,37.38977538,126.9419421,,
2024120960,9.36,15.26,호계2동,37.38701013,126.9415319,,
2024120961,7.13,7.27,호계2동,37.38665602,126.9415895,,
2024120962,5.84,6.04,호계2동,37.38670099,126.9416495,,
2024120963,10.92,12.07,호계2동,37.38674776,126.9417402,,
2024120964,5.49,6.59,호계2동,37.3868912,126.9414527,,
2024120965,3.25,5.41,안양7동,37.38673049,126.940592,,
2024120966,5.46,7.16,안양7동,37.38680397,126.9406249,,
2024120967,5.61,6.48,안양7동,37.38658374,126.9407053,,
2024120968,3.22,5.38,안양7동,37.38664342,126.9406204,,
2024120969,7.73,9.48,안양7동,37.38982356,126.9409336,,
2024120970,5.57,7.16,안양7동,37.38798762,126.9404057,,
2024120971,7.21,7.29,안양7동,37.38996506,126.9407729,,
2024120972,3.37,8.96,호계2동,37.38930434,126.9431731,,
2024120973,20.86,20.91,호계2동,37.38543913,126.9436067,,
2024120974,6.35,11.95,안양7동,37.38871043,126.935821,,
2024120975,4.68,7.3,안양7동,37.38759584,126.9381375,,
2024120976,7.85,17.87,안양7동,37.38621651,126.9385558,,
2024120977,8.7,14.72,부림동,37.39326202,126.9637979,,
2024120978,4.59,5.66,부림동,37.39285874,126.9626284,,
2024120979,4.81,5.97,부림동,37.39315356,126.9634813,,
2024120980,5.99,8.38,부림동,37.39341418,126.964234,,
2024120981,13.53,17.34,부림동,37.39285282,126.962895,,
2024120982,6.47,9.92,부림동,37.3924124,126.9603578,,
2024120983,6.64,7.91,부림동,37.39197206,126.9600572,,
2024120984,13.3,18.63,평안동,37.39202232,126.9605481,,
2024120985,6.33,12.07,평안동,37.39236159,126.9617212,,
2024120986,8.52,12.71,부림동,37.39247585,126.9618395,,
2024120987,8.26,13.55,평안동,37.39245966,126.9621236,,
2024120988,14.91,24.21,부림동,37.39221036,126.9606489,,
2024120989,12.71,18.7,부림동,37.39215939,126.960902,,
2024120990,8.55,8.6,명학동,37.38328289,126.9346679,,
2024120991,3.56,4.63,명학동,37.38305727,126.9320396,,
2024120992,8.68,9.81,명학동,37.38290917,126.9314619,,
2024120993,6.16,9.23,명학동,37.38082352,126.9347289,,
2024120994,7.87,9.94,명학동,37.38126223,126.9275707,,
2024120995,6.59,7.34,명학동,37.38145358,126.9288818,,
2024120996,3.15,4.48,명학동,37.381521,126.9284781,,
2024120997,4.13,4.35,안양6동,37.38497252,126.9277404,,
2024120998,5.64,6.49,명학동,37.38287649,126.9291553,,
2024120999,3.97,5.26,안양6동,37.38416347,126.9281053,,
2024121000,4.24,5.28,명학동,37.38433173,126.9296207,,
2024121001,3.92,4.52,명학동,37.38393568,126.9288734,,
2024121002,8.57,9.99,명학동,37.38200667,126.9299093,,
2024121003,7.43,8.61,명학동,37.38203077,126.92979,,
2024121004,4.71,5.75,명학동,37.38177449,126.9293048,,
2024121005,8.66,8.81,명학동,37.3827756,126.9291638,,
2024121006,6.83,7.93,명학동,37.38170475,126.9293945,,
2024121007,7.17,7.59,명학동,37.38171282,126.9292848,,
2024121008,4.93,5.64,안양6동,37.38422768,126.9291669,,
2024121009,8.9,11.09,안양6동,37.38377201,126.928425,,
2024121010,8.52,9.73,명학동,37.38366927,126.9284235,,
2024121011,6.82,7.49,명학동,37.38194981,126.9297589,,
2024121012,5.31,7.04,안양6동,37.38490159,126.9208548,,
2024121013,2.48,10.46,안양6동,37.38482327,126.9217749,,
2024121014,4.46,7.89,안양6동,37.38476262,126.9219374,,
2024121015,4.95,4.97,병목안동,37.38090032,126.9062301,,
2024121016,5.25,6.99,안양7동,37.38884151,126.9364586,,
2024121017,5.57,6.74,안양7동,37.38904912,126.9368058,,
2024121018,5.32,7.72,안양7동,37.38912156,126.9356739,,
2024121019,3.69,5.43,안양7동,37.38564236,126.9359002,,
2024121020,6.52,7.04,안양6동,37.38987912,126.9305245,,
2024121021,3.27,3.72,안양6동,37.38964129,126.9326713,,
2024121022,9.05,10.92,안양6동,37.38612962,126.9321786,,
2024121023,4,5.44,안양6동,37.38824294,126.933681,,
2024121024,3.69,5.26,안양7동,37.38945638,126.9345091,,
2024121025,4.27,6.32,안양6동,37.3889937,126.933338,,
2024121026,3.38,6.26,안양6동,37.3859503,126.93455,,
2024121027,7.69,8.67,안양6동,37.38629699,126.9332041,,
2024121028,7.98,8.7,안양7동,37.38949914,126.9344261,,
2024121029,3.21,3.26,안양6동,37.3850426,126.934076,,
2024121030,6.18,6.6,안양6동,37.38530247,126.9347931,,
2024121031,7.43,18.98,안양6동,37.38679677,126.9342363,,
2024121032,9.24,12.95,안양6동,37.38816535,126.9338182,,
2024121033,11.58,13.15,안양6동,37.389825,126.9328783,,
2024121034,6.41,7.4,안양6동,37.38973641,126.930272,,
2024121035,7,9.48,안양6동,37.38973859,126.9305163,,
2024121036,10.99,12.78,안양6동,37.38904232,126.9313559,,
2024121037,4.52,4.71,안양6동,37.38682021,126.9315815,,
2024121038,13.5,16.71,안양6동,37.388484,126.9302633,,
2024121039,17.11,21.7,명학동,37.38565279,126.9323699,,
2024121040,9.54,9.76,안양6동,37.38590352,126.932466,,
2024121041,8.09,10.58,안양6동,37.38759082,126.9264876,,
2024121042,5.39,5.89,안양6동,37.38768651,126.9260944,,
2024121043,6.32,9.07,안양6동,37.38658351,126.926758,,
2024121044,5.18,7.46,안양6동,37.38571279,126.9271447,,
2024121045,5.25,7.7,안양6동,37.38547752,126.9274334,,
2024121046,8.02,12.99,안양6동,37.38742797,126.9268388,,
2024121047,10.24,12.42,안양6동,37.38772646,126.9287644,,
2024121048,9.02,10.88,안양6동,37.38734139,126.9280175,,
2024121049,9.19,13.09,안양6동,37.38724749,126.9266157,,
2024121050,8.9,12.35,안양6동,37.38621296,126.9270283,,
2024121051,8.56,13.15,안양6동,37.38828876,126.9242891,,
2024121052,9.16,13.2,안양6동,37.38819078,126.9241327,,
2024121053,8.55,10.27,안양6동,37.38815665,126.9243532,,
2024121054,4.42,6.65,안양6동,37.38837168,126.9244489,,
2024121055,5.52,9.56,안양6동,37.38644492,126.922136,,
2024121056,6.43,10.84,안양6동,37.38849717,126.9231596,,
2024121057,5.88,6.15,안양6동,37.38841169,126.9229451,,
2024121058,4.3,8.18,안양6동,37.38695019,126.923485,,
2024121059,4.97,5.05,안양6동,37.38791801,126.922711,,
2024121060,7.3,8.88,안양6동,37.38752476,126.9236938,,
2024121061,6.82,10.85,안양6동,37.38829217,126.923605,,
2024121062,8.1,8.53,안양6동,37.38805889,126.924211,,
2024121064,12.56,13.82,안양6동,37.38884456,126.9245819,,
2024121065,5.06,6.41,안양2동,37.40358024,126.9217402,,
2024121066,7.01,8.67,안양2동,37.40485689,126.9217336,,
2024121067,8.95,9.64,안양2동,37.40445178,126.9224434,,
2024121068,9.4,9.55,안양2동,37.40420305,126.9228663,,
2024121069,3.23,5.16,안양1동,37.40223989,126.9212537,,
2024121070,3.81,4.35,안양2동,37.40290411,126.9209384,,
2024121071,7,8.42,안양2동,37.40312919,126.9207399,,
2024121072,7.96,11.1,안양1동,37.40180602,126.921626,,
2024121073,28.71,38.56,안양2동,37.40298906,126.920632,,
2024121074,8.92,10.29,안양2동,37.40393885,126.9218666,,
2024121075,2.47,6.02,안양3동,37.40264681,126.9170558,,
2024121076,8.38,10.74,안양2동,37.40450026,126.9193647,,
2024121077,11.48,12.48,안양2동,37.40463907,126.9193673,,
2024121078,4.66,6.45,안양2동,37.40481836,126.9193451,,
2024121079,11.41,12.82,안양2동,37.40367718,126.9198904,,
2024121080,7.18,7.92,안양2동,37.40440046,126.9169688,,
2024121081,16.52,22.09,안양2동,37.40425166,126.9168894,,
2024121082,18.86,24.48,안양2동,37.40269271,126.9182125,,
2024121083,12.8,14.97,안양2동,37.40285273,126.9182988,,
2024121084,6.19,7.2,안양2동,37.40359366,126.9176454,,
2024121085,18.63,18.88,안양2동,37.40277177,126.9178808,,
2024121086,7.83,8.87,안양3동,37.40221254,126.9183769,,
2024121087,17.34,22.79,안양2동,37.40297307,126.9179384,,
2024121088,2.98,7.25,안양2동,37.40277272,126.9157756,,
2024121089,7.27,7.92,석수1동,37.4192624,126.9176533,,
2024121090,6.06,7.58,석수1동,37.41911563,126.9189471,,
2024121091,8.55,8.59,관양동,37.41132232,126.9691808,,
2024121092,3.19,7.1,관양동,37.41133786,126.9690881,,
2024121093,3.25,7.15,관양동,37.41138312,126.9690293,,
2024121094,3.35,7.04,관양동,37.41143044,126.9690856,,
2024121095,7.06,7.67,관양동,37.41079117,126.9682054,,
2024121096,9.79,10.03,관양동,37.41145696,126.9690147,,
2024121097,12.31,12.44,관양동,37.41130507,126.9689838,,
2024121098,6.01,9.61,비산3동,37.41027446,126.9505378,,
2024121099,6.57,16.62,비산3동,37.41288297,126.9517539,,
2024121100,6.75,13.67,비산3동,37.41281467,126.9516344,,
2024121101,10.41,14.24,비산3동,37.41035532,126.9506829,,
2024121102,10.33,10.36,석수2동,37.41817288,126.8908261,,
2024121103,14.12,14.92,석수2동,37.41854622,126.8925368,,
2024121104,9.92,12.04,석수2동,37.41899378,126.8912468,,
2024121105,17.23,20.93,석수2동,37.41985239,126.8945564,,
2024121106,2.39,6.03,석수2동,37.41999066,126.8856544,,
2024121107,7.74,11.12,석수2동,37.41886368,126.8870876,,
2024121108,11.96,17.22,석수2동,37.419494,126.8875082,,
2024121109,6.9,13.99,석수2동,37.41997806,126.8863398,,
2024121110,13.25,16.77,박달동,37.41604417,126.8861667,,
2024121111,7.75,8.77,박달동,37.41757795,126.88858,,
2024121112,7.15,12.71,석수2동,37.41963604,126.8867843,,
2024121113,16.23,22.85,석수2동,37.41897737,126.8874221,,
2024121114,19.46,31.17,석수2동,37.41867646,126.8872186,,
2024121115,13.52,15.75,석수2동,37.41875285,126.8875382,,
2024121116,15.77,21.43,박달동,37.41565939,126.8857312,,
2024121117,7.92,9.36,박달동,37.41531401,126.8851989,,
2024121118,9.08,9.79,박달동,37.41527921,126.8853017,,
2024121119,7.95,9.56,박달동,37.41702609,126.8861302,,
2024121120,8.94,9.72,박달동,37.41699097,126.8862351,,
2024121121,12.35,14.27,박달동,37.41571574,126.8876511,,
2024121122,13.03,15.8,박달동,37.41561538,126.8874248,,
2024121123,12.64,15.37,박달동,37.41543214,126.8874939,,
2024121124,11.91,16.69,박달동,37.41579663,126.8869417,,
2024121125,14.01,18.3,석수2동,37.41808898,126.8890466,,
2024121126,0,0,경기도 안양시,37.38236782,126.9719688,기타,기타
2024121127,0,0,경기도 안양시,37.39267211,126.9794631,기타,기타
2024121128,0,0,경기도 안양시,37.37562157,126.966626,기타,기타
2024121129,0,0,경기도 안양시,37.39388878,126.9799593,기타,기타
2024121130,0,0,경기도 안양시,37.36468453,126.959154,기타,기타
2024121131,0,0,경기도 안양시,37.38393101,126.9719886,기타,기타
2024121132,0,0,경기도 안양시,37.38413712,126.9708653,기타,기타
2024121133,0,0,경기도 안양시,37.37893859,126.9677562,기타,기타
2024121134,0,0,경기도 안양시,37.36429608,126.9588426,기타,기타
2025100001,2.49,4.85,호계1동,37.36740118,126.9507356,있음,있음
2024121135,1.91,5.84,호계1동,37.3763804,126.960047,있음,있음
2025100002,2.94,12.58,호계1동,37.36795715,126.951839,있음,있음
2025100003,1.98,9.24,호계1동,37.36646244,126.9520998,있음,있음
2025100004,2.92,10.37,호계1동,37.36755802,126.9523794,있음,있음
2025100005,3.03,9.27,호계1동,37.36747398,126.9523693,있음,있음
2025100006,2.95,11.42,호계1동,37.36749155,126.9522626,있음,있음
2025100007,2.98,9.25,호계1동,37.36758644,126.9522582,있음,있음
2024121136,2.03,5.06,안양2동,37.40275653,126.9153186,,
2024121137,6.71,13.76,안양3동,37.40268972,126.9156935,,
2024121138,2.8,5.09,안양3동,37.40259396,126.91521,,
2024121139,2.28,4.17,안양3동,37.40260132,126.9154635,,
2024121140,5.7,6.39,안양3동,37.40117303,126.9192358,,
2024121141,5.02,6.34,안양2동,37.40149313,126.9194037,,
2024121142,20.67,26.6,안양3동,37.40133023,126.9193186,,
2024121143,6.87,8.78,안양3동,37.40067747,126.9196476,,
2024121144,2.34,6.09,안양3동,37.40261293,126.9157974,,
2024121145,3.09,4.47,안양3동,37.40100338,126.912894,,
2024121146,7.06,8.58,안양3동,37.40006045,126.9127221,,
2024121147,3.98,5.05,안양3동,37.40010385,126.9129105,,
2024121148,7.22,13.49,박달동,37.40261969,126.9129572,,
2024121149,4.61,10.84,박달동,37.40156488,126.9110594,,
2024121150,2.65,8.24,박달동,37.40269485,126.9125666,,
2024121151,3.11,6.87,박달동,37.40253196,126.9128498,,
2024121152,2.77,7.06,안양2동,37.40270648,126.9133641,,
2024121153,11.51,13.99,안양2동,37.40914569,126.915618,,
2024121154,12.24,13.77,안양2동,37.40787881,126.9166807,,
2024121155,7.47,7.62,안양2동,37.40933045,126.9183229,,
2024121156,10.37,12.8,안양2동,37.40540759,126.9187278,,
2024121157,13.21,15.95,안양2동,37.40526724,126.9188644,,
2024121158,7.6,9.03,안양2동,37.40685046,126.9145264,,
2024121159,11.19,19.27,박달동,37.40794194,126.9111327,,
2024121160,7.53,8.1,안양2동,37.40700266,126.9148135,,
2024121161,12.64,25.05,안양2동,37.40837039,126.9134748,,
2024121162,7.26,11.03,석수2동,37.40912828,126.9106563,,
2024121163,7.9,12.87,석수2동,37.40955331,126.9122319,,
2024121164,18.57,22.85,석수2동,37.40974399,126.9123319,,
2024121165,13.79,17.8,석수2동,37.40968633,126.912615,,
2024121166,4.47,5.49,석수1동,37.41981926,126.9270803,,
2024121167,4.62,6.62,석수1동,37.4198546,126.9273644,,
2024121168,4.78,6.4,석수1동,37.41970832,126.9257966,,
2024121169,5.57,14.17,석수1동,37.41989577,126.927207,,
2024121170,6.29,6.99,석수1동,37.41948577,126.9248589,,
2024121171,5.55,6.21,석수1동,37.41893618,126.922992,,
2024121172,5.7,6.77,석수1동,37.41888046,126.9228047,,
2024121173,3.55,12.28,석수1동,37.41843425,126.9212243,,
2024121174,6.52,10.15,석수1동,37.41855135,126.9204985,,
2024121175,5.06,6.51,석수1동,37.41848321,126.9204273,,
2024121176,6.8,9.11,석수1동,37.41886156,126.922934,,
2024121177,8.54,9.44,석수1동,37.41701433,126.9166769,,
2024121178,9.06,10.86,안양2동,37.41555172,126.9176718,,
2024121179,9.93,10.1,안양2동,37.41568789,126.9172793,,
2024121180,4.75,6.9,석수1동,37.41772842,126.9176947,,
2024121181,5.99,6.49,석수1동,37.41763639,126.9176811,,
2024121182,6.08,12.14,안양2동,37.41733793,126.9178487,,
2024121183,6.4,8.04,안양2동,37.4174917,126.9179225,,
2024121184,4.55,5.27,석수1동,37.41968411,126.9172785,,
2024121185,17.56,18.5,비산1동,37.40154369,126.928592,,
2024121186,7.01,7.11,비산1동,37.40061143,126.9298279,,
2024121187,9.99,11.34,안양1동,37.40020811,126.9206237,,
2024121188,10.73,11.81,안양2동,37.40470364,126.9240647,,
2024121189,7.06,9.21,안양1동,37.40044269,126.9242355,,
2024121190,11.18,12.89,안양1동,37.400866,126.9218769,,
2024121191,14.37,14.92,안양1동,37.40225822,126.9214135,,
2024121192,11.49,12.67,안양2동,37.40365182,126.9201886,,
2024121193,9.63,9.69,안양2동,37.40406358,126.9218991,,
2024121194,7.4,7.89,안양2동,37.40442332,126.9222367,,
2024121195,21.18,25.98,안양1동,37.40017782,126.9202861,,
2024121196,4.56,4.57,안양1동,37.40103172,126.9227142,,
2024121197,2.87,3.39,안양1동,37.40100243,126.9226606,,
2024121198,6.48,7.02,안양1동,37.40302041,126.9222916,,
2024121199,4.98,9.08,안양1동,37.40242493,126.9226883,,
2024121200,2.55,2.59,안양2동,37.40243723,126.921365,,
2024121201,7.71,8.25,안양1동,37.40217779,126.9229561,,
2024121202,6.77,7.37,안양1동,37.40062555,126.9242724,,
2024121203,7.16,8.59,안양1동,37.40126888,126.9222862,,
2024121204,5.95,9.11,안양1동,37.40063495,126.9241133,,
2024121205,3.79,5.3,안양2동,37.40271942,126.9211066,,
2024121206,6.72,7.25,안양1동,37.40153402,126.9234847,,
2024121207,4.12,7.16,안양1동,37.40225438,126.9216164,,
2024121208,8.03,9.43,안양1동,37.40125246,126.9237238,,
2024121209,6.05,6.76,안양1동,37.40173706,126.9217644,,
2024121210,6.89,11.1,석수1동,37.41601199,126.9136,,
2024121211,5.49,6.4,석수2동,37.41661836,126.9079013,,
2024121212,4.21,5.4,석수2동,37.41958524,126.908117,,
2024121213,6.49,7.57,석수2동,37.41521226,126.908996,,
2024121214,11.54,15.08,석수2동,37.41657517,126.9069942,,
2024121215,4.75,5.61,석수2동,37.41605061,126.9068541,,
2024121216,4.6,5.67,석수2동,37.41597813,126.908295,,
2024121217,7.01,7.68,석수2동,37.41607532,126.90828,,
2024121218,6.92,7.9,석수2동,37.41647414,126.9079701,,
2024121219,12.47,14.9,석수2동,37.41753751,126.9087832,,
2024121220,6.94,8.05,석수2동,37.41681129,126.9076629,,
2024121221,5.69,6.92,석수2동,37.41669707,126.9069649,,
2024121222,12.09,15.64,석수2동,37.4169797,126.9077607,,
2024121223,12.43,14.44,석수2동,37.41786463,126.9094064,,
2024121224,7.69,22.69,석수2동,37.41665189,126.9067785,,
2024121225,7.39,14.03,석수2동,37.41618085,126.9067161,,
2024121226,17.12,21.68,석수2동,37.41624798,126.9069795,,
2024121227,6.09,6.43,석수2동,37.41618985,126.9081834,,
2024121228,4.67,5.55,석수2동,37.41647243,126.9078809,,
2024121229,9.54,22.58,석수2동,37.41885127,126.9069101,,
2024121230,4.89,6.15,석수1동,37.41870673,126.9097672,,
2024121231,10.46,11.22,석수1동,37.41896192,126.9095195,,
2024121232,5.93,6.02,석수1동,37.41917697,126.9098152,,
2024121233,4.17,6.02,석수1동,37.42011077,126.9295534,,
2024121234,8.71,9.02,석수1동,37.42016107,126.9273092,,
2024121235,5.41,11.53,석수1동,37.42006105,126.9288209,,
2024121236,7.49,15.35,석수1동,37.42015247,126.9296954,,
2024121237,4.39,4.6,석수1동,37.42068415,126.9173178,,
2024121238,6.52,12.41,석수1동,37.42477513,126.9131944,,
2024121239,10.63,18.75,석수1동,37.42425377,126.9131016,,
2024121240,7.15,13.94,석수1동,37.42441607,126.9130296,,
2024121241,3.27,8.65,석수1동,37.42439471,126.9132729,,
2024121242,15.8,17.67,석수1동,37.42311844,126.9121267,,
2024121243,14.55,15.92,석수1동,37.42204864,126.9110615,,
2024121244,9.86,10.09,석수1동,37.42190879,126.9110676,,
2024121245,6.26,7.07,석수1동,37.4215587,126.9118455,,
2024121246,16.51,17.02,석수1동,37.42272821,126.9118584,,
2024121247,5.96,6.49,석수1동,37.42083672,126.9113324,,
2024121248,6.93,6.95,석수1동,37.42281609,126.9087979,,
2024121249,5.56,5.68,석수1동,37.42272181,126.9087591,,
2024121250,6.13,6.75,석수1동,37.42240183,126.9082984,,
2024121251,6.89,7.38,석수1동,37.42251918,126.90838,,
2024121252,5.39,5.95,석수1동,37.42205227,126.9077503,,
2024121253,7.23,8.98,석수1동,37.42241764,126.9074293,,
2024121254,21.47,27.43,석수1동,37.42482753,126.9055113,,
2024121255,20.52,34.69,석수1동,37.4247131,126.9059056,,
2024121256,2.48,3.13,석수1동,37.42116103,126.9086877,,
2024121257,13.94,14.05,석수1동,37.42105787,126.9087252,,
2024121258,29.16,30.7,석수1동,37.4207833,126.9086337,,
2024121259,5.82,6.27,석수1동,37.42093666,126.9088873,,
2024121260,17.06,22.59,석수2동,37.42231988,126.9062038,,
2024121261,10.06,14.88,석수2동,37.42208311,126.9061668,,
2024121262,7.46,7.67,석수1동,37.42070486,126.9083825,,
2024121263,8.97,19.87,석수2동,37.42066879,126.9070162,,
2024121264,5.67,6.81,석수2동,37.42048593,126.9072847,,
2024121265,5.84,7.1,석수1동,37.42134123,126.9083868,,
2024121266,4.03,5.48,석수2동,37.42491593,126.9047655,,
2024121267,7.56,9.57,석수2동,37.42740823,126.9019036,,
2024121268,5.6,10.51,석수2동,37.42750397,126.9019829,,
2024121269,7.51,9.17,석수2동,37.42758982,126.9018638,,
2024121270,5.21,8.39,석수2동,37.42895471,126.9031692,,
2024121271,7.47,11.25,석수2동,37.42873473,126.9016271,,
2024121272,5.81,10.61,석수2동,37.42972963,126.9013477,,
2024121273,7.65,9.62,석수2동,37.42847864,126.9016812,,
2024121274,7.43,9.48,석수2동,37.42964103,126.9014575,,
2024121275,5.31,9.34,석수2동,37.42972446,126.9015289,,
2024121276,8.71,17.88,석수2동,37.42878856,126.9030816,,
2024121277,7.75,12.57,석수2동,37.4285354,126.9008374,,
2024121278,8.48,18.06,석수2동,37.42862687,126.9017712,,
2024121279,7.99,14.29,석수2동,37.42861022,126.9015423,,
2024121280,7.62,9.11,석수2동,37.42688586,126.9004208,,
2024121281,7.6,9.19,석수2동,37.42983595,126.9014198,,
2024121282,6.89,8.5,석수2동,37.42591949,126.9033056,,
2024121283,6.58,6.92,석수2동,37.42570913,126.9036674,,
2024121284,12,12.92,석수2동,37.42682882,126.9016633,,
2024121285,0,0,경기도 안양시,37.37822647,126.9672193,기타,기타
2024121286,0,0,경기도 안양시,37.3750835,126.9680424,기타,기타
2024121287,0,0,경기도 안양시,37.37974935,126.9665499,기타,기타
2024121288,7.28,14.14,비산3동,37.40389687,126.9470239,,
2024121289,7.15,9.42,비산3동,37.40423625,126.9452949,,
2024121290,10.11,15.55,비산3동,37.4036783,126.9453141,,
2024121291,9.54,13.46,비산3동,37.40377346,126.9455736,,
2024121292,2.77,9.09,비산3동,37.4037143,126.9471923,,
2024121293,5.82,16.76,비산3동,37.40390452,126.9459304,,
2024121294,7.43,15.07,비산3동,37.40350446,126.9492797,,
2024121295,12.63,24.76,비산3동,37.4042485,126.9495594,,
2024121296,7.91,18.79,비산3동,37.40407042,126.9497015,,
2024121297,10.41,33.09,비산3동,37.40386934,126.9494242,,
2024121298,10.08,12.43,비산3동,37.40106135,126.9454995,,
2024121299,9.65,13.9,비산3동,37.40164556,126.9458497,,
2024121300,11.15,13.92,비산3동,37.40226262,126.9462206,,
2024121301,6.76,8.45,비산3동,37.40240066,126.9461247,,
2024121302,13.81,19.92,박달동,37.40457191,126.8928257,,
2024121303,11.37,17.28,박달동,37.40490439,126.8913967,,
2024121304,17.47,19.3,박달동,37.40408799,126.8853474,,
2024121305,0,0,경기도 안양시,37.37693649,126.9669046,기타,기타
2024121306,0,0,경기도 안양시,37.37534498,126.9674889,기타,기타
2024121307,0,0,경기도 안양시,37.37626321,126.9654967,기타,기타
2024121308,0,0,경기도 안양시,37.37765738,126.965222,기타,기타
2024121309,3.69,8.18,인덕원동,37.39488845,126.9709799,있음,있음
2024121310,0,0,경기도 안양시,37.39474451,126.9759391,기타,기타
2024121311,3.03,8.14,호계1동,37.37661356,126.9600224,있음,있음
2024121312,3.3,9.1,포일동,37.39415467,126.9858282,,
2024121313,4,8.4,포일동,37.39257093,126.9858187,,
2024121314,2.4,15.9,포일동,37.3934428,126.9854583,,
2024121315,4,6,포일동,37.39673293,126.9827237,,
2024121316,2.9,13.7,포일동,37.39536011,126.9844737,,
2024121317,2.4,9.2,포일동,37.39632782,126.9819291,,
2024121318,0,0,경기도 안양시,37.39360362,126.9798317,기타,기타
2024121319,0,0,경기도 안양시,37.38418979,126.9724426,기타,기타
2024121320,0,0,경기도 안양시,37.39340921,126.9798668,기타,기타
2024121321,0,0,경기도 안양시,37.38047287,126.9711986,기타,기타
2024121322,0,0,경기도 안양시,37.37598056,126.966264,기타,기타
2024121323,0,0,경기도 안양시,37.43585151,126.9030188,기타,기타
2024121324,0,0,경기도 안양시,37.3779746,126.9676022,기타,기타
2024121325,0,0,경기도 안양시,37.39469786,126.975521,기타,기타
2024121326,0,0,경기도 안양시,37.37948942,126.9705706,기타,기타
2024121327,0,0,경기도 안양시,37.37596404,126.9661517,기타,기타
2024121328,0,0,경기도 안양시,37.37708034,126.9691642,기타,기타
2024121329,0,0,경기도 안양시,37.37949646,126.9681165,기타,기타
2024121330,3.44,9.84,석수1동,37.41595254,126.9135189,,
2024121331,7.07,9.49,석수2동,37.41585946,126.9111122,,
2024121332,5.03,5.04,석수1동,37.41686635,126.9131806,,
2024121333,7.92,9.62,석수1동,37.41718095,126.9126119,,
2024121334,29.5,32.06,석수1동,37.41852614,126.9113059,,
2024121335,5.34,7.29,석수2동,37.41709313,126.9101349,,
2024121336,6.68,8.86,석수2동,37.41614438,126.9108861,,
2024121337,7.55,10.88,석수1동,37.41601532,126.9116853,,
2024121338,7.46,7.91,석수1동,37.41651781,126.9114889,,
2024121339,5.05,12.12,석수1동,37.41638065,126.9116038,,
2024121340,8.21,8.39,석수1동,37.41629474,126.9144125,,
2024121341,3.16,4.97,비산3동,37.40430832,126.9451922,,
2024121342,7.01,7.98,비산3동,37.40438563,126.9452299,,
2024121343,8.8,11.84,비산3동,37.40338488,126.9469255,,
2024121344,3.12,8.8,비산3동,37.40384339,126.9452662,,
2024121345,6.27,7.21,비산3동,37.40046634,126.9480223,,
2024121346,14.61,31.12,비산3동,37.40174576,126.9498754,,
2024121347,4.46,4.7,비산3동,37.40134837,126.9492951,,
2024121348,11.63,16.46,비산3동,37.40117641,126.9489107,,
2024121349,6.1,8.85,비산3동,37.4005989,126.9451539,,
2024121350,10.66,10.75,비산3동,37.40055744,126.9471098,,
2024121351,16.52,17.73,비산3동,37.40082706,126.9477143,,
2024121352,18.28,19.74,비산3동,37.40067477,126.9478699,,
2024121353,8.53,14.03,비산3동,37.40406588,126.9490421,,
2024121354,8.05,16.06,비산3동,37.4039719,126.9477707,,
2024121355,7.17,7.18,박달동,37.40821872,126.8858455,,
2024121356,7.05,8.7,박달동,37.40808647,126.885516,,
2024121357,6.61,7.26,박달동,37.40988889,126.8857293,,
2024121358,6.63,7.19,박달동,37.40991245,126.8856057,,
2024121359,6.65,7.26,박달동,37.40978697,126.8853569,,
2024121360,6.75,7.29,박달동,37.40982168,126.8852421,,
2024121361,6.71,7.33,박달동,37.40970929,126.885204,,
2024121362,7.57,8.66,박달동,37.40781693,126.885234,,
2024121363,6.54,7.06,박달동,37.4078442,126.8851045,,
2024121364,6.57,9.79,박달동,37.40831961,126.8858496,,
2024121365,7.12,7.26,박달동,37.40832496,126.8859817,,
2024121366,2.86,3.67,석수2동,37.42701112,126.8986703,,
2024121367,3.13,7.62,석수2동,37.42707097,126.8991628,,
2024121368,7.05,8.2,안양2동,37.41823344,126.9192661,,
2024121369,8.86,11.7,안양2동,37.41824461,126.9191349,,
2024121370,9.16,11.39,안양2동,37.41814637,126.9192092,,
2024121371,9.14,9.23,안양2동,37.4175131,126.9180687,,
2024121372,6.06,7.15,석수1동,37.41626536,126.9157563,,
2024121373,8.26,9.52,안양2동,37.4157494,126.9174996,,
2024121374,9.7,10.02,안양2동,37.41541031,126.9171485,,
2024121375,4.01,5.42,석수1동,37.41592999,126.9153139,,
2024121376,9.01,10.6,안양2동,37.41523483,126.917324,,
2024121377,8.16,8.49,안양2동,37.41527746,126.917524,,
2024121378,6.38,10.27,안양2동,37.41722918,126.9178882,,
2024121379,6.09,6.74,석수1동,37.41761806,126.9106403,,
2024121380,0,0,경기도 안양시,37.38957302,126.977139,기타,기타
2024121381,0,0,경기도 안양시,37.37703891,126.9695074,기타,기타
2024121382,4,8.5,비산2동,37.39200252,126.9414022,있음,있음
2024121383,8.5,4,호계2동,37.39176377,126.9414672,있음,있음
2024121384,4.5,13.1,비산2동,37.3918907,126.9415398,있음,있음
2024121385,4,20.4,비산2동,37.39232608,126.9435763,있음,있음
2024121386,4,5.9,호계2동,37.39218464,126.9434565,있음,있음
2024121387,4,4.9,호계2동,37.39213951,126.9432431,있음,있음
2024121388,3.5,14.9,비산2동,37.39223656,126.9427359,있음,있음
2024121389,4,12.2,비산2동,37.39211105,126.9425404,있음,없음
2024121390,3.5,4.1,호계2동,37.39197529,126.9425997,있음,있음
2024121391,2.2,8.6,호계2동,37.39192222,126.9425385,있음,있음
2024121392,0,0,경기도 안양시,37.39387522,126.9782252,기타,기타
2024121393,0,0,경기도 안양시,37.39352239,126.9796089,기타,기타
2024121394,0,0,경기도 안양시,37.39268842,126.9035698,기타,기타
2024121395,0,0,경기도 안양시,37.38072141,126.9713537,기타,기타
2024121396,0,0,경기도 안양시,37.38361254,126.9723955,기타,기타
2024121397,0,0,경기도 안양시,37.38983444,126.9777894,기타,기타
2024121398,6.82,8.9,비산2동,37.3971361,126.9351855,,
2024121399,7.18,9.34,비산2동,37.39705354,126.9352365,,
2024121400,6.54,8.58,비산2동,37.39659618,126.9364799,,
2024121401,4.19,13.7,비산1동,37.39901195,126.9374024,,
2024121402,4.19,10.16,비산1동,37.39901413,126.9378468,,
2024121403,3.85,18.78,비산1동,37.39901759,126.9391324,,
2024121404,3.71,4.98,비산2동,37.39819776,126.9357396,,
2024121405,4.1,5.93,비산2동,37.39813084,126.9390239,,
2024121406,2.22,6.83,비산2동,37.39817065,126.9392075,,
2024121407,3.2,8.64,비산2동,37.39822127,126.9391413,,
2024121408,5.76,6.27,비산1동,37.39950941,126.9317182,,
2024121409,4.23,4.24,비산1동,37.39986458,126.9321369,,
2024121410,5.5,5.53,비산1동,37.39997021,126.9324768,,
2024121411,4.88,5.03,비산1동,37.39971058,126.9319563,,
2024121412,6.89,7.13,비산1동,37.39952358,126.9338997,,
2024121413,3.71,4.05,안양7동,37.39623809,126.9303578,,
2024121414,4.95,5.22,안양7동,37.39617495,126.9302836,,
2024121415,5.71,5.75,비산1동,37.39912455,126.9313169,,
2024121416,11.79,12.37,안양7동,37.39571185,126.9310965,,
2024121417,4.33,4.47,비산1동,37.39781243,126.9319128,,
2024121418,7.5,10.31,비산2동,37.3975923,126.9337572,,
2024121419,6.52,7.27,안양7동,37.39637873,126.9311856,,
2024121420,15.88,18.46,안양7동,37.39565987,126.9310039,,
2024121421,8.65,16.25,비산1동,37.39944181,126.9317587,,
2024121422,11.29,11.75,비산1동,37.39894051,126.9328864,,
2024121423,15.51,21.41,비산1동,37.398649,126.9329469,,
2024121424,8.61,9.26,비산2동,37.39792922,126.9347097,,
2024121425,9.85,10.54,비산2동,37.39819962,126.9348767,,
2024121426,10.58,19.74,비산1동,37.39894145,126.9344434,,
2024121427,15.17,15.5,비산1동,37.39937398,126.9338919,,
2024121428,5.72,7.32,비산1동,37.39873651,126.9322913,,
2024121429,19.27,28.99,비산1동,37.39839386,126.9331885,,
2024121430,6.19,7.11,비산2동,37.39812819,126.9340044,,
2024121431,9.02,9.38,안양1동,37.39727446,126.930833,,
2024121432,16.21,18.94,안양7동,37.39699549,126.9310424,,
2024121433,11.13,16.92,안양7동,37.39663458,126.932021,,
2024121434,6.79,7.15,박달동,37.40950846,126.8848073,,
2024121435,6.61,7.58,박달동,37.40949947,126.8849351,,
2024121436,6.65,7.08,박달동,37.40939909,126.8845861,,
2024121437,6.48,7.27,박달동,37.40941845,126.8844644,,
2024121438,6.56,7.05,박달동,37.40932257,126.8844379,,
2024121439,6.64,7.08,박달동,37.40930391,126.8845537,,
2024121440,6.76,7.22,박달동,37.40960436,126.8848325,,
2024121441,6.54,7.16,박달동,37.40958382,126.8849553,,
2024121442,6.59,7.14,박달동,37.40918034,126.8841544,,
2024121443,6.75,7.15,박달동,37.40920383,126.8840296,,
2024121444,6.84,7.14,박달동,37.40910457,126.8840036,,
2024121445,6.67,7.12,박달동,37.40908304,126.8841237,,
2024121446,6.45,7.21,박달동,37.40898028,126.8837557,,
2024121447,18.32,23.91,박달동,37.40899246,126.8834989,,
2024121448,16.68,24.39,박달동,37.4087565,126.883489,,
2024121449,23.76,35.57,박달동,37.40787222,126.884618,,
2024121450,7.95,9.43,박달동,37.40760468,126.884816,,
2024121451,12.2,17.59,박달동,37.40742074,126.88445,,
2024121452,20.7,27.48,박달동,37.40727811,126.8847824,,
2024121453,8.55,9.11,박달동,37.40848225,126.8846033,,
2024121454,7.97,15.99,충훈동,37.41175029,126.891864,,
2024121455,7.56,17.61,충훈동,37.41165075,126.8917064,,
2024121456,6.79,15.8,충훈동,37.41162055,126.8920044,,
2024121457,7.42,12.75,충훈동,37.41059532,126.8920972,,
2024121458,12.34,14.7,충훈동,37.41040266,126.8920929,,
2024121459,5.3,5.72,충훈동,37.41007823,126.8924927,,
2024121460,7,15.68,충훈동,37.41150847,126.8918338,,
2024121461,6.27,6.29,충훈동,37.41180616,126.8921084,,
2024121462,6.34,6.57,충훈동,37.41145588,126.8920102,,
2024121463,6.47,6.51,충훈동,37.4114702,126.8916684,,
2024121464,5.14,5.93,충훈동,37.41178944,126.891702,,
2024121465,4.15,5.98,석수2동,37.42089179,126.8902497,,
2024121466,4.05,5.85,석수2동,37.42096149,126.8922317,,
2024121467,7.02,15.73,석수2동,37.42045275,126.892831,,
2024121468,9.14,14.4,석수2동,37.42029958,126.8930013,,
2024121469,4.23,7.31,석수2동,37.4205645,126.8930184,,
2024121470,3.94,8.51,석수2동,37.42056988,126.892238,,
2024121471,8.36,16.34,석수2동,37.4204481,126.8905017,,
2024121472,4.11,10.45,석수2동,37.42054651,126.8903567,,
2024121473,4.03,9.43,석수2동,37.42082961,126.8903517,,
2024121474,4.12,5.83,석수2동,37.4208931,126.8904554,,
2024121475,4.07,5.9,석수2동,37.42096079,126.8903709,,
2024121476,8.8,22.1,석수2동,37.42030926,126.8902437,,
2024121477,6.73,21.29,석수2동,37.42044704,126.8917099,,
2024121478,4.1,5.92,석수2동,37.42089497,126.8921469,,
2024121479,5.52,6.11,석수2동,37.42089671,126.8914875,,
2024121480,4.24,5.93,석수2동,37.42143508,126.8903709,,
2024121481,4.04,5.85,석수2동,37.4214986,126.8902851,,
2024121482,5.44,5.99,석수2동,37.42149817,126.8915119,,
2024121483,5.61,6.9,석수2동,37.42978623,126.898638,,
2024121484,10.87,12.35,석수2동,37.42680196,126.9015083,,
2024121485,6.08,6.18,석수2동,37.42668151,126.9018346,,
2024121486,11.67,12.92,석수2동,37.42621094,126.9025338,,
2024121487,6.33,8.55,석수2동,37.42622194,126.9023433,,
2024121488,13.08,13.6,석수2동,37.42511946,126.9042866,,
2024121489,7.11,7.69,석수2동,37.42513733,126.9044214,,
2024121490,6.8,8.34,석수2동,37.42541809,126.9045027,,
2024121491,5.51,15.47,석수2동,37.42694391,126.9036042,,
2024121492,8.06,11.79,석수2동,37.42684951,126.9037176,,
2024121493,9.15,13.6,석수1동,37.42993757,126.9043759,,
2024121494,11.09,22.29,석수1동,37.42989111,126.904147,,
2024121495,0.52,4.34,석수2동,37.42999765,126.9029009,,
2024121496,5,5.01,석수2동,37.42632925,126.9024825,,
2024121497,8.98,18.43,석수2동,37.42699194,126.9005663,,
2024121498,4.91,9.18,석수1동,37.42953249,126.9046083,,
2024121499,9.92,10.02,석수1동,37.43179106,126.9186842,,
2024121500,6.31,9.54,석수1동,37.43140056,126.9181946,,
2024121501,21.38,26.4,석수1동,37.43168425,126.9184789,,
2024121502,11.74,13.91,석수1동,37.43042183,126.9174192,,
2024121503,5.79,7.36,석수1동,37.43029045,126.9173469,,
2024121504,5.28,5.33,비산3동,37.40154198,126.9499502,,
2024121505,5.17,5.38,비산3동,37.40193346,126.9497762,,
2024121506,7.16,7.55,비산3동,37.40050204,126.9451497,,
2024121507,6.69,7.95,비산3동,37.40063476,126.9452414,,
2024121508,4.32,5.13,비산3동,37.40454347,126.9450262,,
2024121509,0,0,경기도 안양시,37.37864129,126.9659303,기타,기타
2024121510,0,0,경기도 안양시,37.39390668,126.9784978,기타,기타
2024121511,0,0,경기도 안양시,37.38046213,126.9716307,기타,기타
2024121512,0,0,경기도 안양시,37.39436692,126.9770315,기타,기타
2024121513,0,0,경기도 안양시,37.39495778,126.9808398,기타,기타
2024121514,0,0,경기도 안양시,37.36465195,126.9584412,기타,기타
2024121515,0,0,경기도 안양시,37.37884023,126.9660568,기타,기타
2024121516,0,0,경기도 안양시,37.37871113,126.9661068,기타,기타
2024121517,0,0,경기도 안양시,37.4359926,126.90327,기타,기타
2024121518,0,0,경기도 안양시,37.37575142,126.9666091,기타,기타
2024121519,0,0,경기도 안양시,37.37767453,126.9653491,기타,기타
2024121520,0,0,경기도 안양시,37.37785375,126.9676981,기타,기타
2024121521,0,0,경기도 안양시,37.39445678,126.9805559,기타,기타
2024121522,0,0,경기도 안양시,37.37729132,126.9690016,기타,기타
2024121523,0,0,경기도 안양시,37.39442875,126.9804276,기타,기타
2024121524,12.92,17.04,안양7동,37.39594532,126.9333724,,
2024121525,10.28,15.92,안양7동,37.39591143,126.9332028,,
2024121526,12.03,16.4,안양7동,37.39645809,126.9321578,,
2024121527,12.37,16.71,안양7동,37.39640264,126.9319201,,
2024121528,10.32,10.37,안양7동,37.3956128,126.9311057,,
2024121529,10.09,10.11,안양7동,37.39559291,126.9309044,,
2024121530,8.7,9.15,안양7동,37.395712,126.9309367,,
2024121531,13.17,13.38,안양7동,37.39605521,126.9315127,,
2024121532,9.03,9.22,안양7동,37.39616875,126.9315143,,
2024121533,6.46,6.6,안양7동,37.39652534,126.9306755,,
2024121534,5.26,5.76,비산1동,37.3980098,126.9322693,,
2024121535,6.37,6.51,안양1동,37.39791099,126.9302817,,
2024121536,18.13,20.4,안양7동,37.39705153,126.9307442,,
2024121537,8.72,14.62,비산3동,37.40905013,126.9506052,,
2024121538,4.49,5.1,호계2동,37.38395704,126.9485328,,
2024121539,5.65,7.8,호계2동,37.3840499,126.9486377,,
2024121540,5.01,5.48,호계2동,37.38420669,126.9492806,,
2024121541,9.01,9.03,호계2동,37.38437689,126.9451336,,
2024121542,14.17,19.71,호계2동,37.38383581,126.9406237,,
2024121543,10.54,13.61,호계2동,37.38413849,126.9407632,,
2024121544,5.5,7,호계2동,37.38421819,126.9409591,,
2024121545,11.97,16.86,호계2동,37.38458589,126.9424762,,
2024121546,14.62,18.96,호계2동,37.38461221,126.9422427,,
2024121547,7.9,8.54,안양7동,37.38466447,126.9361843,,
2024121548,7.11,8.72,명학동,37.38172676,126.9360241,,
2024121549,5.02,5.79,명학동,37.38074902,126.9364915,,
2024121550,19.77,22.75,명학동,37.38149546,126.9360135,,
2024121551,11.14,23.63,안양7동,37.38350077,126.9393831,,
2024121552,10.88,23.22,안양7동,37.38304215,126.9366604,,
2024121553,10.66,17.58,안양6동,37.383677,126.9353584,,
2024121554,18.68,23.54,안양7동,37.38019516,126.9389668,,
2024121555,3.13,6.21,안양7동,37.38325246,126.9383144,,
2024121556,10.67,24.38,안양7동,37.38322134,126.9368711,,
2024121557,5.17,5.69,명학동,37.38131333,126.9359661,,
2024121558,14.19,16.52,안양7동,37.38022413,126.9386705,,
2024121559,3.1,8.69,안양7동,37.38349925,126.9382664,,
2024121560,4.5,17.19,안양6동,37.38431062,126.9350914,,
2024121561,3,5.25,안양6동,37.38456681,126.935062,,
2024121562,10.18,10.35,명학동,37.38281398,126.931425,,
2024121563,4.67,5.79,명학동,37.3828107,126.9315734,,
2024121564,8.62,9.37,명학동,37.38288696,126.9316362,,
2024121565,4.78,6.51,명학동,37.38371417,126.9307434,,
2024121566,2.79,5.12,안양6동,37.38442798,126.9343224,,
2024121567,6.42,6.96,안양6동,37.38375015,126.9342289,,
2024121568,6.56,8.17,명학동,37.3832137,126.932801,,
2024121569,17.15,21.41,명학동,37.38467745,126.9331816,,
2024121570,9.57,10.01,명학동,37.38481055,126.9328601,,
2024121571,4.99,6.51,명학동,37.38428804,126.9319604,,
2024121572,7.72,9.28,명학동,37.38244203,126.9307278,,
2024121573,7.62,8.66,안양6동,37.38469594,126.9301855,,
2024121574,5.56,6.88,안양6동,37.38492838,126.9305015,,
2024121575,24.78,25.94,명학동,37.38349955,126.9344536,,
2024121576,4.35,5.99,안양6동,37.38485113,126.934967,,
2024121577,5.04,5.87,명학동,37.38482925,126.9305572,,
2024121578,5.52,7.42,안양6동,37.38486658,126.9304895,,
2024121579,9.01,10.88,명학동,37.38458364,126.9301126,,
2024121580,5.94,7.35,안양6동,37.3842269,126.9337971,,
2024121581,6.71,7.55,안양6동,37.38484552,126.9332362,,
2024121582,2.33,4.21,안양6동,37.38490225,126.9335774,,
2024121583,8.95,10.5,명학동,37.38451981,126.9323174,,
2024121584,7.33,9.76,명학동,37.3845139,126.9324258,,
2024121585,5.29,6.36,명학동,37.38401966,126.9312392,,
2024121586,4.05,4.55,명학동,37.38394009,126.9313041,,
2024121587,16.2,27.17,명학동,37.38365251,126.9340304,,
2024121588,9.1,10.84,명학동,37.38352861,126.9338932,,
2024121589,20.37,23.34,명학동,37.38324159,126.9344168,,
2024121590,7.12,8.17,안양4동,37.39463731,126.9170435,,
2024121591,9.01,10.14,안양4동,37.39452073,126.9169774,,
2024121592,6.92,7.9,안양3동,37.39414424,126.9160782,,
2024121593,5.17,6.82,안양4동,37.39439894,126.9188491,,
2024121594,8.38,9.98,안양5동,37.3944185,126.9189692,,
2024121595,7.58,9.94,안양5동,37.39405356,126.9195655,,
2024121596,3.78,5.37,안양4동,37.39414164,126.917312,,
2024121597,3.57,5.47,안양4동,37.39381944,126.9168508,,
2024121598,5.24,5.67,안양4동,37.39350415,126.9167745,,
2024121599,8.42,8.42,병목안동,37.39043292,126.9154676,,
2024121600,3.29,5.38,안양4동,37.39402933,126.9172508,,
2024121601,7.02,8.09,안양4동,37.39432269,126.9160414,,
2024121602,9.48,10.21,안양5동,37.39415603,126.9195075,,
2024121603,4.54,6.35,병목안동,37.39366761,126.91421,,
2024121604,8.49,11.29,안양3동,37.39473931,126.9131707,,
2024121605,11.22,14.43,안양3동,37.39489658,126.9131268,,
2024121606,1.75,3.46,안양3동,37.39365284,126.9145258,,
2024121607,5.58,7.08,병목안동,37.39285764,126.9141711,,
2024121608,12.04,12.57,병목안동,37.39412913,126.9118638,,
2024121609,2.31,2.61,병목안동,37.39305618,126.9139471,,
2024121610,3.73,4.14,병목안동,37.3932163,126.9138101,,
2024121611,8.13,10.04,병목안동,37.39414575,126.9120593,,
2024121612,10.71,13.11,병목안동,37.3942609,126.9119447,,
2024121613,5.96,13.26,비산3동,37.40886486,126.9504507,,
2024121614,11.73,22,비산3동,37.40868075,126.9505905,,
2024121615,6.43,7.65,비산2동,37.39662217,126.9365884,,
2024121616,6.82,8.57,비산2동,37.39651799,126.9365084,,
2024121617,6.82,8.58,비산2동,37.39620199,126.9375517,,
2024121618,5.71,6.58,비산2동,37.39611149,126.9376236,,
2024121619,6.29,7.12,비산2동,37.39704807,126.9368324,,
2024121620,6.22,6.46,비산2동,37.3965326,126.9380447,,
2024121621,6.66,8.54,비산2동,37.39758994,126.9354412,,
2024121622,6.71,9.15,비산2동,37.39797835,126.9356646,,
2024121623,5.69,7.44,비산2동,37.39744859,126.9370407,,
2024121624,4.65,4.72,비산2동,37.39593389,126.9397673,,
2024121625,4.33,4.97,비산2동,37.39586672,126.9398637,,
2024121626,4.94,15.5,비산2동,37.3981387,126.9356794,,
2024121627,4.28,8.04,비산2동,37.39807515,126.9373852,,
2024121628,4.18,6.64,비산2동,37.39813341,126.937312,,
2024121629,2.99,8.55,비산2동,37.39864686,126.9374433,,
2024121630,4.71,10.62,비산2동,37.39769872,126.939131,,
2024121631,6.53,9.26,비산2동,37.39762394,126.9390162,,
2024121632,6.91,8.1,비산2동,37.3968702,126.9383869,,
2024121633,2.56,4.93,비산2동,37.39761209,126.9395677,,
2024121634,4.19,6.26,비산2동,37.39765897,126.9392193,,
2024121635,2.78,11.04,비산2동,37.39817202,126.9381238,,
2024121636,3.08,8.05,비산2동,37.39818378,126.937437,,
2024121637,8.71,29.93,비산1동,37.39883609,126.9356018,,
2024121638,0,0,경기도 안양시,37.38011051,126.9709765,기타,기타
2024121639,14.33,19.06,호계2동,37.38212156,126.9490577,,
2024121640,8.79,10.72,호계2동,37.38226226,126.9485031,,
2024121641,14.67,17.81,호계2동,37.38239476,126.9484741,,
2024121642,8.47,9.55,호계2동,37.38352069,126.946613,,
2024121643,3.93,6,호계2동,37.38446401,126.9498723,,
2024121644,4.52,7.05,호계2동,37.38444892,126.949939,,
2024121645,4.68,6.57,호계2동,37.38442816,126.9497539,,
2024121646,2.95,9.4,호계2동,37.38193005,126.9498904,,
2024121647,8.44,10.93,호계2동,37.38206348,126.9488977,,
2024121648,7.24,9.14,호계2동,37.38196599,126.948345,,
2024121649,15.77,20.25,호계2동,37.38239574,126.948694,,
2024121650,11.23,12.82,호계2동,37.38307258,126.9475143,,
2024121651,3.98,11.4,호계1동,37.37310081,126.9592342,있음,있음
2024121652,4,11.44,호계1동,37.37388932,126.9584074,있음,있음
2024121653,3.98,9.41,호계1동,37.37383126,126.9585425,있음,있음
2024121654,3.99,8.09,호계1동,37.37400692,126.9584347,있음,있음
2024121655,3.93,6.96,호계1동,37.37485501,126.9580663,있음,있음
2024121656,4.02,8.11,호계1동,37.37489014,126.9579543,있음,있음
2024121657,1.97,9.22,호계1동,37.37496744,126.9578331,있음,있음
2024121658,3.99,6,호계1동,37.37506957,126.9618238,있음,있음
2024121659,3.02,15.11,호계1동,37.37503181,126.9617209,있음,있음
2024121660,2.76,16.48,호계1동,37.37503258,126.9617129,있음,있음
2024121661,2.97,8.18,호계1동,37.37509004,126.9616864,있음,있음
2024121662,1.92,12.64,호계1동,37.37510095,126.9608498,있음,있음
2025085028,2.97,13.95,안양1동,37.39205273,126.9236588,있음,있음
2025085029,5.96,15.9,안양1동,37.39217999,126.9236939,있음,있음
2025085003,2,8.55,안양1동,37.38960031,126.9256616,있음,있음
2025085030,5.99,16.26,안양1동,37.39202055,126.9238204,있음,있음
2025085031,5.99,11.05,안양1동,37.39133025,126.9244155,있음,있음
2025085032,3.98,5.98,안양1동,37.39248419,126.9214246,있음,있음
2025085033,5.93,6.24,안양1동,37.39310804,126.9229778,있음,있음
2025085034,6,8.71,안양1동,37.39307064,126.923197,있음,있음
2025085035,5.98,16.24,안양1동,37.39290542,126.9229402,있음,있음
2025085036,5.94,14.71,안양1동,37.39285181,126.9231343,있음,있음
2025085037,2.49,13.04,안양1동,37.39329452,126.9210369,있음,있음
2025085038,3.96,6.76,안양1동,37.39366495,126.920253,있음,있음
2025085039,6,9.81,안양1동,37.3938251,126.9201951,있음,있음
2025085004,4.98,8.69,안양1동,37.38944098,126.925658,있음,있음
2024121663,10.1,12.08,병목안동,37.39348503,126.9106605,,
2024121664,4.91,6.5,병목안동,37.39175249,126.9140618,,
2024121665,6.4,7.12,병목안동,37.39166645,126.9140835,,
2024121666,10.68,11.7,비산2동,37.39683905,126.9414672,,
2024121667,11,11.99,비산2동,37.39647535,126.9408179,,
2024121668,12.96,13.34,부흥동,37.3953915,126.9405859,,
2024121669,11.72,12.35,부흥동,37.39530517,126.9406642,,
2024121670,12.48,17.75,부흥동,37.39608859,126.9424534,,
2024121671,12.44,17.37,부흥동,37.39624761,126.9425797,,
2024121672,14.22,18.04,부흥동,37.39651521,126.9433481,,
2024121673,4.23,6.96,비산2동,37.39821914,126.9407226,,
2024121674,1.64,6.86,비산2동,37.39813411,126.9358146,,
2024121675,4.16,5.96,비산2동,37.39812777,126.9382394,,
2024121676,3.14,5.95,비산2동,37.39812791,126.93752,,
2024121677,2.39,5.01,비산2동,37.39773202,126.9390652,,
2024121678,7.24,7.88,비산2동,37.39730539,126.9388094,,
2024121679,7.87,8.44,비산2동,37.39752243,126.9390222,,
2024121680,4.09,8.53,비산1동,37.39935537,126.9374051,,
2024121681,3.66,4.18,비산1동,37.3995102,126.9392515,,
2024121682,3.09,8.75,비산2동,37.39866182,126.9357317,,
2024121683,2.74,14.52,비산1동,37.39955068,126.9391392,,
2024121684,5.08,5.81,비산1동,37.39958812,126.9390194,,
2024121685,4.29,6.07,비산2동,37.3985033,126.9356809,,
2024121686,6.83,8.64,비산2동,37.39626216,126.9363553,,
2024121687,5.87,6.79,비산2동,37.39612818,126.9363009,,
2024121688,19.01,19.53,관양동,37.40889698,126.9738939,,
2024121689,7.55,7.57,관양동,37.40891726,126.9741806,,
2024121690,19.64,20.23,관양동,37.40864195,126.9742504,,
2024121691,5.97,6.35,관양동,37.40697118,126.9688262,,
2024121692,6.67,7.23,관양동,37.40774884,126.9699469,,
2024121693,6.72,6.96,관양동,37.40782092,126.9699398,,
2024121694,6.85,6.96,관양동,37.40753682,126.969653,,
2024121695,6.33,6.97,관양동,37.40744905,126.969655,,
2024121696,7.41,8.07,관양동,37.40738936,126.9681811,,
2024121697,10.31,10.62,관양동,37.40739474,126.9683397,,
2024121698,10.5,10.75,관양동,37.40752121,126.9681497,,
2024121699,8.88,9.73,관양동,37.40835366,126.9673396,,
2024121700,11.76,16.67,관양동,37.40971711,126.9672562,,
2024121701,12.05,16.83,관양동,37.40989075,126.9673525,,
2024121702,5.71,7.96,관양동,37.40985411,126.9671595,,
2024121703,4.34,6.29,관양동,37.40903001,126.9670173,,
2024121704,5.82,7.01,관양동,37.40900914,126.9638174,,
2024121705,5.57,9.99,관양동,37.40794693,126.9616931,,
2024121706,6.24,6.65,관양동,37.40590799,126.9615589,,
2024121707,9.6,10.99,관양동,37.40788334,126.9601798,,
2024121708,5.43,5.69,관양동,37.40731141,126.9602268,,
2024121709,6.93,7.07,관양동,37.40739871,126.9601945,,
2024121710,4.1,6.77,관양동,37.40805661,126.9600726,,
2024121711,4.21,9.52,관양동,37.40804056,126.9605568,,
2024121712,7.67,8.24,관양동,37.40519512,126.9607739,,
2024121713,6.44,6.64,관양동,37.40728578,126.9603917,,
2024121714,6.2,6.4,관양동,37.40739297,126.9603235,,
2024121715,7.32,11.35,관양동,37.40788728,126.9623407,,
2024121716,5.7,6.3,관양동,37.40669756,126.9611476,,
2024121717,3.69,8,관양동,37.40621285,126.9580718,,
2024121718,13.44,18.11,관양동,37.40575139,126.9578447,,
2024121719,4.24,6.05,관양동,37.40564117,126.9576485,,
2024121720,7.54,11.65,관양동,37.40557002,126.9578698,,
2024121721,9.54,13.08,관양동,37.40550448,126.9577274,,
2024121722,5.03,9.88,관양동,37.40516109,126.9577058,,
2024121723,4.13,4.26,관양동,37.40504427,126.9590688,,
2025085040,4.99,14.14,안양1동,37.39371849,126.9203916,있음,있음
2025085041,6.01,13.15,안양1동,37.39331653,126.9211765,있음,있음
2025085042,5.86,16.93,안양1동,37.39279217,126.9220114,있음,있음
2025085045,2.93,8.07,안양1동,37.39256237,126.9214888,있음,있음
2024121724,18.43,20.62,박달동,37.40289411,126.8959393,,
2024121725,15.31,16.46,박달동,37.40307731,126.8960025,,
2024121726,20.31,22.73,박달동,37.40325866,126.8953909,,
2024121727,4.93,13.02,박달동,37.40153973,126.8987942,,
2024121728,10.15,17.88,박달동,37.40168716,126.8981496,,
2024121729,7.02,8.06,박달동,37.40292885,126.8961877,,
2024121730,14.84,20.79,충훈동,37.40433718,126.8965576,,
2024121731,7.71,12.56,박달동,37.4001082,126.8989217,,
2024121732,2.66,4.95,박달동,37.40077675,126.8988583,,
2024121733,3.97,6.36,박달동,37.40136364,126.8987376,,
2024121734,3.76,6.16,박달동,37.40022818,126.8988393,,
2024121735,5.64,7.27,충훈동,37.4042314,126.8971581,,
2024121736,7.95,8.85,충훈동,37.40477289,126.8961712,,
2024121737,6.17,7.97,충훈동,37.40437703,126.8987862,,
2024121738,6,13,박달동,37.39892634,126.8984154,있음,있음
2024121739,3,11.5,박달동,37.39877963,126.8982217,있음,있음
2024121740,4.1,9.5,박달동,37.39819785,126.8988993,있음,있음
2024121741,4,18.6,박달동,37.39818235,126.8986891,있음,있음
2024121742,2.4,8.2,박달동,37.39956185,126.8987368,있음,있음
2025085043,5.97,15.41,안양1동,37.3929427,126.9219395,있음,있음
2025085044,4.96,16.43,안양1동,37.39285565,126.9221873,있음,있음
2025085005,5.99,10.35,안양1동,37.38949465,126.9254971,있음,있음
2024121743,2.49,8.47,석수2동,37.43181015,126.8996453,있음,없음
2024121744,2.5,5.88,석수2동,37.43217511,126.8998214,있음,없음
2024121745,3,7.64,석수2동,37.43274894,126.9000343,있음,없음
2024121746,2.46,10.44,석수2동,37.43277828,126.9001163,있음,없음
2024121747,1.82,6.73,석수2동,37.43336135,126.9003901,있음,없음
2025085006,2.98,8.45,안양1동,37.38927212,126.925062,있음,있음
2025085007,4.01,8.17,안양1동,37.38927498,126.9251698,있음,있음
2025085008,4,8.15,안양1동,37.38917431,126.925032,있음,있음
2025085009,5.96,13.75,안양1동,37.39049146,126.9251204,있음,있음
2024121748,4.02,5.99,호계1동,37.3757899,126.9604155,있음,있음
2024121749,4.01,6.12,호계1동,37.37515438,126.9607671,있음,있음
2024121750,4.02,7,호계1동,37.37582071,126.9602929,있음,있음
2024121751,3.97,8.53,호계1동,37.37593604,126.9603826,있음,있음
2024121752,5.82,10.47,호계1동,37.37501053,126.9579883,있음,있음
2024121753,3.98,16.69,호계1동,37.3753104,126.9590771,없음,있음
2024121754,4.35,8.22,호계1동,37.37517778,126.9584713,없음,없음
2024121755,4.02,8.21,호계1동,37.37543905,126.9592243,있음,있음
2024121756,0,0,경기도 안양시,37.38027897,126.9710553,기타,기타
2024121757,0,0,경기도 안양시,37.36424335,126.9595816,기타,기타
2024121758,0,0,경기도 안양시,37.39411415,126.977796,기타,기타
2024121759,2.28,6,호계1동,37.37396229,126.9621759,없음,있음
2024121760,3.93,3.93,호계1동,37.37363739,126.9623363,없음,있음
2024121761,4.03,9.22,호계1동,37.37376246,126.9623836,없음,있음
2024121762,4.03,10.33,호계1동,37.37358946,126.9625039,없음,있음
2024121763,2.98,9.25,호계1동,37.37497221,126.961733,있음,있음
2024121764,4.95,7.13,호계1동,37.37481764,126.960954,있음,있음
2024121765,4.01,5.89,호계1동,37.37479142,126.9610393,있음,있음
2024121766,3,6.02,호계1동,37.37498899,126.9616169,있음,있음
2024121767,3.89,12.52,호계1동,37.37370625,126.9625012,없음,있음
2024121768,7.91,40.62,호계1동,37.37123328,126.9611938,있음,있음
2024121769,3.99,16.77,호계1동,37.37135884,126.9608523,있음,있음
2024121770,3.99,9.26,호계1동,37.37174473,126.9606584,없음,있음
2024121771,4,11.48,호계1동,37.3720055,126.960232,있음,있음
2024121772,3.31,8.15,호계1동,37.37185787,126.9602446,있음,있음
2024121773,3.98,12.35,호계1동,37.3718364,126.9603835,없음,있음
2024121774,3.82,11.58,호계1동,37.37243537,126.9630906,있음,있음
2024121775,2.67,7.06,호계1동,37.37295271,126.9592508,있음,있음
2024121776,4.01,11.36,호계1동,37.37293626,126.9593801,있음,있음
2024121777,4.06,9.5,호계1동,37.37307795,126.9594078,없음,있음
2024121778,6.94,8.39,신촌동,37.38321893,126.9591808,,
2024121779,6.65,8.49,신촌동,37.38347221,126.9596538,,
2024121780,6.61,8.44,신촌동,37.38010125,126.9586458,,
2024121781,5.54,8.67,신촌동,37.38153393,126.9562921,,
2024121782,11.98,16.73,신촌동,37.38260174,126.9555774,,
2024121783,5.58,7.53,신촌동,37.38285155,126.955574,,
2024121784,6.48,9.3,신촌동,37.38246889,126.9555102,,
2024121785,5.9,8.26,신촌동,37.38039834,126.9566398,,
2024121786,12.29,19.59,신촌동,37.38343467,126.9551137,,
2024121787,6.39,9.07,범계동,37.38436126,126.956834,,
2024121788,8.83,8.91,신촌동,37.38459705,126.9584383,,
2024121789,5.92,8.35,신촌동,37.38374229,126.9588225,,
2024121790,6.25,8.45,신촌동,37.38384632,126.9588415,,
2024121791,15.61,26.98,범계동,37.38366449,126.9551667,,
2024121792,5.57,8.49,신촌동,37.38399949,126.9565314,,
2024121793,20.05,34.83,귀인동,37.38490113,126.9592564,,
2024121794,5.05,6.4,호계2동,37.3825434,126.9504781,,
2024121795,23.77,39.71,호계2동,37.38294247,126.9526069,,
2024121796,25.74,41.99,호계2동,37.38260073,126.9528106,,
2024121797,6.41,7.75,호계2동,37.38314722,126.9522086,,
2024121798,11.35,17.97,범계동,37.38428674,126.954678,,
2024121799,8.11,17.73,호계2동,37.38206598,126.9504511,,
2024121800,8.73,13.58,호계2동,37.3807753,126.951094,,
2024121801,16.65,25.99,범계동,37.38352988,126.9549012,,
2024121802,4.27,7.07,호계2동,37.38035366,126.9537406,,
2024121803,5.51,8.14,호계2동,37.38195375,126.9528673,,
2024121804,18.06,27,신촌동,37.38289352,126.9529814,,
2024121805,15.1,20.76,호계2동,37.38266271,126.9523767,,
2024121806,7.72,21.3,호계2동,37.38199029,126.9506182,,
2024121807,14.61,19.39,평안동,37.39088784,126.9664903,,
2024121808,14.14,18.11,평안동,37.39076111,126.9667451,,
2024121809,6.79,13.49,인덕원동,37.39241929,126.9694725,,
2024121810,7.77,13.58,인덕원동,37.39227565,126.9693086,,
2024121811,14.4,19.11,평안동,37.39349165,126.9651969,,
2024121812,11.84,16.77,평안동,37.39052797,126.9654494,,
2024121813,7.33,11.01,평안동,37.39169672,126.9663543,,
2024121814,8.46,14.07,평안동,37.39254283,126.9658734,,
2024121815,5.23,10.71,인덕원동,37.39472208,126.9691129,,
2024121816,7.15,12.75,인덕원동,37.39482319,126.9689709,,
2024121817,8.24,16.35,인덕원동,37.39347428,126.9691619,,
2024121818,7.94,13.92,인덕원동,37.39252518,126.9692758,,
2024121819,7.32,12.25,인덕원동,37.39157471,126.9693769,,
2024121820,4.37,14.78,인덕원동,37.39080152,126.9695536,,
2024121821,7.67,12.75,인덕원동,37.39062295,126.9694774,,
2024121822,12.45,17.08,평안동,37.39237125,126.9658354,,
2024121823,7.7,10.28,부림동,37.39466827,126.9608072,,
2024121824,7.76,10.02,부림동,37.39433295,126.9609802,,
2024121825,6.76,10.8,부림동,37.39348035,126.9601772,,
2024121826,6.04,9.05,부림동,37.39381789,126.9611729,,
2024121827,5.81,8.66,부림동,37.39390565,126.9612205,,
2024121828,10.61,10.95,부림동,37.39416443,126.962186,,
2024121829,5.98,8.78,부림동,37.39272973,126.960584,,
2024121830,6.5,10.58,부림동,37.39304861,126.9616909,,
2024121831,8.84,10.53,부림동,37.39341925,126.9625852,,
2024121832,15.71,19.53,인덕원동,37.39982312,126.9612121,,
2024121833,14.79,19.41,인덕원동,37.39957168,126.961371,,
2024121834,5.84,8.73,부림동,37.39653728,126.9616304,,
2024121835,12.28,17.79,부림동,37.39666361,126.9616856,,
2024121836,8.53,13,부림동,37.39672934,126.9615403,,
2024121837,9.55,11.92,부림동,37.39572093,126.96232,,
2024121838,4.46,5.43,부림동,37.39589948,126.9636762,,
2024121839,7.71,10.36,부림동,37.39529117,126.9626824,,
2024121840,4.17,6.29,부림동,37.39537745,126.9639396,,
2024121841,9.63,18.68,평안동,37.39542632,126.9641074,,
2024121842,6.89,8.64,평안동,37.39542879,126.9643077,,
2024121843,16.95,29.61,인덕원동,37.39562617,126.9642008,,
2024121844,10.66,24.43,인덕원동,37.39574516,126.9639345,,
2024121845,18.07,28.88,부림동,37.39555611,126.9638539,,
2024121846,5.85,7.95,부림동,37.3967067,126.9621166,,
2024121847,11.82,16.81,부림동,37.39680868,126.9621356,,
2024121848,6.3,7.11,부림동,37.39558847,126.9635099,,
2024121849,12.81,17.26,부림동,37.3969686,126.9631121,,
2024121850,12.85,18.14,부림동,37.39703803,126.9628635,,
2024121851,15.36,19.56,부림동,37.39724421,126.9629331,,
2024121852,14.45,19.23,인덕원동,37.39836494,126.9621893,,
2024121853,4.72,5.06,관양동,37.40514904,126.9590523,,
2024121854,4.66,4.77,관양동,37.40512166,126.9588976,,
2024121855,4.18,4.52,관양동,37.40504601,126.9589556,,
2024121856,7.36,9.7,관양동,37.40597797,126.9587307,,
2024121857,11.09,20.64,관양동,37.40607135,126.9579572,,
2024121858,9.91,17.2,관양동,37.40618724,126.958262,,
2024121859,4.99,6.62,관양동,37.40611276,126.9583235,,
2024121860,6.03,6.29,관양동,37.40563952,126.9593999,,
2024121861,13.94,14.46,관양동,37.40753747,126.9598097,,
2024121862,5.15,7.4,관양동,37.40839583,126.9566614,,
2024121863,4.57,12.78,관양동,37.4083789,126.9563816,,
2024121864,7.12,10.65,비산3동,37.40603523,126.9501783,,
2024121865,4.46,6.65,비산3동,37.40723896,126.9506847,,
2024121866,5.76,10.85,석수1동,37.41846127,126.9323073,,
2024121867,18.06,22.7,안양1동,37.39429181,126.9254794,,
2024121868,7.94,8.02,안양7동,37.3947701,126.9299276,,
2024121869,6.4,6.87,안양1동,37.39461001,126.9258064,,
2024121870,3.89,4.83,안양5동,37.39336556,126.9261582,,
2024121871,5.24,6.25,안양6동,37.39112317,126.9280794,,
2024121873,8.64,10.74,안양6동,37.39052905,126.9281052,,
2024121874,10.11,10.28,안양6동,37.39066856,126.9284399,,
2024121875,4.35,5.65,안양6동,37.39063234,126.9298324,,
2024121876,10.48,11.99,안양6동,37.39167467,126.9276186,,
2024121877,4.67,5.95,안양6동,37.39080667,126.9296819,,
2024121878,6.45,7.08,안양5동,37.39252875,126.9268502,,
2024121879,3.31,3.63,안양5동,37.39436529,126.9259989,,
2024121880,6.99,8.13,안양5동,37.39321292,126.9258767,,
2024121881,12.43,13.43,안양5동,37.3914766,126.9272501,,
2024121882,13.94,24,귀인동,37.38641955,126.9635431,,
2024121883,17.12,25.72,귀인동,37.38634001,126.9638536,,
2024121884,14.27,24.12,평안동,37.38657512,126.9639729,,
2024121885,15.12,24.77,평안동,37.38665053,126.9636586,,
2024121886,8.22,8.64,귀인동,37.38545507,126.9641468,,
2024121887,18.42,30.12,평안동,37.38520669,126.9591138,,
2024121888,5.56,7.64,범계동,37.38718311,126.9560523,,
2024121889,11.98,17.26,범계동,37.38722765,126.9558736,,
2024121890,13.9,18.51,평안동,37.38856655,126.959767,,
2024121891,5.95,8.47,범계동,37.38734506,126.9559137,,
2024121892,6.63,10.05,평안동,37.38832211,126.9593512,,
2024121893,19.29,30.99,평안동,37.38796771,126.9576203,,
2024121894,12.61,18.31,평안동,37.38795663,126.9578774,,
2024121895,19.06,31.44,평안동,37.38773596,126.9577563,,
2024121896,14.89,19.27,범계동,37.38777964,126.9574825,,
2024121897,15.78,23.95,평안동,37.38519995,126.9594619,,
2024121898,7.68,12.45,범계동,37.38608796,126.9538241,,
2024121899,5.22,5.53,범계동,37.38951605,126.95005,,
2024121900,11.69,14.09,범계동,37.38908738,126.9505486,,
2024121901,10.73,14.9,범계동,37.38905583,126.951906,,
2024121902,12.73,18.26,범계동,37.38901317,126.9521087,,
2024121903,11.9,17.27,범계동,37.38915996,126.9521826,,
2024121904,12.01,13.95,범계동,37.38923403,126.9520307,,
2024121905,8.58,9.73,범계동,37.38919009,126.9519053,,
2024121906,5.36,9.19,범계동,37.38912252,126.9519661,,
2024121907,7.32,9.7,범계동,37.38905133,126.9520077,,
2024121908,6.21,9.97,범계동,37.38909108,126.9521159,,
2024121909,7.42,9.71,범계동,37.38916486,126.9520729,,
2024121910,3.51,4.49,범계동,37.38937237,126.9525036,,
2024121911,7.3,10.55,범계동,37.38973987,126.9518961,,
2024121912,7.37,7.83,범계동,37.38958222,126.951696,,
2024121913,7.64,11.12,범계동,37.38961859,126.9532438,,
2024121914,14.2,14.9,범계동,37.38981577,126.9541148,,
2024121915,6.42,7.13,범계동,37.38793755,126.9528313,,
2024121916,13.83,17.8,범계동,37.38780625,126.9527573,,
2024121917,6.82,10.61,범계동,37.38785278,126.9526011,,
2024121918,4.35,6.18,호계2동,37.38604053,126.9506284,,
2024121919,6.09,11.66,범계동,37.38576728,126.9537162,,
2024121920,5.81,6.68,범계동,37.38513121,126.954352,,
2024121921,14.16,15.13,범계동,37.3891165,126.9503324,,
2024121922,12.51,18.33,범계동,37.38652072,126.9534581,,
2024121923,12.55,18.15,범계동,37.38645912,126.9536504,,
2024121924,12.23,17.34,범계동,37.38630303,126.9535777,,
2024121925,13.31,18.25,범계동,37.38539633,126.9540662,,
2024121926,6.97,10.93,평안동,37.39065655,126.9655179,,
2024121927,3.87,4.56,평안동,37.39242346,126.9656694,,
2024121928,8.16,11.18,평안동,37.39088133,126.9668203,,
2024121929,3.79,14.82,평안동,37.3936145,126.9690252,,
2024121930,4.31,11.45,인덕원동,37.39337204,126.9692941,,
2024121931,12.98,18.98,평안동,37.39104016,126.9665811,,
2024121932,7.46,12.51,인덕원동,37.39922924,126.9711256,,
2024121933,5.06,5.41,인덕원동,37.3971319,126.9739444,,
2024121934,4.93,13.89,인덕원동,37.39722334,126.973911,,
2024121935,4.14,9.89,인덕원동,37.39700848,126.9737714,,
2024121936,4.3,9.77,인덕원동,37.39713658,126.9738344,,
2024121937,4.57,12.44,인덕원동,37.39722381,126.9737405,,
2024121938,4.51,4.99,인덕원동,37.39667625,126.9740022,,
2024121939,5.15,6.49,인덕원동,37.39665222,126.9738829,,
2024121940,2.43,7.74,인덕원동,37.39590126,126.9694125,,
2024121941,3.85,7.74,인덕원동,37.39844293,126.9686274,,
2024121942,4.92,9.39,인덕원동,37.39756776,126.9685288,,
2024121943,5.04,19.75,평안동,37.39566324,126.9667106,,
2024121944,7.31,10.27,인덕원동,37.39823633,126.9670022,,
2024121945,14.71,19,부림동,37.39824958,126.9571656,,
2024121946,14.13,23.91,부림동,37.39818286,126.9574415,,
2024121947,12.64,18.32,부림동,37.39837294,126.9575438,,
2024121948,14.15,23.95,부림동,37.39844604,126.9572662,,
2024121949,11.78,17.45,부림동,37.39872079,126.9585325,,
2024121950,12.18,17.68,부림동,37.39895967,126.9592254,,
2024121951,13.17,17.77,부림동,37.39557105,126.9586156,,
2024121952,16.88,25.44,부림동,37.39553866,126.9588762,,
2024121953,13.51,18.04,부림동,37.39571958,126.9589804,,
2024121954,16.76,25.31,부림동,37.3957599,126.9587268,,
2024121955,6.62,10.52,부림동,37.39577303,126.9594049,,
2024121956,15.51,21.76,부림동,37.39680004,126.9581722,,
2024121957,12.11,16.87,부림동,37.39792292,126.9562209,,
2024121958,14.42,18.9,달안동,37.39667751,126.9526173,,
2024121959,19.46,31.28,부림동,37.39663506,126.9529351,,
2024121960,14.25,19.34,부림동,37.39684779,126.9530962,,
2024121961,19.78,30.8,달안동,37.39690179,126.9527881,,
2024121962,20.05,30.83,달안동,37.39975996,126.9512375,,
2024121963,14.82,19.35,달안동,37.39953995,126.9510786,,
2024121964,19.43,31.52,달안동,37.39947535,126.9513931,,
2024121965,13.88,19,부림동,37.39969066,126.9515537,,
2024121966,4.93,7.13,달안동,37.39919629,126.9503937,,
2024121967,6.45,9.77,부림동,37.39993147,126.9527144,,
2024121968,7.28,10.08,달안동,37.39634328,126.9513254,,
2024121969,5.95,8.25,달안동,37.39617269,126.951451,,
2024121970,16.04,27.3,갈산동,37.380605,126.9616276,,
2024121971,7.55,10.42,귀인동,37.38241453,126.9616438,,
2024121972,13.79,21.03,귀인동,37.38465039,126.9647488,,
2024121973,12.02,17.55,신촌동,37.38033483,126.9568051,,
2024121974,6.3,7.08,신촌동,37.38268942,126.9572601,,
2024121975,6.84,9.66,신촌동,37.38326814,126.9590702,,
2024121976,7.12,7.42,신촌동,37.38336424,126.9591017,,
2024121977,8.56,8.68,신촌동,37.38333462,126.9592379,,
2024121978,9.46,11.49,인덕원동,37.39943608,126.9663923,,
2024121979,10.6,13.94,인덕원동,37.39932931,126.9655696,,
2024121980,12.07,16.6,인덕원동,37.39940531,126.9653095,,
2024121981,10.32,13.79,인덕원동,37.39920057,126.9651789,,
2024121982,11.38,15.79,인덕원동,37.39912424,126.9654501,,
2024121983,5.52,8.95,부림동,37.39509827,126.960496,,
2024121984,4.58,7.08,부림동,37.39580628,126.9623682,,
2024121985,6.71,8.66,부림동,37.39569348,126.9624667,,
2024121986,5.41,9.6,인덕원동,37.39871399,126.9634034,,
2024121987,2.91,3.61,인덕원동,37.39809737,126.9638136,,
2024121988,4.11,6.35,인덕원동,37.39807649,126.9636667,,
2024121989,5.01,5.88,부림동,37.39959971,126.9607711,,
2024121990,6.37,7.82,부림동,37.39785999,126.9610915,,
2024121991,6.66,8.77,부림동,37.39754965,126.9610698,,
2024121992,3.13,3.98,부림동,37.39704397,126.9614496,,
2024121993,7.18,9.44,부림동,37.39505441,126.9605984,,
2024121994,8.72,11.46,부림동,37.39543888,126.9615003,,
2024121995,11.84,17.44,부림동,37.39482048,126.9564463,,
2024121996,20.8,33.89,부림동,37.39399218,126.9594592,,
2024121997,17.38,27.96,부림동,37.39388566,126.9597504,,
2024121998,19.92,31.07,부림동,37.39413637,126.959838,,
2024121999,16.66,25.14,부림동,37.39425947,126.9595355,,
2024122000,7.67,12.42,부림동,37.39296728,126.9570384,,
2024122001,7.23,10.04,부림동,37.39332885,126.9580951,,
2024122002,6.48,9.61,부림동,37.39441823,126.9555753,,
2024122003,1.92,6.8,인덕원동,37.39597161,126.9701478,,
2024122004,7.31,10.16,인덕원동,37.39911682,126.9710187,,
2024122005,5.11,9.84,인덕원동,37.39887344,126.9701557,,
2024122006,7.23,14.76,인덕원동,37.39886555,126.9704826,,
2024122007,32.58,38.54,관양동,37.40323104,126.9749448,,
2024122008,9.04,22.02,관양동,37.40244705,126.9549932,,
2024122009,10.57,23.33,비산3동,37.40194466,126.949954,,
2024122010,7.07,7.29,비산1동,37.40044187,126.930008,,
2024122011,13.82,19.04,안양2동,37.40068196,126.9200676,,
2024122012,11.21,12.48,안양2동,37.40392695,126.9199523,,
2024122013,8.01,9.49,박달동,37.40330275,126.8950492,,
2024122014,8.95,10.27,박달동,37.40481148,126.8849439,,
2024122015,13.22,43.65,인덕원동,37.40484256,126.9708746,,
2024122016,9.06,10.24,안양2동,37.40495331,126.921681,,
2024122017,13.48,18.57,박달동,37.40500569,126.8912058,,
2024122018,7.83,8.6,박달동,37.40501923,126.8850751,,
2024122019,16.37,25.66,평안동,37.39198378,126.9607976,,
2024122020,8.44,11.07,부림동,37.39261545,126.9619285,,
2024122021,4.87,6.23,부림동,37.39344105,126.9635794,,
2024122022,8.16,14.76,부림동,37.39477126,126.9566009,,
2024122023,6.64,10.19,부림동,37.39474608,126.9590983,,
2024122024,7.96,12.54,부림동,37.39473751,126.9594518,,
2024122025,6.64,8.2,범계동,37.39104033,126.9557031,,
2024122026,7.72,10.5,부림동,37.39211816,126.957522,,
2024122027,5.76,8.37,부림동,37.39114237,126.9575905,,
2024122028,10.7,13.46,부림동,37.39134095,126.958537,,
2024122029,11.01,11.13,부림동,37.39246475,126.9585658,,
2024122030,5.51,6.31,부림동,37.39209964,126.9587625,,
2024122031,19.19,30.05,부림동,37.39261057,126.9553901,,
2024122032,5.08,6.05,부림동,37.39279623,126.9552791,,
2024122033,5.31,6.02,부림동,37.39241421,126.955518,,
2024122034,19.56,30.47,범계동,37.39234218,126.955256,,
2024122035,4.37,4.74,범계동,37.39226705,126.955027,,
2024122036,6.99,10.74,범계동,37.39180441,126.9553094,,
2024122037,20.61,34.58,범계동,37.39065514,126.9561597,,
2024122038,13.47,19.47,부림동,37.39062739,126.9564341,,
2024122039,19.75,31.69,평안동,37.39045013,126.9562828,,
2024122040,11.47,15.27,범계동,37.39046267,126.9559916,,
2024122041,6.37,10.18,부림동,37.39125242,126.9579862,,
2024122042,7.68,12.29,부림동,37.3916,126.9590446,,
2024122043,19.71,35.76,부림동,37.39324214,126.9572343,,
2024122044,14.28,26.58,부림동,37.39347054,126.9573091,,
2024122045,6.19,7.05,인덕원동,37.39708453,126.9669138,,
2024122046,4.13,6.2,인덕원동,37.39825258,126.9657457,,
2024122047,4.45,7.5,인덕원동,37.39872935,126.9668336,,
2024122048,5.95,8.37,인덕원동,37.39668278,126.9656747,,
2024122049,4.1,6.24,인덕원동,37.39673658,126.9657873,,
2024122050,7.65,14.78,인덕원동,37.39619858,126.9688678,,
2024122051,9.94,31.73,인덕원동,37.39603831,126.9690433,,
2024122052,9.5,30.91,평안동,37.39600077,126.9687215,,
2024122053,8.03,13.86,인덕원동,37.3958233,126.9688712,,
2024122054,10.88,17.06,인덕원동,37.39905275,126.9689924,,
2024122055,7.17,11.31,인덕원동,37.39890865,126.9690974,,
2024122056,9.81,13.08,인덕원동,37.39879332,126.9688928,,
2024122057,10.86,13.83,인덕원동,37.39897005,126.9687165,,
2024122058,7.65,16.36,인덕원동,37.39964815,126.9691206,,
2024122059,8.33,13.7,인덕원동,37.39746027,126.9686986,,
2024122060,4.53,12.52,인덕원동,37.39755432,126.9687862,,
2024122061,6.44,13.26,인덕원동,37.39766174,126.9686717,,
2024122062,11.72,13.15,인덕원동,37.39925134,126.9679476,,
2024122063,9.33,29.18,인덕원동,37.39584768,126.9669568,,
2024122064,6.83,16.94,인덕원동,37.3960366,126.9666505,,
2024122065,8.89,34.55,인덕원동,37.39582368,126.9665133,,
2024122066,3.83,8.88,평안동,37.39562575,126.9663348,,
2024122067,6.25,10.85,인덕원동,37.39649673,126.9651251,,
2024122068,7.54,14.41,인덕원동,37.39707198,126.9666744,,
2024122069,9.11,11.22,인덕원동,37.39728509,126.967321,,
2024122070,26.28,26.45,부림동,37.39968695,126.9612622,,
2024122071,2.21,3.53,부림동,37.39791239,126.9614885,,
2024122072,4.55,7.07,부림동,37.3960758,126.963149,,
2024122073,22.54,29.03,인덕원동,37.39827054,126.9622748,,
2024122074,5.15,6.57,인덕원동,37.39981156,126.9613597,,
2024122075,10.1,13.78,인덕원동,37.39869005,126.9636138,,
2024122076,7.21,11.6,달안동,37.39313755,126.9511944,,
2024122077,3.58,6.07,달안동,37.39327508,126.9516329,,
2024122078,15.12,15.87,달안동,37.39337276,126.9521953,,
2024122079,13.31,19.36,달안동,37.39253713,126.9501967,,
2024122080,5.42,8.71,달안동,37.39377738,126.9531387,,
2024122081,19.38,31.39,달안동,37.39422809,126.9542363,,
2024122082,14.51,19.03,부림동,37.39418753,126.9545166,,
2024122083,20.58,31.28,범계동,37.39102382,126.950815,,
2024122084,17.51,25.93,범계동,37.39092132,126.9510843,,
2024122085,5.92,8.99,달안동,37.39351872,126.9528639,,
2024122086,5.31,8.64,달안동,37.39307894,126.9546231,,
2024122087,3.15,3.76,달안동,37.39262477,126.9548151,,
2024122088,3.84,5.43,달안동,37.39258132,126.9537,,
2024122089,6.52,8.35,부흥동,37.39149481,126.950052,,
2024122090,7.78,10.42,부흥동,37.39166981,126.9505279,,
2024122091,7.19,9.61,달안동,37.39175317,126.9507802,,
2024122092,7.16,9.55,달안동,37.39210119,126.9517933,,
2024122093,7.08,10.09,달안동,37.39207121,126.9519029,,
2024122094,4.99,9.21,달안동,37.39166116,126.9521143,,
2024122095,7.08,10.14,범계동,37.39133823,126.952288,,
2024122096,7.62,10.3,범계동,37.39109976,126.9523337,,
2024122097,5.58,6.15,범계동,37.39049607,126.9515189,,
2024122098,6.87,9.45,범계동,37.39192663,126.9539434,,
2024122099,6.54,8.29,범계동,37.39091806,126.952535,,
2024122100,6.25,7.85,범계동,37.39038649,126.9537966,,
2024122101,6.52,8.63,범계동,37.39015872,126.9548207,,
2024122102,12.41,17.64,달안동,37.39272461,126.9502947,,
2024122103,12.57,18.52,달안동,37.39401342,126.9540775,,
2024122104,17.41,30.57,달안동,37.39398058,126.9543718,,
2024122105,20.58,31.96,달안동,37.39115651,126.951154,,
2024122106,13.32,20.26,달안동,37.39127895,126.950894,,
2024122107,7.29,9.64,범계동,37.39113209,126.9533853,,
2024122108,8.02,11.89,달안동,37.39225336,126.9537819,,
2024122109,4.88,9.59,인덕원동,37.39508417,126.9732914,,
2024122110,2.06,5.02,인덕원동,37.39623356,126.9733266,,
2024122111,8.18,8.69,인덕원동,37.39842047,126.972884,,
2024122112,3.95,4.36,인덕원동,37.39971348,126.9728465,,
2024122113,3.9,10.73,인덕원동,37.39656183,126.9728836,,
2024122114,4.58,8.31,인덕원동,37.39821206,126.9748358,,
2024122115,10.5,30.4,인덕원동,37.39632819,126.9723669,,
2024122116,8.63,11.01,인덕원동,37.39790709,126.9739206,,
2024122117,9.31,14.99,인덕원동,37.39788545,126.9737763,,
2024122118,6.4,9.22,인덕원동,37.39940239,126.9720224,,
2024122119,7.44,7.83,인덕원동,37.39951314,126.9720571,,
2024122120,1.78,7.06,평촌동,37.39634401,126.9748987,,
2024122121,3.65,8.53,인덕원동,37.3950319,126.9733816,,
2024122122,3.57,7.01,인덕원동,37.39642446,126.9715042,,
2024122123,4.56,8.4,인덕원동,37.39935433,126.9716271,,
2024122124,4.47,9.3,인덕원동,37.39605805,126.9709275,,
2024122125,11.13,15.17,부림동,37.398202,126.962094,,
2024122126,14.83,21.12,인덕원동,37.39817674,126.962341,,
2024122127,10.89,14.88,인덕원동,37.39831546,126.9624581,,
2024122128,3.23,10.23,평안동,37.39545228,126.9647901,,
2024122129,7.72,10.49,부림동,37.3961439,126.9635145,,
2024122130,4.72,7.37,인덕원동,37.39759528,126.963912,,
2024122131,6.27,9.64,인덕원동,37.39797103,126.9638919,,
2024122132,5.06,8,인덕원동,37.39819887,126.9635725,,
2024122133,9.21,11.27,인덕원동,37.39652851,126.964538,,
2024122134,10.01,13.43,인덕원동,37.39645156,126.9647374,,
2024122135,12.41,15.19,부림동,37.39639209,126.9609628,,
2024122136,6.38,7.48,부림동,37.39695301,126.9622248,,
2024122137,5.53,7.4,부림동,37.39806392,126.9563166,,
2024122138,6.93,10.86,부림동,37.39768231,126.9552105,,
2024122139,6.45,9.77,부림동,37.39859362,126.9584635,,
2024122140,4.85,6.45,부림동,37.39740109,126.9576824,,
2024122141,14.35,20.78,부림동,37.39937651,126.9567862,,
2024122142,9.34,11.48,인덕원동,37.39743684,126.9674141,,
2024122143,9.34,11.58,인덕원동,37.39736819,126.9676039,,
2024122144,8.74,17.96,인덕원동,37.39684022,126.9665271,,
2024122145,10.5,11.5,인덕원동,37.39695579,126.9662572,,
2024122146,11.15,16.68,인덕원동,37.39715536,126.9664274,,
2024122147,9.29,11.17,인덕원동,37.39971073,126.9662553,,
2024122148,10.57,14.34,인덕원동,37.39961765,126.9664696,,
2024122149,10.53,14.3,인덕원동,37.39952873,126.9661868,,
2024122150,11.99,17.77,인덕원동,37.40124032,126.9603009,,
2024122151,9.35,11.38,인덕원동,37.40075711,126.9648211,,
2024122152,11.23,15.48,인덕원동,37.40087113,126.9646057,,
2024122153,9.11,23.57,관양동,37.40378741,126.9623984,,
2024122154,6.45,11.36,관양동,37.40352054,126.9609293,,
2024122155,17.64,43.06,관양동,37.40369853,126.9605796,,
2024122156,10.17,12.92,박달동,37.40483593,126.9091514,,
2024122157,5.77,5.79,박달동,37.401981,126.9055163,,
2024122158,3.53,9.22,박달동,37.40265724,126.9079838,,
2024122159,6.03,13.21,박달동,37.40256954,126.9077881,,
2024122160,2.99,17.06,박달동,37.40264776,126.9070237,,
2024122161,6.38,13.75,박달동,37.40257005,126.9081076,,
2024122162,2.71,6.13,박달동,37.40265865,126.9091409,,
2024122163,1.42,8.04,박달동,37.40105901,126.9080182,,
2024122164,2.17,10.07,박달동,37.40109463,126.9080901,,
2024122165,12.49,13.54,박달동,37.4011756,126.9082887,,
2024122166,13.23,14.63,박달동,37.40062247,126.909241,,
2024122167,4.5,6.14,박달동,37.40045998,126.9093943,,
2024122168,9.88,10.22,박달동,37.40176882,126.9053842,,
2024122169,5.52,8.66,박달동,37.40471166,126.9090946,,
2024122170,4.96,7.1,박달동,37.40397058,126.9095386,,
2024122171,5.26,7.01,박달동,37.4027471,126.9003848,,
2024122172,8.34,16.95,박달동,37.40029096,126.902084,,
2024122173,2.14,6.34,박달동,37.40173481,126.904316,,
2024122174,8.85,21.37,박달동,37.40217966,126.9031977,,
2024122175,4.4,7.1,박달동,37.40421965,126.9034407,,
2024122176,8.1,9.09,박달동,37.40425553,126.9039001,,
2024122177,4.2,6.16,박달동,37.40403724,126.9036681,,
2024122178,6.88,8.17,박달동,37.40401059,126.9037663,,
2024122179,8.47,10.49,석수2동,37.42030893,126.8916284,,
2024122180,8.18,19.04,석수2동,37.42042779,126.8900708,,
2024122181,5.95,6.56,충훈동,37.4078399,126.9005953,,
2024122182,5.22,8.36,충훈동,37.40774693,126.9004883,,
2024122183,12.63,18.89,충훈동,37.40714672,126.9005406,,
2024122184,8.9,13.86,충훈동,37.4070834,126.9002923,,
2024122185,6.62,12.17,충훈동,37.40715603,126.900272,,
2024122186,5.17,8.98,충훈동,37.40712969,126.9003717,,
2024122187,10.2,11.59,충훈동,37.40735587,126.9003695,,
2024122188,14.03,19.9,충훈동,37.40729266,126.9001281,,
2024122189,4.2,9.67,충훈동,37.40682605,126.9000843,,
2024122190,7.64,17.71,충훈동,37.4072669,126.9003193,,
2024122191,8.95,9.8,충훈동,37.40679923,126.9002631,,
2024122192,6.91,13.15,충훈동,37.40720234,126.900438,,
2024122193,6.17,8.57,충훈동,37.40644515,126.9025745,,
2024122194,8.4,11.31,충훈동,37.40632488,126.9022413,,
2024122195,15.68,19.16,충훈동,37.40625697,126.9025038,,
2024122196,6.41,8.89,충훈동,37.40513431,126.9016085,,
2024122197,4.28,5.68,충훈동,37.40515815,126.9014771,,
2024122198,14.8,19.57,충훈동,37.40575205,126.9028135,,
2024122199,12.08,17.52,충훈동,37.40547095,126.9026655,,
2024122200,6.13,7.09,충훈동,37.40535279,126.9027227,,
2024122201,11.86,15.88,충훈동,37.40540718,126.9029196,,
2024122202,8.75,13.61,안양2동,37.41226324,126.9200894,,
2024122203,7.29,9.36,안양2동,37.41393896,126.916973,,
2024122204,7.19,7.49,관양동,37.40565935,126.9727795,,
2024122205,8.35,9.18,관양동,37.40614638,126.9734613,,
2024122206,7.82,12.45,비산3동,37.40718607,126.9504168,,
2024122207,11.62,21.92,비산3동,37.407087,126.9502261,,
2024122208,12.3,13.33,관양동,37.41160611,126.9713093,,
2024122209,7.61,8.25,관양동,37.41146924,126.9713424,,
2024122210,7.03,7.34,관양동,37.41162067,126.9714732,,
2024122211,10.78,11.07,관양동,37.4114739,126.9714704,,
2024122212,12.96,15.5,관양동,37.41076852,126.9720974,,
2024122213,13.02,15.33,관양동,37.41056461,126.9722609,,
2024122214,4.48,8.83,관양동,37.41308828,126.9722433,,
2024122215,4.35,6.47,관양동,37.41327287,126.9722811,,
2024122216,5.49,6.01,관양동,37.41033211,126.9714553,,
2024122217,6.62,7.26,관양동,37.41059922,126.972061,,
2024122218,6.14,11.34,관양동,37.41185079,126.9697148,,
2024122219,8.5,8.51,관양동,37.41068694,126.9680745,,
2024122220,8.53,8.76,관양동,37.41014255,126.9651843,,
2024122221,9.22,9.93,관양동,37.4103063,126.9652955,,
2024122222,8.36,8.73,관양동,37.41017989,126.9653705,,
2024122223,5.18,6.27,관양동,37.41037935,126.9652666,,
2024122224,9.36,12.12,관양동,37.41180203,126.9698863,,
2024122225,10.35,14.06,인덕원동,37.39851269,126.963506,,
2024122226,10.61,14.28,인덕원동,37.39858796,126.963306,,
2024122227,3.48,4.61,인덕원동,37.39885125,126.9644276,,
2024122228,13.44,18.95,부림동,37.39961983,126.9611317,,
2024122229,5.14,7.65,호계2동,37.38220752,126.9506991,,
2024122230,2.63,10.98,호계2동,37.3815117,126.950858,,
2024122231,6.15,9.81,범계동,37.38409119,126.9549093,,
2024122232,7.15,10.89,범계동,37.38417131,126.9545978,,
2024122233,5.74,8.54,평안동,37.38866223,126.9624186,,
2024122234,15.12,25.15,평안동,37.38951448,126.9621077,,
2024122235,13.27,19.88,평안동,37.38933924,126.9619915,,
2024122236,15.88,26.09,평안동,37.38929017,126.9622619,,
2024122237,14.82,19.99,평안동,37.38946242,126.9623719,,
2024122238,5.66,9.88,평안동,37.38979242,126.9630297,,
2024122239,4.77,5.92,평안동,37.38984913,126.9637958,,
2024122240,4.7,6.4,평안동,37.38957732,126.9629944,,
2024122241,8.04,13.47,평안동,37.38791864,126.9631353,,
2024122242,15.13,21.28,평안동,37.38828282,126.962789,,
2024122243,5.86,8.35,평안동,37.38559703,126.9605087,,
2024122244,8.03,12.29,귀인동,37.38520894,126.9601347,,
2024122245,4.77,6.15,귀인동,37.38586994,126.9621691,,
2024122246,15.17,20.91,귀인동,37.38572145,126.9612993,,
2024122247,5.49,5.5,귀인동,37.38539301,126.9624156,,
2024122248,6.61,8.65,평안동,37.38625086,126.9625712,,
2024122249,2.7,3.44,귀인동,37.3861411,126.9630873,,
2024122250,4.82,6.53,귀인동,37.38669935,126.9648501,,
2024122251,5.14,6.76,귀인동,37.38534796,126.9645376,,
2024122252,2.49,5.05,귀인동,37.38572587,126.9628805,,
2024122253,5.54,9.55,평안동,37.38882092,126.9608162,,
2024122254,4.19,6.49,충훈동,37.40771832,126.9006209,,
2024122255,6.36,6.57,충훈동,37.40761651,126.9005099,,
2024122256,3.17,6.2,충훈동,37.40841757,126.900037,,
2024122257,2.24,3.53,안양2동,37.41359677,126.9169616,,
2024122258,3,4.32,안양2동,37.41384871,126.9170378,,
2024122259,3,4.32,안양2동,37.41387292,126.9168898,,
2024122260,12.49,14.92,안양2동,37.41050462,126.9144831,,
2024122261,10.97,12.87,안양2동,37.41052436,126.9142343,,
2024122262,11.41,16.2,안양2동,37.41070635,126.9143412,,
2024122263,7.07,8.47,석수2동,37.41052175,126.9114826,,
2024122264,19.13,22.97,석수2동,37.4116098,126.9107901,,
2024122265,6.86,12.23,안양2동,37.41191595,126.9138969,,
2024122266,5.81,6.57,석수2동,37.41067719,126.9117673,,
2024122267,18.46,23.25,석수2동,37.41067402,126.9115638,,
2024122268,6.7,6.85,석수2동,37.41158879,126.9110056,,
2024122269,6.19,6.39,석수2동,37.411455,126.9107182,,
2024122270,3.63,4.02,안양2동,37.4127089,126.9133255,,
2024122271,2.79,3.43,석수2동,37.41274862,126.9130703,,
2024122272,7.48,12.85,석수2동,37.41479703,126.9065039,,
2024122273,9.54,22.9,석수2동,37.41337493,126.9061611,,
2024122274,5.13,8.67,석수2동,37.41408458,126.9065048,,
2024122275,5.99,6.56,석수2동,37.41463341,126.908052,,
2024122276,19.49,22.64,석수2동,37.41463518,126.9082727,,
2024122277,18.31,23.39,석수2동,37.41280236,126.9098009,,
2024122278,8.92,15.5,석수2동,37.41284297,126.9094903,,
2024122279,11.78,13.71,석수2동,37.41305765,126.9099022,,
2024122280,9.22,16.22,석수2동,37.4113819,126.9062233,,
2024122281,11.33,29.18,석수2동,37.41114971,126.9061378,,
2024122282,8.58,16.45,석수2동,37.4110197,126.9063289,,
2024122283,9.41,22.72,석수2동,37.41124555,126.9064106,,
2024122284,12.34,14.2,석수2동,37.41205594,126.9079937,,
2024122285,7.45,12.54,석수2동,37.41317541,126.9062558,,
2024122286,16.06,21.82,석수2동,37.41392686,126.9088636,,
2024122287,8.45,13.72,석수2동,37.41352038,126.906306,,
2024122288,5.69,13.8,석수2동,37.41415106,126.9064033,,
2024122289,11.05,13.53,석수2동,37.41177326,126.9074648,,
2024122290,7.46,12.6,석수2동,37.41457549,126.906469,,
2024122291,17.96,22.61,석수2동,37.41303793,126.9096084,,
2024122292,3.76,6.92,석수2동,37.41167822,126.9060523,,
2024122293,5.27,11.94,석수2동,37.41213934,126.9060927,,
2024122294,3.07,8.61,석수2동,37.41332777,126.9048412,,
2024122295,6.16,9.23,석수2동,37.41339554,126.9044772,,
2024122296,4.27,6.56,석수2동,37.41331243,126.9043127,,
2024122297,6.33,8.81,석수2동,37.41154558,126.9049238,,
2024122298,3.81,4.53,석수2동,37.4123913,126.904296,,
2024122299,4.57,6.74,석수2동,37.41131962,126.9043485,,
2024122300,6.88,7.3,석수1동,37.41894423,126.9312773,,
2024122301,7.59,9.75,석수1동,37.41850212,126.9324293,,
2024122302,9.07,16.9,석수2동,37.41893791,126.8893821,,
2024122303,6.8,11.71,석수2동,37.41984512,126.889888,,
2024122304,5.33,5.53,인덕원동,37.40225603,126.9707315,,
2024122305,10.92,12.13,인덕원동,37.40160996,126.9702498,,
2024122306,7.3,7.53,인덕원동,37.40152688,126.9704933,,
2024122307,6.08,15.37,인덕원동,37.40279101,126.9719676,,
2024122308,5.35,6.85,인덕원동,37.40122912,126.9702303,,
2024122309,2.46,6.17,인덕원동,37.40372753,126.9709913,,
2024122310,3.52,4.28,인덕원동,37.40235098,126.9704227,,
2024122311,3.04,4.41,인덕원동,37.40241058,126.9704281,,
2024122312,2.51,14.9,인덕원동,37.40300471,126.970958,,
2024122313,5.82,9.96,인덕원동,37.40255775,126.9708856,,
2024122314,5.2,12.83,인덕원동,37.40246135,126.9708102,,
2024122315,3.29,6.2,인덕원동,37.40141475,126.9704504,,
2024122316,12.06,16.14,인덕원동,37.40153089,126.9702883,,
2024122317,15.63,16.34,인덕원동,37.40178857,126.97151,,
2024122318,7.61,8.9,인덕원동,37.40160668,126.9704258,,
2024122319,2.74,4.96,인덕원동,37.40223149,126.9706018,,
2024122320,4.86,6.7,인덕원동,37.40072754,126.9714348,,
2024122321,9.96,23.53,인덕원동,37.40076934,126.9723367,,
2024122322,9.67,18.8,인덕원동,37.40301741,126.9734586,,
2024122323,12.11,14.42,인덕원동,37.40402595,126.9730758,,
2024122324,10.02,12.34,인덕원동,37.40298338,126.9748557,,
2024122325,5.43,6.76,인덕원동,37.40319562,126.9744865,,
2024122326,4.84,13.84,인덕원동,37.40464916,126.9710854,,
2024122327,4.54,16.24,관양동,37.40485607,126.9660408,,
2024122328,14.39,43.51,관양동,37.40459542,126.965898,,
2024122329,6.04,17.83,인덕원동,37.40437389,126.966096,,
2024122330,6.58,7.4,인덕원동,37.40287881,126.9662237,,
2024122331,6.15,7.82,인덕원동,37.40293987,126.966442,,
2024122332,4.02,15.22,관양동,37.40495229,126.9677146,,
2024122333,5.05,18.35,인덕원동,37.40455903,126.9693557,,
2024122334,4.05,13.73,인덕원동,37.40446598,126.9677496,,
2024122335,4.01,5.45,인덕원동,37.40225905,126.9665067,,
2024122336,7.74,11.13,인덕원동,37.40216388,126.9664226,,
2024122337,6.65,10.97,인덕원동,37.40222251,126.9666368,,
2024122338,4.8,8.22,인덕원동,37.40105907,126.9655516,,
2024122339,8.86,10.54,인덕원동,37.40096055,126.9654639,,
2024122340,5.05,9.27,인덕원동,37.40102079,126.9656657,,
2024122341,9.25,11.34,인덕원동,37.40089117,126.9656456,,
2024122342,6.47,11.87,인덕원동,37.40058647,126.9657302,,
2024122343,4.87,7.36,인덕원동,37.40233577,126.9682058,,
2024122344,11.14,24.26,인덕원동,37.40218471,126.9686535,,
2024122345,7.35,10.48,인덕원동,37.40219494,126.9688722,,
2024122346,10.48,15.47,인덕원동,37.40195388,126.9693244,,
2024122347,11.55,14.26,인덕원동,37.400572,126.9696114,,
2024122348,6.19,11.12,인덕원동,37.40037132,126.9696447,,
2024122349,5.9,12.72,관양동,37.40437665,126.9628564,,
2024122350,9.76,9.96,안양4동,37.39624766,126.9156885,,
2024122351,11.71,12.18,안양4동,37.39643594,126.9157878,,
2024122352,7.2,7.42,안양4동,37.3965752,126.9160759,,
2024122353,11.33,11.74,안양4동,37.39704898,126.9164959,,
2024122354,8.08,8.83,안양4동,37.39707599,126.9163436,,
2024122355,4.16,9.69,안양4동,37.39698442,126.9164785,,
2024122356,3.52,9.77,안양4동,37.39703979,126.916412,,
2024122357,3.62,6,안양4동,37.39699532,126.9163593,,
2024122358,6.96,7.9,안양4동,37.39600608,126.9171453,,
2024122359,5.76,7.43,안양4동,37.39724546,126.9161251,,
2024122360,9.04,9.58,안양4동,37.3951802,126.9179369,,
2024122361,9.09,9.21,안양4동,37.39596324,126.9172818,,
2024122362,8.51,8.67,안양4동,37.39625075,126.9170408,,
2024122363,7.24,9.52,안양4동,37.39526619,126.9185429,,
2024122364,9.78,11.1,안양4동,37.39516471,126.9181944,,
2024122365,3.78,12.43,안양4동,37.39692242,126.9164044,,
2024122366,8.63,9.43,안양4동,37.39690666,126.9165001,,
2024122367,4.32,5.13,안양4동,37.3973281,126.9162143,,
2024122368,11.78,12.33,안양4동,37.39688037,126.9163035,,
2024122369,6.62,8.82,안양4동,37.39539314,126.9184571,,
2024122370,9.13,11.1,안양3동,37.39514371,126.9153195,,
2024122371,8.72,10.11,안양4동,37.39584198,126.919297,,
2024122372,7.33,8.69,안양4동,37.39571985,126.9193905,,
2024122373,11.36,11.55,안양4동,37.39783935,126.9174353,,
2024122374,9.01,10.27,안양4동,37.39573499,126.919266,,
2024122375,9.23,9.88,인덕원동,37.40016474,126.9784542,,
2024122376,10.01,10.48,인덕원동,37.40332488,126.9742891,,
2024122377,10.49,17.93,인덕원동,37.40273899,126.9721621,,
2024122378,2.11,8.06,인덕원동,37.40344001,126.9710067,,
2024122379,9.73,12.9,관양동,37.40670244,126.969597,,
2024122380,6.79,7.32,관양동,37.40623542,126.9692802,,
2024122381,14.07,18.12,부림동,37.40093279,126.9555429,,
2024122382,12.74,25.59,부림동,37.40132132,126.9566132,,
2024122383,14.25,23.86,부림동,37.40155021,126.9568534,,
2024122384,5.11,8.39,관양동,37.40224283,126.9594466,,
2024122385,4.94,13.46,관양동,37.40229042,126.9596153,,
2024122386,7.27,8.85,관양동,37.4022064,126.95976,,
2024122387,9.19,16.19,부림동,37.40149962,126.9570467,,
2024122388,25.12,31.3,부림동,37.40125705,126.9567944,,
2024122389,4.26,11.27,부림동,37.40151276,126.9576506,,
2024122390,4.18,11.28,부림동,37.40135872,126.9597057,,
2024122391,5.08,7.9,관양동,37.40312943,126.9560756,,
2024122392,12.07,19.91,관양동,37.40261557,126.9552377,,
2024122393,12.07,21.33,관양동,37.40282547,126.9551804,,
2024122394,15.13,43.29,관양동,37.40313381,126.9574657,,
2024122395,8.65,16.49,관양동,37.4033952,126.9571359,,
2024122396,8.64,13.65,관양동,37.40382122,126.9572386,,
2024122397,6.4,13.43,관양동,37.40376267,126.9571196,,
2024122398,5.25,12.02,관양동,37.40371067,126.9573215,,
2024122399,4.91,10.81,관양동,37.40431625,126.9572774,,
2024122400,9.15,13.27,관양동,37.40439921,126.9573959,,
2024122401,7.5,16.83,관양동,37.40261614,126.9559271,,
2024122402,11.2,27.73,관양동,37.40277711,126.9569613,,
2024122403,7.47,15.86,관양동,37.40304104,126.958277,,
2024122404,8.09,19.81,관양동,37.40312657,126.9587466,,
2024122405,7.4,15.04,관양동,37.40329585,126.9597064,,
2024122406,5.12,12.62,관양동,37.40227931,126.9567716,,
2024122407,3.56,11.93,관양동,37.40238871,126.9570914,,
2024122408,6.89,18.16,관양동,37.40350378,126.9581146,,
2024122409,5.48,5.63,비산3동,37.40201631,126.9501968,,
2024122410,16.62,33.04,비산3동,37.40180636,126.950256,,
2024122411,6.65,14.45,비산3동,37.40215002,126.9507044,,
2024122412,7.32,15.66,비산3동,37.40241248,126.9521234,,
2024122413,8.67,25,비산3동,37.4015929,126.9501492,,
2024122414,5.68,5.7,비산3동,37.40160812,126.9503732,,
2024122415,8.51,20.52,비산3동,37.40167481,126.9508341,,
2024122416,6.55,7.29,비산3동,37.40110229,126.9502118,,
2024122417,6.1,8.55,비산3동,37.40109178,126.9506789,,
2024122418,4.62,8.06,비산3동,37.40116301,126.9523477,,
2024122419,5.31,7.52,비산3동,37.4015402,126.952455,,
2024122420,5.39,6.52,비산3동,37.40160191,126.9523716,,
2024122421,7.23,13.15,비산3동,37.40192852,126.9522396,,
2024122422,8.15,10.63,관양동,37.40218613,126.9536377,,
2024122423,11.31,17.13,부림동,37.40040367,126.9538827,,
2024122424,7.75,14.12,부림동,37.40038212,126.9541507,,
2024122425,6.67,10.84,부림동,37.40054958,126.954705,,
2024122426,6.65,17.36,비산3동,37.4026576,126.9534898,,
2024122427,4.45,10.76,관양동,37.40280856,126.954316,,
2024122428,7.31,19.28,관양동,37.40291043,126.9548764,,
2024122429,5.53,7.37,관양동,37.40168462,126.954947,,
2024122430,16.11,41.04,관양동,37.40766836,126.9794197,,
2024122431,11.18,17.87,관양동,37.40743903,126.9796817,,
2024122432,15.94,40.56,관양동,37.40733284,126.9793343,,
2024122433,8.89,11.38,관양동,37.40794439,126.9758475,,
2024122434,14.28,15.86,관양동,37.40810504,126.9757384,,
2024122435,3.95,4.65,관양동,37.40687985,126.9722625,,
2024122436,5,5.27,관양동,37.40563841,126.9700738,,
2024122437,4.33,5.15,관양동,37.40689182,126.9717714,,
2024122438,9.8,14.22,관양동,37.4065443,126.9724624,,
2024122439,5.76,6.42,관양동,37.40777059,126.9731246,,
2024122440,7.42,9.09,관양동,37.40761518,126.9732084,,
2024122441,5.97,6.29,관양동,37.40733266,126.9726346,,
2024122442,6.99,7.16,관양동,37.40879335,126.9729498,,
2024122443,7.61,9.41,관양동,37.40780332,126.9733291,,
2024122444,3.53,5.42,관양동,37.40632077,126.9702571,,
2024122445,9.02,10.59,관양동,37.4058796,126.9730939,,
2024122446,3.12,6.91,관양동,37.40554749,126.9723826,,
2024122447,2.69,11.41,관양동,37.40563368,126.9723364,,
2024122448,3.15,17.37,관양동,37.40674628,126.9713476,,
2024122449,2.84,11.8,관양동,37.40661097,126.9714185,,
2024122450,10.81,11.02,안양4동,37.397979,126.9175979,,
2024122451,8.41,8.7,안양4동,37.39786019,126.9175869,,
2024122452,6.32,9.61,안양3동,37.39794921,126.9156543,,
2024122453,5.76,10.1,안양3동,37.39783327,126.9157348,,
2024122454,17.15,18.49,안양3동,37.3988787,126.9164926,,
2024122455,12.12,12.92,안양4동,37.39854891,126.9182711,,
2024122456,5.8,6.86,안양4동,37.39855179,126.9184455,,
2024122457,6.02,8.33,안양3동,37.39911547,126.9178948,,
2024122458,5.46,6.01,안양3동,37.39907338,126.9181041,,
2024122459,8.98,9.43,안양3동,37.39893621,126.9166648,,
2024122460,6.96,8.56,안양3동,37.39937355,126.9177668,,
2024122461,9.01,12.08,안양3동,37.39949038,126.9177162,,
2024122462,6.83,7.93,안양3동,37.39938203,126.917644,,
2024122463,6.62,9.51,안양4동,37.39873017,126.9183053,,
2024122464,14.89,15.85,안양4동,37.39868203,126.9184723,,
2024122465,13.68,17.14,안양4동,37.39859453,126.9184077,,
2024122466,9.4,9.85,안양4동,37.39923891,126.9192419,,
2024122467,9.45,10,안양4동,37.39914635,126.9192421,,
2024122468,7.88,8.65,안양3동,37.39949262,126.917893,,
2024122469,4.22,6.75,안양3동,37.39689148,126.9134762,,
2024122470,4.14,4.19,안양3동,37.39984783,126.912748,,
2024122471,4.74,8.18,안양3동,37.39973222,126.9129371,,
2024122472,4.22,5.84,안양3동,37.39980724,126.9130203,,
2024122473,5.4,6.37,안양3동,37.39711273,126.9136107,,
2024122474,6.28,9.78,안양3동,37.39626283,126.9145418,,
2024122475,7.14,8.98,안양3동,37.39821312,126.9131376,,
2024122476,9.2,11.27,안양3동,37.39613859,126.9145109,,
2024122477,4.53,7.03,안양3동,37.39694287,126.9137477,,
2024122478,16.58,16.74,안양3동,37.39583564,126.9147912,,
2024122479,7,8.58,안양3동,37.39693577,126.9139638,,
2024122480,9.46,10.88,안양3동,37.3968539,126.9139288,,
2024122481,12.45,15.84,안양3동,37.39564694,126.9146981,,
2024122482,5.32,6.27,안양3동,37.39770803,126.9131976,,
2024122483,10.43,11.61,안양3동,37.39559964,126.9149324,,
2024122484,4.02,5.65,안양3동,37.3968532,126.9135297,,
2024122485,9.92,12.99,병목안동,37.39509181,126.9130547,,
2024122486,5.14,12.45,안양3동,37.39657739,126.9121159,,
2024122487,4.23,6.33,안양3동,37.3966543,126.9121974,,
2024122488,4.59,10.37,안양3동,37.39646618,126.9120476,,
2024122489,5.09,5.89,안양3동,37.39989133,126.9115332,,
2024122490,5.32,6.01,안양3동,37.39993428,126.9113505,,
2024122491,7.21,12.13,안양3동,37.39622049,126.9101766,,
2024122492,4.25,5.31,인덕원동,37.40262245,126.9772842,,
2024122493,5.52,6.4,인덕원동,37.40267377,126.975393,,
2024122494,6.31,7.33,인덕원동,37.40031717,126.9787543,,
2024122495,5.66,6.64,인덕원동,37.40018338,126.9788795,,
2024122496,4.42,6.92,인덕원동,37.4001678,126.9764566,,
2024122497,21.25,23.79,인덕원동,37.4001628,126.9786769,,
2024122498,21.77,25.52,인덕원동,37.40123673,126.9776708,,
2024122499,4.09,6.87,인덕원동,37.40131349,126.9763416,,
2024122500,10.49,12.94,관양동,37.41172057,126.9696278,,
2024122501,3.3,6.17,관양동,37.41138571,126.9691384,,
2024122502,12.51,12.82,관양동,37.4114644,126.9691795,,
2024122503,15.84,16.6,안양1동,37.39853718,126.9249032,,
2024122504,13.68,28.02,안양1동,37.39863878,126.9247537,,
2024122505,5.43,10.74,안양1동,37.39872085,126.9247389,,
2024122506,9.99,10.92,안양4동,37.39621831,126.9201755,,
2024122507,5.97,8.05,안양4동,37.39634121,126.9202659,,
2024122508,11.22,14.63,안양4동,37.39623317,126.9203701,,
2024122509,8.54,10.15,안양4동,37.39704051,126.9217263,,
2024122510,4.5,5.19,안양4동,37.39711319,126.9220577,,
2024122511,20.21,27.67,안양4동,37.3973203,126.9226444,,
2024122512,6.22,7.37,안양1동,37.39670022,126.9233629,,
2024122513,12.55,17.15,안양4동,37.39732942,126.922323,,
2024122514,8.15,9.32,안양1동,37.39585333,126.9240758,,
2024122515,4.72,7.82,안양1동,37.39859083,126.9247199,,
2024122516,12.81,13.89,안양4동,37.39991746,126.9201638,,
2024122517,12.5,18.19,안양1동,37.39758646,126.9227402,,
2024122518,7.87,10.3,안양4동,37.39672636,126.9212904,,
2024122519,4.82,5.73,안양1동,37.39995952,126.9246633,,
2024122520,3.53,3.91,안양1동,37.39904109,126.9245255,,
2024122521,12.5,14.47,안양1동,37.39838246,126.9242529,,
2024122522,12.84,14.73,안양1동,37.39877145,126.9246693,,
2024122523,10.92,14.22,안양4동,37.39509952,126.9154431,,
2024122524,10.64,11.65,안양4동,37.39595501,126.9153468,,
2024122525,4.75,5.7,박달동,37.41396478,126.886778,,
2024122526,4.67,4.78,박달동,37.41324411,126.8864908,,
2024122527,4.81,5.15,박달동,37.41257394,126.8876096,,
2024122528,10.54,13.89,박달동,37.41368564,126.8808464,,
2024122529,4.42,6.81,박달동,37.41196018,126.8833559,,
2024122530,5.04,6.61,박달동,37.41204958,126.8833469,,
2024122531,5.81,7.37,박달동,37.41329044,126.8817546,,
2024122532,5.48,6.96,박달동,37.41326926,126.8816567,,
2024122533,5.04,6.9,박달동,37.41320656,126.8818202,,
2024122534,6.05,6.57,박달동,37.41266106,126.8800411,,
2024122535,6.67,7.22,박달동,37.41132952,126.8818298,,
2024122536,18.83,23.5,박달동,37.4112049,126.8817305,,
2024122537,10.55,13.65,박달동,37.41347124,126.8807763,,
2024122538,6.93,8.25,박달동,37.41446124,126.8814248,,
2024122539,21.18,32.51,박달동,37.41484689,126.8818011,,
2024122540,8.25,34.75,박달동,37.41387949,126.884585,,
2024122541,16.41,22.16,박달동,37.41363146,126.8847568,,
2024122542,10.1,13.45,박달동,37.41472893,126.8814571,,
2024122543,7.16,7.82,박달동,37.41413504,126.8844909,,
2024122544,17.14,24.97,박달동,37.41405471,126.8847853,,
2024122545,5.55,6.78,박달동,37.41435067,126.8817531,,
2024122546,6.82,7.43,박달동,37.4106186,126.8846926,,
2024122547,11.78,15.33,석수2동,37.41677723,126.8952946,,
2024122548,16.97,19.37,석수2동,37.41769012,126.8959777,,
2024122549,10.49,11.19,석수2동,37.41768202,126.8962606,,
2024122550,10.7,11.93,석수2동,37.41809036,126.896231,,
2024122551,10.22,12.2,석수2동,37.41645285,126.897585,,
2024122552,12.11,14.67,석수2동,37.41799362,126.890961,,
2024122553,6.35,7.39,박달동,37.41745712,126.8919996,,
2024122554,5.59,6.8,충훈동,37.40739181,126.8975882,,
2024122555,5.25,6.88,충훈동,37.40719658,126.8961845,,
2024122556,6.27,7.73,충훈동,37.40630204,126.8999403,,
2024122557,4.75,7.24,충훈동,37.40727527,126.8991007,,
2024122558,7.09,8.11,충훈동,37.4050365,126.8959736,,
2024122559,4.73,7.19,충훈동,37.40680339,126.8989136,,
2024122560,9.58,14.08,박달동,37.40559702,126.8901807,,
2024122561,11.21,11.59,충훈동,37.40936538,126.8933995,,
2024122562,10.81,10.84,충훈동,37.40984316,126.8927848,,
2024122563,7.47,8.15,충훈동,37.40807173,126.8948724,,
2024122564,12.94,18.88,박달동,37.40517498,126.8910999,,
2024122565,6.39,7.18,충훈동,37.40817385,126.8948578,,
2024122566,5.74,5.78,충훈동,37.40886777,126.8940472,,
2024122567,5.94,6.17,충훈동,37.40913901,126.8936937,,
2024122568,7.5,7.67,충훈동,37.40907831,126.8936837,,
2024122569,10.49,13.92,박달동,37.40687611,126.8919701,,
2024122570,8.44,8.54,박달동,37.40931635,126.8861853,,
2024122571,8.61,8.67,박달동,37.4088861,126.8854044,,
2024122572,7.53,8.04,박달동,37.40798771,126.8855155,,
2024122573,17.52,18.11,박달동,37.40531195,126.8871665,,
2024122574,2.94,8.57,관양동,37.39621666,126.9729429,있음,있음
2024122575,2.96,6.73,관양동,37.39490646,126.9720496,있음,있음
2024122576,2.97,6.79,관양동,37.39346915,126.9720793,있음,있음
2025200001,3.02,5.93,평촌동,37.3949648,126.975358,있음,있음
2025200002,1.48,14.77,평촌동,37.39508522,126.9738877,있음,있음
2025085001,1.97,4.45,안양1동,37.389999,126.9254801,있음,없음
2025085010,6,13.63,안양1동,37.3904547,126.9253042,있음,있음
2025085011,5.93,11.08,안양1동,37.39035668,126.9250655,있음,있음
2025085012,5.94,13.11,안양1동,37.39034431,126.9252755,있음,있음
2025085013,3.89,9.23,안양1동,37.38942836,126.9240617,있음,있음
2025085014,3.94,4.84,안양1동,37.38998856,126.924132,있음,있음
2025085015,59.17,12.44,안양1동,37.38896641,126.9245839,있음,있음
2025085016,3.98,9.21,안양1동,37.38896935,126.9247529,있음,있음
2025085017,4.04,4.98,안양1동,37.38988473,126.92099,있음,있음
2025085018,2.46,6.77,안양1동,37.38993878,126.9210968,있음,있음
2025085019,2.42,6.75,안양1동,37.38996596,126.9213116,있음,있음
2025085002,6.05,12.02,안양1동,37.38963959,126.92555,있음,있음
2025085020,4.11,6.75,안양1동,37.38996373,126.9215991,있음,있음
2025085021,1.98,5.82,안양1동,37.38974806,126.9188545,있음,있음
2025085022,1.96,4.02,안양1동,37.38976094,126.9193342,있음,있음
2025085023,2.96,5.82,안양1동,37.39213835,126.9238653,있음,있음
2025085024,2.45,10.22,안양1동,37.39016457,126.9234516,있음,있음
2025085025,5.87,8.68,안양1동,37.39008527,126.9242767,있음,있음
2025085026,3.94,8.16,안양1동,37.39013437,126.9240108,있음,있음
2025085027,4.09,9.19,안양1동,37.39016544,126.9241116,있음,있음
2024122577,4.27,5.98,관양동,37.4063999,126.9730017,,
2024122578,6.89,8.29,관양동,37.40712026,126.9703633,,
2024122579,4.27,6.42,관양동,37.40723872,126.9717017,,
2024122580,6.2,6.99,관양동,37.40752999,126.9726921,,
2024122581,8.72,21.56,박달동,37.40194759,126.9012704,,
2024122582,8.65,10.03,박달동,37.40048219,126.902903,,
2024122583,8.44,9.65,박달동,37.4007267,126.9036627,,
2024122584,19.08,24.96,안양2동,37.40859319,126.9135256,,
2024122585,14.87,19.73,안양2동,37.40846103,126.9131819,,
2024122586,6.29,6.6,안양2동,37.40772927,126.9138032,,
2024122587,7.22,8.18,안양2동,37.40788235,126.9140877,,
2024122588,16.48,22.25,안양2동,37.40684439,126.9147379,,
2024122589,17.72,22.49,안양2동,37.40701295,126.9145988,,
2024122590,11.06,16.62,박달동,37.4070538,126.9076648,,
2024122591,10.85,14.11,박달동,37.40693838,126.9078651,,
2024122592,11.34,20.04,박달동,37.40758364,126.9097409,,
2024122593,10.85,13.31,박달동,37.40642218,126.9081607,,
2024122594,10.15,11.71,박달동,37.40560413,126.908666,,
2024122595,6.65,9.26,석수2동,37.40851229,126.9082263,,
2024122596,6.1,7.04,박달동,37.40599826,126.9083066,,
2024122597,6.38,9.64,박달동,37.40563769,126.9085351,,
2024122598,5.15,6.68,박달동,37.40571192,126.908695,,
2024122599,12.27,18.11,박달동,37.40711507,126.9079331,,
2024122600,8.67,11.07,석수2동,37.408268,126.9072726,,
2024122601,6.48,6.92,충훈동,37.40831828,126.9068705,,
2024122602,8.49,14.34,석수2동,37.40834324,126.9070621,,
2024122603,11.35,17.26,충훈동,37.40820197,126.9069672,,
2024122604,14.08,17.82,충훈동,37.40648502,126.9022839,,
2024122605,16.26,19.06,충훈동,37.40561752,126.9030633,,
2024122606,12.08,16.87,석수2동,37.41901949,126.8895619,,
2024122607,11.77,17.14,박달동,37.41589155,126.8865785,,
2024122608,12.4,16.75,석수2동,37.41816506,126.8892839,,
2024122609,13.45,16.86,석수2동,37.41836054,126.8891974,,
2024122610,10.86,13.83,박달동,37.41647992,126.8880762,,
2024122611,15.67,22.24,박달동,37.41633258,126.8860982,,
2024122612,16.3,21.68,박달동,37.41692209,126.8864182,,
2024122613,11.74,15.82,박달동,37.41746543,126.8886601,,
2024122614,5.19,6.82,석수2동,37.41981983,126.886797,,
2024122615,13.14,16.1,석수2동,37.41827892,126.8889604,,
2024122616,7.6,9.26,박달동,37.41768838,126.8889272,,
2024122617,9.43,14.51,석수2동,37.41985349,126.8864274,,
2024122618,8.91,13.65,박달동,37.41572583,126.8867319,,
2024122619,5.07,5.75,석수2동,37.42807467,126.8986853,,
2024122620,7.15,8.55,박달동,37.40330142,126.8956618,,
2024122621,6.03,7.66,박달동,37.40327672,126.8957394,,
2024122622,8.66,18.73,박달동,37.40170302,126.8992677,,
2024122623,6.1,6.97,박달동,37.41413765,126.8821534,,
2024122624,6.67,6.99,박달동,37.41053603,126.8845465,,
2024122625,6.55,7.1,박달동,37.41051238,126.8846757,,
2024122626,6.65,7.08,박달동,37.41040459,126.8843028,,
2024122627,14.13,16.9,박달동,37.41493781,126.8813459,,
2024122628,6.09,7.49,박달동,37.41431823,126.8816437,,
2024122629,6.73,7.18,박달동,37.41008862,126.8838072,,
2024122630,6.51,7.03,박달동,37.41006666,126.8839495,,
2024122631,6.97,7.01,박달동,37.41018638,126.8839415,,
2024122632,7.02,7.74,박달동,37.41032237,126.8841591,,
2024122633,6.57,7.09,박달동,37.4102976,126.8842837,,
2024122634,5.28,9.13,박달동,37.41354194,126.8807683,,
2024122635,6.58,10.2,박달동,37.41361277,126.880802,,
2024122636,9.38,15.09,박달동,37.41361204,126.8807225,,
2024122637,6.25,6.85,박달동,37.41349692,126.8811957,,
2024122638,6.04,6.93,박달동,37.41340714,126.8812358,,
2024122639,6.17,6.89,박달동,37.4114608,126.8821124,,
2024122640,6.32,6.55,박달동,37.41150974,126.8819059,,
2024122641,6.49,6.65,박달동,37.41191093,126.8817561,,
2024122642,6.12,7.73,박달동,37.4135146,126.8809327,,
2024122643,4.96,7.36,박달동,37.41357467,126.8808818,,
2024122644,5.63,7.96,박달동,37.41351559,126.8808547,,
2024122645,3.53,6.03,박달동,37.41206809,126.8806764,,
2024122646,4.97,5.46,박달동,37.41217218,126.8805862,,
2024122647,16.61,20.93,석수2동,37.41800177,126.895961,,
2024122648,3.71,8.72,충훈동,37.40565279,126.8982549,,
2024122649,3.61,7.31,충훈동,37.40570425,126.898204,,
2024122650,5.43,6.96,충훈동,37.40747779,126.8974133,,
2024122651,3.58,6.49,충훈동,37.40757065,126.8980417,,
2024122652,6.31,8.72,충훈동,37.40806519,126.8985759,,
2024122653,3.58,7.02,충훈동,37.40898151,126.8973839,,
2024122654,2.52,6.55,충훈동,37.40823914,126.8972434,,
2024122655,4.64,8.77,충훈동,37.40835027,126.8973104,,
2024122656,2.89,8.14,안양3동,37.40258353,126.914825,,
2024122657,2.7,7.35,안양2동,37.40273504,126.9146171,,
2024122658,6.35,13.79,안양2동,37.40265111,126.9143915,,
2024122659,2.38,5.02,안양3동,37.4025659,126.9142914,,
2024122660,2.32,5.16,안양3동,37.40256043,126.9140421,,
2024122661,3.09,5.41,박달동,37.40195424,126.9128703,,
2024122662,2.38,6.22,박달동,37.40267494,126.9110226,,
2024122663,7.73,11.3,박달동,37.40247733,126.9105567,,
2024122664,6.5,13.17,박달동,37.40259282,126.9106887,,
2024122665,8.65,17.58,박달동,37.40270964,126.910372,,
2024122666,6.37,13.82,박달동,37.40258199,126.9101864,,
2024122667,5.29,14.85,박달동,37.4024443,126.9079244,,
2024122668,10.69,13.16,박달동,37.40391322,126.9096766,,
2024122669,6.3,7.82,박달동,37.40477422,126.9092656,,
2024122670,8.1,18.57,박달동,37.40240954,126.9052259,,
2024122671,3.05,5.82,박달동,37.40257897,126.9057998,,
2024122672,10.11,11.86,박달동,37.40171089,126.9052358,,
2024122673,14.27,16.28,박달동,37.40440276,126.8860651,,
2024122674,12.09,14.86,박달동,37.4049263,126.8849101,,
2024122675,10.89,16.83,박달동,37.40176906,126.8760095,,
2024122676,4.58,7.63,충훈동,37.40797814,126.8986203,,
2024122677,7.9,15.21,충훈동,37.40773232,126.8985188,,
2024122678,5.67,10.56,충훈동,37.40705287,126.8955495,,
2024122679,10.72,13.81,충훈동,37.40757147,126.8977157,,
2024122680,3.27,9.39,충훈동,37.40866616,126.8974158,,
2024122681,6.5,8.94,충훈동,37.40859395,126.8973354,,
2024122682,9.68,15.66,충훈동,37.40772689,126.8983374,,
2024122683,3.56,7.8,충훈동,37.40627564,126.8956977,,
2024122684,5.31,10.56,충훈동,37.40621042,126.8956303,,
2024122685,10.75,13.03,충훈동,37.40759462,126.8990424,,
2024122686,5.15,11.3,충훈동,37.40783459,126.8984868,,
2024122687,5.48,5.81,충훈동,37.40748741,126.8991341,,
2024122688,5.02,7.44,충훈동,37.40682078,126.8988299,,
2024122689,5.75,10.13,충훈동,37.40716337,126.8989697,,
2024122690,5.74,8.59,충훈동,37.4081398,126.8973375,,
2024122691,3.22,4.54,충훈동,37.40685321,126.8988838,,
2024122692,3.33,15.08,충훈동,37.40905829,126.8973159,,
2024122693,4.63,7.29,충훈동,37.40694516,126.8954951,,
2024122694,5.97,9.73,충훈동,37.4051424,126.8959738,,
2024122695,4.61,7.19,충훈동,37.40909149,126.8973944,,
2024122696,6.92,9.5,충훈동,37.40765853,126.8975096,,
2024122697,5.95,9.17,충훈동,37.40866666,126.898845,,
2024122698,2.94,8.63,충훈동,37.40878589,126.8987764,,
2024122699,5.17,8.13,박달동,37.41402433,126.8865914,,
2024122700,12.1,14.97,박달동,37.4133802,126.8863238,,
2024122701,12.49,14.28,박달동,37.41410357,126.8867453,,
